stop_id,stop_name,stop_lat,stop_lon,location_type,parent_station

DAHISAR_EAST_L7,Dahisar East,19.25113,72.86681,0,NULL
OVARIPADA_L7,Ovaripada,19.24340,72.86420,0,NULL
NATIONAL_PARK_L7,National Park,19.23477,72.86317,0,NULL
DEVIPADA_L7,Devipada,19.22430,72.86419,0,NULL
MAGATHANE_L7,Magathane,19.21735,72.86669,0,NULL
POISAR_L7,Poisar,19.20398,72.86340,0,NULL
AKURLI_L7,Akurli,19.19828,72.86069,0,NULL
KURAR_L7,Kurar,19.18753,72.85838,0,NULL
DINDOSHI_L7,Dindoshi,19.18047,72.85813,0,NULL
AAREY_L7,Aarey,19.17016,72.85822,0,NULL
GOREGAON_EAST_L7,Goregaon East,19.15252,72.85650,0,NULL
JOGESHWARI_EAST_L7,Jogeshwari East,19.14296,72.85514,0,NULL
MOGRA_L7,Mogra,19.12891,72.85533,0,NULL
GUNDAVALI_L7,Gundavali,19.11507,72.85517,0,NULL

DAHISAR_EAST_L2A,Dahisar East,19.25118,72.86677,0,NULL
ANAND_NAGAR_L2A,Anand Nagar,18.56768,73.79803,0,NULL
KANDARPADA_L2A,Kandarpada,19.25675,72.85053,0,NULL
MANDAPESHWAR_IC_COLONY_L2A,Mandapeshwar (I.C. Colony),19.24956,72.84576,0,NULL
EKSAR_L2A,Eksar,19.240570184577233,72.84355609745042,0,NULL
BORIVALI_WEST_L2A,Borivali (West),19.231575365156374,72.84093909745023,0,NULL
SHIMPOLI_L2A,Shimpoli,19.223121770671312,72.84090326676552,0,NULL
KANDIVALI_WEST_L2A,Kandivali (West),19.214136805499155,72.83728954211674,0,NULL
DAHANUKARWADI_L2A,Dahanukarwadi,19.206437327230233,72.83469935142288,0,NULL
VALNAI_MEETH_CHOWKY_L2A,Valnai–Meeth Chowky,19.19711977710225,72.83381535582224,0,NULL
MALAD_WEST_L2A,Malad (West),19.185435393302537,72.83585381328113,0,NULL
LOWER_MALAD_L2A,Lower Malad,19.17317232499727,72.83634062258648,0,NULL
BANGUR_NAGAR_L2A,Bangur Nagar,19.162585965487445,72.83486941697888,0,NULL
GOREGAON_WEST_L2A,Goregaon (West),19.15359173026494,72.83566048844868,0,NULL
OSHIWARA_L2A,Oshiwara,19.146223436693028,72.83390208444558,0,NULL
LOWER_OSHIWARA_L2A,Lower Oshiwara,19.140929799600354,72.83161989793892,0,NULL
ANDHERI_WEST_L2A,Andheri (West),19.129304246143334,72.83135815745888,0,NULL

VERSOVA_L1,Versova,19.13045665448233,72.82141562443434,0,NULL
DN_NAGAR_L1,DN Nagar,19.12836666440695,72.83031432443413,0,NULL
AZAD_NAGAR_L1,Azad Nagar,19.12712278609107,72.83768746676303,0,NULL
ANDHERI_L1,Andheri,19.120834697188066,72.8488244593078,0,NULL
WESTERN_EXPRESS_HIGHWAY_L1,Western Express Highway (WEH),19.11605745211236,72.85640489374947,0,NULL
CHAKALA_JB_NAGAR_L1,Chakala-JB Nagar,19.112114624766644,72.86760345561005,0,NULL
AIRPORT_ROAD_L1,Airport Road,19.110340296006047,72.8741675225849,0,NULL
MAROL_NAKA_L1,Marol Naka,19.108382224498722,72.87939156491375,0,NULL
SAKINAKA_L1,Sakinaka,19.10369637972415,72.88799115326913,0,NULL
ASALPHA_ROAD_L1,Asalpha Road,19.096633557780454,72.89495429744663,0,NULL
JAGRUTI_NAGAR_L1,Jagruti Nagar,19.092481220778186,72.90181055141998,0,NULL
GHATKOPAR_L1,Ghatkopar,19.086981962227256,72.90813999744641,0,NULL

CUFFE_PARADE_L3,Cuffe Parade,18.91415417399972,72.82101696675754,0,NULL
VIDHAN_BHAVAN_L3,Vidhan Bhavan,18.924968705880456,72.82566055875661,0,NULL
CHURCHGATE_L3,Churchgate,18.93057471655023,72.82603148650668,0,NULL
HUTATMA_CHOWK_L3,Hutatma Chowk,18.934670499857155,72.8327967635567,0,NULL
CSMT_L3,CST / Chhatrapati Shivaji Maharaj Terminus,18.941020444604998,72.83177358025158,0,NULL
KALBADEVI_L3,Kalbadevi,18.947640947310347,72.82684256675833,0,NULL
GIRGAON_L3,Girgaon,18.952619010934765,72.82239142244015,0,NULL
GRANT_ROAD_L3,Grant Road,18.963452006239564,72.81804178210105,0,NULL
JAGANNATH_SHANKAR_SHETH_L3,Jagannath Shankar Sheth,18.97076531980392,72.82139272455169,0,NULL
MAHALAXMI_L3,Mahalaxmi,18.979581670436488,72.82528635562835,0,NULL
SCIENCE_CENTER_L3,Science Center,18.99053102503808,72.82169489386382,0,NULL
ACHARYA_ATRE_CHOWK_L3,Acharya Atre Chowk,18.997308600698023,72.81821118650797,0,NULL
WORLI_L3,Worli,19.00899106945496,72.81938809978777,0,NULL
SIDDHIVINAYAK_L3,Siddhivinayak,19.025733003645513,72.83908514535112,0,NULL
DADAR_L3,Dadar,19.02297584716034,72.83854246317614,0,NULL
MAHIM_SHITALADEVI_L3,Mahim (Shitladevi),19.042925085079915,72.84063003872147,0,NULL
DHARAVI_L3,Dharavi,19.046371005305943,72.8499523037046,0,NULL
BANDRA_KURLA_COMPLEX_L3,Bandra Kurla Complex,19.060579249915886,72.85494145767191,0,NULL
BANDRA_COLONY_L3,Bandra Colony,19.070095480437267,72.84936762698342,0,NULL
SANTACRUZ_L3,Santacruz,19.07926430892435,72.84694948259673,0,NULL
CSMIA_T1_L3,CSMIA T1,19.093968831438723,72.85357545767191,0,NULL
SAHAR_ROAD_L3,Sahar Road,19.102239518747496,72.86479227116375,0,NULL
CSMIA_T2_L3,CSMIA T2,19.102276313673695,72.8745201018522,0,NULL
MAROL_NAKA_L3,Marol Naka,19.108260572197295,72.87939156503076,0,NULL
MIDC_ANDHERI_EAST_L3,MIDC–Andheri East,19.117525039077965,72.8738182667627,0,NULL
SEEPZ_L3,SEEPZ,19.12640234258228,72.8735657451779,0,NULL
AAREY_JVLR_L3,Aarey JVLR,19.13205745279081,72.88378288517897,0,NULL

CHURCHGATE_WR,Churchgate,18.9352961818815,72.8271919878514,0,NULL
MARINE_LINES_WR,Marine Lines,18.9457881977143,72.8238144822946,0,NULL
CHARNI_ROAD_WR,Charni Road,18.9517165867492,72.8185706836947,0,NULL
GRANT_ROAD_WR,Grant Road,18.9637045605152,72.8161783832855,0,NULL
MUMBAI_CENTRAL_WR,Mumbai Central,18.9698932713685,72.8187988036057,0,NULL
MAHALAXMI_WR,Mahalaxmi,18.9822737979282,72.8241537111258,0,NULL
LOWER_PAREL_WR,Lower Parel,18.9953187079519,72.830172471783,0,NULL
PRABHADEVI_WR,Prabhadevi,19.0075631386431,72.8361132046624,0,NULL
DADAR_WR,Dadar,19.0195608762157,72.8431374888969,0,NULL
MATUNGA_ROAD_WR,Matunga Road,19.028368597856,72.8469289503764,0,NULL
MAHIM_JUNCTION_HR,Mahim Junction,19.040716517382,72.8469183881933,0,NULL
BANDRA_WR,Bandra,19.0555892333471,72.8403282370921,0,NULL
KHAR_ROAD_WR,Khar Road,19.0698951076843,72.8401277252267,0,NULL
SANTACRUZ_WR,Santacruz,19.0825985273727,72.8417807673674,0,NULL
VILE_PARLE_WR,Vile Parle,19.0997393565481,72.8439996742096,0,NULL
ANDHERI_WR,Andheri,19.1171747947178,72.8465039707666,0,NULL
JOGESHWARI_WR,Jogeshwari,19.1365326519053,72.8489736708461,0,NULL
GOREGAON_WR,Goregaon,19.1648702815213,72.8496282479856,0,NULL
MALAD_WR,Malad,19.1868335617006,72.8489362808279,0,NULL
KANDIVALI_WR,Kandivali,19.2045320761638,72.8520512299794,0,NULL
BORIVALI_WR,Borivali,19.2290634217488,72.8566489030573,0,NULL
DAHISAR_WR,Dahisar,19.2500070403722,72.8592814710169,0,NULL
CSMT_CR,CSMT,18.9402720285738,72.8357059779256,0,NULL
MASJID_BUNDER_CR,Masjid Bunder,18.9520915390942,72.8381997658401,0,NULL
SANDHURST_ROAD_CR,Sandhurst Road,18.9608785429075,72.8395788297954,0,NULL
BYCULLA_CR,Byculla,18.976692518895,72.8327690068053,0,NULL
CHINCHPOKALI_CR,Chinchpokali,18.9870469487976,72.8329013428044,0,NULL
CURREY_ROAD_CR,Currey Road,18.994110482723,72.8329987665172,0,NULL
PAREL_CR,Parel,19.0092440178425,72.8376259004038,0,NULL
DADAR_CR,Dadar,19.0181435365389,72.843633420996,0,NULL
MATUNGA_CR,Matunga,19.0274961050905,72.8502084014804,0,NULL
SION_CR,Sion,19.0477097291027,72.8640037012676,0,NULL
KURLA_CR,Kurla,19.0654774786936,72.8793543303778,0,NULL
VIDYAVIHAR_CR,Vidyavihar,19.0796208736982,72.8975799791421,0,NULL
GHATKOPAR_CR,Ghatkopar,19.0859890642817,72.9084657878744,0,NULL
VIKHROLI_CR,Vikhroli,19.1119177689733,72.9281450869539,0,NULL
KANJUR_MARG_CR,Kanjur Marg,19.128166320162,72.9281511337221,0,NULL
BHANDUP_CR,Bhandup,19.1424351550521,72.9376513107349,0,NULL
NAHUR_CR,Nahur,19.1546251377825,72.946766137471,0,NULL
MULUND_CR,Mulund,19.1718662666882,72.9565534048963,0,NULL
DOCKYARD_ROAD_HR,Dockyard Road,18.9665629111886,72.8443114850277,0,NULL
RAY_ROAD_HR,Ray Road,18.9773683482474,72.8442481797541,0,NULL
COTTON_GREEN_HR,Cotton Green,18.9864939574943,72.8432893293482,0,NULL
SEWRI_HR,Sewri,18.9989313752645,72.854579130035,0,NULL
WADALA_ROAD_HR,Wadala Road,19.016006309249,72.8589424803244,0,NULL
GURU_TEJ_BAHADUR_NAGAR_HR,Guru Tej Bahadur Nagar,19.0380290585816,72.8643611543405,0,NULL
CHUNNA_BHATTI_HR,Chunna Bhatti,19.0517072445659,72.8689456446498,0,NULL
TILAK_NAGAR_HR,Tilak Nagar,19.0657803013233,72.8899762020043,0,NULL
CHEMBUR_HR,Chembur,19.0625976174705,72.9012441362589,0,NULL
GOVANDI_HR,Govandi,19.0550932243739,72.9153943027253,0,NULL
MANKHURD_HR,Mankhurd,19.0481650219614,72.9317241491866,0,NULL
KINGS_CIRCLE_HR,Kings Circle,19.032266486955,72.8571690397359,0,NULL
MIRA_ROAD_WR,Mira Road,19.2797406943242,72.8560972045312,0,NULL
BHAYANDAR_WR,Bhayandar,19.3114392227109,72.8525704477226,0,NULL
NAIGAON_WR,Naigaon,19.3513074099099,72.8462832948645,0,NULL
VASAI_ROAD_WR,Vasai Road,19.3823802721053,72.8321461041926,0,NULL
NALLASOPARA_WR,Nallasopara,19.4176755166077,72.8189145644195,0,NULL
VIRAR_WR,Virar,19.4549995182516,72.8119284863236,0,NULL
VASHI_HR,Vashi,19.0631172207064,72.9988965632495,0,NULL
SANPADA_HR,Sanpada,19.0661147788721,73.0093493142319,0,NULL
JUINAGAR_HR,Juinagar,19.0556163409323,73.0183903439259,0,NULL
NERUL_HR,Nerul,19.0334707818177,73.0182107815982,0,NULL
SEAWOODS_HR,Seawoods,19.0219438755159,73.0191424206458,0,NULL
CBD_BELAPUR_HR,CBD Belapur,19.0190456436135,73.0390873339028,0,NULL
KHARGHAR_HR,Kharghar,19.0261194215454,73.0593969394587,0,NULL
MANSAROVAR_HR,Mansarovar,19.0166539817185,73.0804701854415,0,NULL
KHANDESHWAR_HR,Khandeshwar,19.0074679867507,73.0947598188553,0,NULL
PANVEL_HR,Panvel,18.9905700254378,73.1213414488358,0,NULL
TURBHE_HR,Turbhe,19.0760002886039,73.0177166307423,0,NULL
KOPAR_KHARINE_HR,Kopar Kharine,19.1032160096145,73.011342315056,0,NULL
GHANSOLI_HR,Ghansoli,19.1164805906164,73.0068894698697,0,NULL
RABALE_HR,Rabale,19.1370192081831,73.0027166938337,0,NULL
AIROLI_HR,Airoli,19.1585309448508,72.9993795687864,0,NULL
THANE_CR,Thane,19.1861152574207,72.9759337290526,0,NULL
KALWA_CR,Kalwa,19.1969032812792,72.9986747366214,0,NULL
MUMBRA_CR,Mumbra,19.1902742542868,73.0231397296511,0,NULL
DIVA_CR,Diva,19.1889502669907,73.0429514521207,0,NULL
LOWER_KOPAR_CR,Lower Kopar,19.2106220863616,73.0769788440469,0,NULL
DOMBIVILI_CR,Dombivili,19.218286062568,73.0868430181902,0,NULL
THAKURLI_CR,Thakurli,19.2260018478666,73.0979322946715,0,NULL
KALYAN_CR,Kalyan,19.2351909402425,73.1299711282289,0,NULL
VITHALWADI_CR,Vithalwadi,19.2282722390585,73.1492569841108,0,NULL
ULHAS_NAGAR_CR,Ulhas Nagar,19.21808971954,73.1631032188065,0,NULL
AMBERNATH_CR,Ambernath,19.2101305480555,73.1844317400222,0,NULL
BADLAPUR_CR,Badlapur,19.1668331363957,73.2388025511903,0,NULL
VANGANI_CR,Vangani,19.094393395304,73.3007405284918,0,NULL
SHELU_CR,Shelu,19.0634147978046,73.3178011533358,0,NULL
NERAL_CR,Neral,19.0268065536976,73.3185595294996,0,NULL
BHIVPURI_ROAD_CR,Bhivpuri Road,18.9700072031662,73.3314774682455,0,NULL
KARJAT_CR,Karjat,18.9088351428397,73.3206443228044,0,NULL
PALASDHARI_CR,Palasdhari,18.8842927108596,73.3208308318587,0,NULL
KELAVALI_CR,Kelavali,18.8456945832501,73.3187810452539,0,NULL
DOLAVALI_CR,Dolavali,18.8342636565215,73.3200621813635,0,NULL
LOWJEE_CR,Lowjee,18.8086214214537,73.3354354701634,0,NULL
KHOPOLI_CR,Khopoli,18.7896170591886,73.3448726092399,0,NULL
SHAHAD_CR,Shahad,19.2443452121886,73.1583231567416,0,NULL
AMBIVILI_CR,Ambivili,19.267809303216,73.1717128739798,0,NULL
TITWALA_CR,Titwala,19.296877134864,73.203247161913,0,NULL
KHADAWALI_CR,Khadawali,19.3568495922065,73.2189216499799,0,NULL
VASIND_CR,Vasind,19.4068464515156,73.2676652674631,0,NULL
RAM_MANDIR_WR,Ram Mandir,19.1516968179908,72.8501779534613,0,NULL
VAITARNA_WR,Vaitarna,19.5194475908323,72.8502717197307,0,NULL
SAGAR_SANGAM_HR,Sagar Sangam,19.0102840709078,73.0247906779553,0,NULL
TARGHAR_HR,Targhar,18.9904507628536,73.0347210107422,0,NULL
BAMANDONGRI_HR,Bamandongri,18.974619535869,73.0240407796519,0,NULL
KHARKOPAR_HR,Kharkopar,18.9596615707448,73.0140802808399,0,NULL

"ELECTRIC_HOUSE,_COLABA_DEPOT_BUS","ELECTRIC HOUSE, COLABA DEPOT",18.920099,72.830029,0,NULL
"COLABA_BUS_STATION,_POST_OFFICE_BUS","COLABA BUS STATION, POST OFFICE",18.911184,72.820905,0,NULL
DHOBI_GHAT_NAVY_NAGAR_BUS,DHOBI GHAT (NAVY NAGAR),18.906977,72.812432,0,NULL
DR_SHYAMAPRASAD_MUKHERJEE_CHOWKMUSEUM_BUS,DR. SHYAMAPRASAD MUKHERJEE CHOWK(MUSEUM),18.926071,72.831553,0,NULL
DR_SHYAMAPRASAD_MUKHERJEE_CHOWKMUSEUM_BUS,DR. SHYAMAPRASAD MUKHERJEE CHOWK(MUSEUM),18.926225,72.831582,0,NULL
DR_SHYAMAPRASAD_MUKHERJEE_CHOWKMUSEUM_BUS,DR. SHYAMAPRASAD MUKHERJEE CHOWK(MUSEUM),18.925783,72.83290100000001,0,NULL
DR_SHYAMAPRASAD_MUKHERJEE_CHOWKMUSEUM_BUS,DR. SHYAMAPRASAD MUKHERJEE CHOWK(MUSEUM),18.924066,72.832048,0,NULL
FOREIGN_POST_OFFICE_BUS,FOREIGN POST OFFICE,18.935157,72.840318,0,NULL
FOREIGN_POST_OFFICE_BUS,FOREIGN POST OFFICE,18.935012,72.840309,0,NULL
GTHOSPITAL_BUS,G.T.HOSPITAL,18.946082,72.831718,0,NULL
CHHATRAPATI_SHIVAJI_MAHARAJ_TERMINUS_GPO_BUS,CHHATRAPATI SHIVAJI MAHARAJ TERMINUS (GPO),18.938434,72.83660399999999,0,NULL
HUTATMA_CHOWK_BUS,HUTATMA CHOWK,18.933019,72.831785,0,NULL
HUTATMA_CHOWK_BUS,HUTATMA CHOWK,18.931275,72.83135,0,NULL
BALLARD_PIER_BUS,BALLARD PIER,18.937162,72.84036500000001,0,NULL
JOHAR_CHOWK_BHENDI_BAZAAR_BUS,JOHAR CHOWK (BHENDI BAZAAR),18.958243,72.832421,0,NULL
JOHAR_CHOWK_BHENDI_BAZAAR_BUS,JOHAR CHOWK (BHENDI BAZAAR),18.959001,72.831613,0,NULL
JOHAR_CHOWK_BHENDI_BAZAAR_BUS,JOHAR CHOWK (BHENDI BAZAAR),18.95957,72.831869,0,NULL
JOHAR_CHOWK_BHENDI_BAZAAR_BUS,JOHAR CHOWK (BHENDI BAZAAR),18.959507,72.831869,0,NULL
KHADI_BHANDAR_BUS,KHADI BHANDAR,18.937637,72.834326,0,NULL
MAHATMA_PHULE_MARKET_CRAWFORD_MARKET_BUS,MAHATMA PHULE MARKET (CRAWFORD MARKET),18.947169,72.835392,0,NULL
MAHATMA_PHULE_MARKET_CRAWFORD_MARKET_BUS,MAHATMA PHULE MARKET (CRAWFORD MARKET),18.945415,72.833997,0,NULL
RAILWAY_CROSSING_MANDVI_BUS,RAILWAY CROSSING (MANDVI),18.95911,72.84616,0,NULL
"MANDVI_POST_OFFICE,_MINARA_MASJID_BUS","MANDVI POST OFFICE, MINARA MASJID",18.955732,72.83287900000001,0,NULL
HUTATMA_CHOWK_BUS,HUTATMA CHOWK,18.930796,72.83136,0,NULL
HUTATMA_CHOWK_BUS,HUTATMA CHOWK,18.929703,72.83138,0,NULL
OLD_CUSTOM_HOUSE_BUS,OLD CUSTOM HOUSE,18.929787,72.834873,0,NULL
PILOT_BUNDER_BUS,PILOT BUNDER,18.90473,72.815832,0,NULL
RESERVE_BANK_OF_INDIA_FORT_BUS,RESERVE BANK OF INDIA (FORT),18.932651,72.836219,0,NULL
"SASOON_DOCK,_COLABA_FIRE_STATION_BUS","SASOON DOCK, COLABA FIRE STATION",18.91594,72.82623599999999,0,NULL
HORNIMAN_CIRCLE_BUS,HORNIMAN CIRCLE,18.93153,72.834131,0,NULL
STRAND_CINEMA_BUS,STRAND CINEMA,18.916844,72.827089,0,NULL
SWADESHI_MARKET_BUS,SWADESHI MARKET,18.949251,72.828886,0,NULL
SWAMI_DAYANAND_SARASWATI_CHOWK_FORT_BUS,SWAMI DAYANAND SARASWATI CHOWK (FORT),18.937043,72.836966,0,NULL
SWAMI_DAYANAND_SARASWATI_CHOWK_FORT_BUS,SWAMI DAYANAND SARASWATI CHOWK (FORT),18.935905,72.83737499999999,0,NULL
TADWADI_MAZGAON_BUS,TADWADI (MAZGAON),18.964454,72.839319,0,NULL
MALLET_BUNDER_BUS,MALLET BUNDER,18.958045,72.847281,0,NULL
MALLET_BUNDER_BUS,MALLET BUNDER,18.957963,72.847347,0,NULL
VASUDEO_BALWANT_PHADKE_CHOWK_DHOBI_TALAO_BUS,VASUDEO BALWANT PHADKE CHOWK (DHOBI TALAO),18.944997,72.830371,0,NULL
VASUDEO_BALWANT_PHADKE_CHOWK_DHOBI_TALAO_BUS,VASUDEO BALWANT PHADKE CHOWK (DHOBI TALAO),18.943055,72.830125,0,NULL
SWAMI_DAYANAND_SARASWATI_CHOWK_FORT_BUS,SWAMI DAYANAND SARASWATI CHOWK (FORT),18.934297,72.838069,0,NULL
VIJAY_VALLABH_CHOWK_PYDHONIE_BUS,VIJAY VALLABH CHOWK (PYDHONIE),18.954882,72.83212,0,NULL
VIJAY_VALLABH_CHOWK_PYDHONIE_BUS,VIJAY VALLABH CHOWK (PYDHONIE),18.954945,72.832167,0,NULL
ZAKERIA_MASJID_BUS,ZAKERIA MASJID,18.952462,72.834239,0,NULL
RCCHURCH_COLABA_BUS,R.C.CHURCH (COLABA),18.900103,72.813918,0,NULL
MTPARK_BUS,M.T.PARK,18.907473,72.81173800000001,0,NULL
FIRE_BRIGADE_BUS,FIRE BRIGADE,18.947317,72.840253,0,NULL
ZAKERIA_MASJID_BUS,ZAKERIA MASJID,18.954105,72.83291800000001,0,NULL
CHINCH_BUNDER_BUS,CHINCH BUNDER,18.958283,72.838517,0,NULL
MAZGAON_DOCK_BUS,MAZGAON DOCK,18.96576,72.846706,0,NULL
KHADI_BHANDAR_BUS,KHADI BHANDAR,18.93723,72.834155,0,NULL
CHHATRAPATI_SHIVAJI_MAHARAJ_TERMINUS_BUS,CHHATRAPATI SHIVAJI MAHARAJ TERMINUS,18.938468,72.83469599999999,0,NULL
INS_ASHWINI_HOSPITAL_BUS,INS ASHWINI HOSPITAL,18.901522,72.814677,0,NULL
BALLARD_PIER_BUS,BALLARD PIER,18.937189,72.84027,0,NULL
CHHATRAPATI_SHIVAJI_MAHARAJ_TERMINUSCSMT_BUS,CHHATRAPATI SHIVAJI MAHARAJ TERMINUS(CSMT),18.939165,72.83535000000001,0,NULL
CHHATRAPATI_SHIVAJI_MAHARAJ_TERMINUSCSMT_BUS,CHHATRAPATI SHIVAJI MAHARAJ TERMINUS(CSMT),18.939083,72.835521,0,NULL
BHULESHWAR_BUS,BHULESHWAR,18.952803,72.830032,0,NULL
BHULESHWAR_BUS,BHULESHWAR,18.95208,72.829663,0,NULL
CARNAC_BUNDER_BUS,CARNAC BUNDER,18.949946,72.84091600000001,0,NULL
CENTRAL_RAILWAY_GOODS_BUS,CENTRAL RAILWAY GOODS,18.960617,72.84356699999999,0,NULL
CHAKALA_MARKET_BUS,CHAKALA MARKET,18.950222,72.834506,0,NULL
CHHATRAPATI_SHIVAJI_MAHARAJ_TERMINUSCSMT_BUS,CHHATRAPATI SHIVAJI MAHARAJ TERMINUS(CSMT),18.941143,72.834789,0,NULL
CHHATRAPATI_SHIVAJI_MAHARAJ_TERMINUSCSMT_BUS,CHHATRAPATI SHIVAJI MAHARAJ TERMINUS(CSMT),18.940762,72.83322200000001,0,NULL
CHHATRAPATI_SHIVAJI_MAHARAJ_TERMINUSCSMT_BUS,CHHATRAPATI SHIVAJI MAHARAJ TERMINUS(CSMT),18.939064,72.833432,0,NULL
COLABA_BUS_STATION_BUS,COLABA BUS STATION,18.912649,72.82319099999999,0,NULL
VIJAY_VALLABH_CHOWK_BUS,VIJAY VALLABH CHOWK,18.954448,72.83194899999999,0,NULL
KENDRIYA_VIDYALAYA_3_COLABA_BUS,KENDRIYA VIDYALAYA 3 (COLABA),18.895411,72.810354,0,NULL
ANJEERWADI_BUS,ANJEERWADI,18.973543,72.840243,0,NULL
BEST_COLONY_WADALA_BUS,BEST COLONY (WADALA),19.012688,72.853807,0,NULL
BEST_COLONY_BHOIWADA_BUS,BEST COLONY (BHOIWADA),19.005448,72.848018,0,NULL
BHARATMATA_CINEMA_BUS,BHARATMATA CINEMA,18.995151,72.837749,0,NULL
BUSA_UDHYOG_BHAVAN_BUS,BUSA UDHYOG BHAVAN,18.999677,72.850786,0,NULL
BYCULLA_STATION_E_BUS,BYCULLA STATION (E),18.974469,72.833747,0,NULL
BYCULLA_STATION_E_BUS,BYCULLA STATION (E),18.976149,72.83345199999999,0,NULL
"BYCULLA_STATION_EAST,_GLORIA_CHURCH_BUS","BYCULLA STATION (EAST), GLORIA CHURCH",18.97559,72.83466799999999,0,NULL
KHODADAD_CIRCLE_DADAR_TT_BUS,KHODADAD CIRCLE (DADAR TT),19.015113,72.84559900000001,0,NULL
KHODADAD_CIRCLE_DADAR_TT_BUS,KHODADAD CIRCLE (DADAR TT),19.018602,72.84819899999999,0,NULL
KHODADAD_CIRCLE_DADAR_TT_BUS,KHODADAD CIRCLE (DADAR TT),19.019722,72.84904400000001,0,NULL
RUIA_COLLEGE_MATUNGA-E_BUS,RUIA COLLEGE (MATUNGA-E),19.021295,72.850724,0,NULL
RUIA_COLLEGE_MATUNGA-E_BUS,RUIA COLLEGE (MATUNGA-E),19.022379,72.850533,0,NULL
RUIA_COLLEGE_MATUNGA-E_BUS,RUIA COLLEGE (MATUNGA-E),19.022533,72.850286,0,NULL
SHANTARAM_PUJARE_CHOWK_KALA_CHOWKY_BUS,SHANTARAM PUJARE CHOWK (KALA CHOWKY),18.988375,72.836595,0,NULL
SAHAKAR_NAGAR_WADALA-W_BUS,SAHAKAR NAGAR (WADALA-W),19.012108,72.851139,0,NULL
SEWREE_NAKA_BUS,SEWREE NAKA,18.9987,72.849998,0,NULL
"SEWREE_POLICE_STATION,_DARUKHANA_BUS","SEWREE POLICE STATION, DARUKHANA",18.97962,72.849052,0,NULL
SHARDA_CINEMA_BUS,SHARDA CINEMA,19.014309,72.84612199999999,0,NULL
SHARDA_CINEMA_BUS,SHARDA CINEMA,19.014074,72.84645500000001,0,NULL
SHARDA_CINEMA_BUS,SHARDA CINEMA,19.014101,72.846379,0,NULL
SHINDEWADI_DADAR-E_BUS,SHINDEWADI (DADAR-E),19.011669,72.843236,0,NULL
SPRING_MILL_BUS,SPRING MILL,19.010073,72.848119,0,NULL
SPRING_MILL_BUS,SPRING MILL,19.011221,72.848613,0,NULL
TBHOSPITAL_KIDWAI_NAGAR_BUS,T.B.HOSPITAL (KIDWAI NAGAR),19.005043,72.851799,0,NULL
TATA_HOSPITAL_BHOIWADA_BUS,TATA HOSPITAL (BHOIWADA),19.004333,72.84291899999999,0,NULL
TATA_HOSPITAL_BHOIWADA_BUS,TATA HOSPITAL (BHOIWADA),19.004216,72.842748,0,NULL
"VITTHAL_MANDIR,_WADALA_MARKET_BUS","VITTHAL MANDIR, WADALA MARKET",19.016454,72.852484,0,NULL
WADALA_CHURCH_BUS,WADALA CHURCH,19.018389,72.85528499999999,0,NULL
WADALA_CHURCH_BUS,WADALA CHURCH,19.019103,72.85597799999999,0,NULL
WADALA_BUS_DEPOT_BUS,WADALA BUS DEPOT,19.014738,72.852695,0,NULL
WADALA_CHURCH_BUS,WADALA CHURCH,19.01848,72.856425,0,NULL
WADIA_MATERNITY_HOSPITAL_BUS,WADIA MATERNITY HOSPITAL,19.002852,72.842682,0,NULL
DADAR_STATION_E_BUS,DADAR STATION (E),19.017506,72.844116,0,NULL
INDIRA_NAGAR_SEWREE_BUS,INDIRA NAGAR (SEWREE),18.992749,72.85457,0,NULL
COAL_BUNDER_BUS,COAL BUNDER,18.98332,72.85827999999999,0,NULL
CANTEEN_STORES_BUS,CANTEEN STORES,18.981619,72.853685,0,NULL
ICI_SEWREE_BUS,I.C.I. (SEWREE),18.980877,72.85145300000001,0,NULL
JIJAMATA_MUNICIPAL_SCHOOLBYCULLA-E_BUS,JIJAMATA MUNICIPAL SCHOOL(BYCULLA-E),18.980264,72.840182,0,NULL
NEW_HIND_MILL_MHADA_COLONY_BUS,NEW HIND MILL MHADA COLONY,18.983779,72.841015,0,NULL
BYCULLA_STATION_E_BUS,BYCULLA STATION (E),18.977604,72.833698,0,NULL
BHARATMATA_CINEMA_BUS,BHARATMATA CINEMA,18.994799,72.83843299999999,0,NULL
WADALA_STATION_W_BUS,WADALA STATION (W),19.016973,72.858886,0,NULL
WADALA_STATION_W_BUS,WADALA STATION (W),19.0185,72.860167,0,NULL
"INDIRA_NAGAR,_FROSBERRY_ROAD_BUS","INDIRA NAGAR, FROSBERRY ROAD",18.986587,72.851905,0,NULL
SEWREE_KOLIWADA_SCHOOL_BUS,SEWREE KOLIWADA SCHOOL,18.999902,72.856382,0,NULL
AHANSARI_CHOWK_NAGPADA_BUS,A.H.ANSARI CHOWK (NAGPADA),18.970602,72.832696,0,NULL
AHANSARI_CHOWK_NAGPADA_BUS,A.H.ANSARI CHOWK (NAGPADA),18.970268,72.832716,0,NULL
AGRIPADA_POLICE_STATION_BUS,AGRIPADA POLICE STATION,18.977416,72.82403100000001,0,NULL
AIR_CONDITION_MARKET_BUS,AIR CONDITION MARKET,18.973515,72.814386,0,NULL
ALANKAR_CINEMA_BUS,ALANKAR CINEMA,18.957579,72.826981,0,NULL
"MAHARASHTRA_COLLEGE,_ALEXANDRA_CINEMA_BUS","MAHARASHTRA COLLEGE, ALEXANDRA CINEMA",18.967292,72.827353,0,NULL
ANJUMAN_COLLEGE_BUS,ANJUMAN COLLEGE,18.96177,72.825648,0,NULL
ANJUMAN_COLLEGE_BUS,ANJUMAN COLLEGE,18.961653,72.82584799999999,0,NULL
BPT_COLONY_DOCKYARD_RD_BUS,B.P.T COLONY (DOCKYARD RD),18.964166,72.84148500000001,0,NULL
BHATIA_HOSPITAL_BUS,BHATIA HOSPITAL,18.965049,72.812969,0,NULL
BHATIA_HOSPITAL_BUS,BHATIA HOSPITAL,18.964363,72.81295,0,NULL
BREACH_CANDY_HOSPITAL_BUS,BREACH CANDY HOSPITAL,18.972252,72.804948,0,NULL
BYCULLA_STATION_W_BUS,BYCULLA STATION (W),18.977269,72.83216899999999,0,NULL
BYCULLA_STATION_W_BUS,BYCULLA STATION (W),18.976654,72.832179,0,NULL
BYCULLA_STATION_W_BUS,BYCULLA STATION (W),18.976501,72.832037,0,NULL
CHRIST_CHURCH_SCHOOL_BUS,CHRIST CHURCH SCHOOL,18.96976,72.83001,0,NULL
DOCKYARD_ROAD_RAILWAY_STATION_BUS,DOCKYARD ROAD RAILWAY STATION,18.966183,72.84448399999999,0,NULL
DARUKHANA_BUS,DARUKHANA,18.971396,72.845316,0,NULL
DARUKHANA_BUS,DARUKHANA,18.971631,72.845221,0,NULL
AZAD_FLOUR_MILL_BUS,AZAD FLOUR MILL,18.985369,72.841052,0,NULL
GADI_ADDA_BUS,GADI ADDA,18.994646,72.85388500000001,0,NULL
MAHATMA_GANDHI_HOSPITAL_PAREL_BUS,MAHATMA GANDHI HOSPITAL (PAREL),18.997384,72.84035900000001,0,NULL
MAHATMA_GANDHI_HOSPITAL_PAREL_BUS,MAHATMA GANDHI HOSPITAL (PAREL),18.997809,72.84075799999999,0,NULL
GANESH_TALKIES_LALBAUG_BUS,GANESH TALKIES (LALBAUG),18.989738,72.83461,0,NULL
GHODAPDEV_BUS,GHODAPDEV,18.982073,72.842839,0,NULL
HAKOBA_BUS,HAKOBA,18.988268,72.83877,0,NULL
HINDMATA_CINEMA_PAREL_BUS,HINDMATA CINEMA (PAREL),19.010034,72.84242999999999,0,NULL
HINDMATA_CINEMA_PAREL_BUS,HINDMATA CINEMA (PAREL),19.009952,72.842069,0,NULL
HINDMATA_CINEMA_PAREL_BUS,HINDMATA CINEMA (PAREL),19.0096,72.84182300000001,0,NULL
HINDU_CEMETARYREAY_ROAD_BUS,HINDU CEMETARY(REAY ROAD),18.977549,72.846964,0,NULL
JACKERIA_BUNDER_BUS,JACKERIA BUNDER,18.99167,72.847667,0,NULL
JAIHIND_CINEMA_BUS,JAIHIND CINEMA,18.984382,72.83650299999999,0,NULL
JAIHIND_CINEMA_BUS,JAIHIND CINEMA,18.984219,72.835981,0,NULL
JIJAMATA_UDYAN_BYCULLA_BUS,JIJAMATA UDYAN (BYCULLA),18.979989,72.834104,0,NULL
ROBERT_GOMES_CHOWK_BYCULLA-E_BUS,ROBERT GOMES CHOWK (BYCULLA-E),18.980677,72.836316,0,NULL
KEMHOSPITAL_BUS,K.E.M.HOSPITAL,19.001549,72.840755,0,NULL
KEMHOSPITAL_BUS,K.E.M.HOSPITAL,19.00154,72.840746,0,NULL
SHRAWAN_YASHWANTE_CHOWK_KALA_CHOWKY_BUS,SHRAWAN YASHWANTE CHOWK (KALA CHOWKY),18.987583,72.841525,0,NULL
KALA_CHOWKY_POLICE_STATION_BUS,KALA CHOWKY POLICE STATION,18.987972,72.84294,0,NULL
MINT_COLONY_BUS,MINT COLONY,18.994424,72.84432200000001,0,NULL
TBHOSPITAL_KIDWAI_NAGAR_BUS,T.B.HOSPITAL (KIDWAI NAGAR),19.005214,72.850022,0,NULL
LAL_BAHADUR_SHASTRI_COLLEGE_BUS,LAL BAHADUR SHASTRI COLLEGE,18.980583,72.859279,0,NULL
LAL_BAHADUR_SHASTRI_COLLEGE_BUS,LAL BAHADUR SHASTRI COLLEGE,18.980619,72.858918,0,NULL
SANT_JAGNADE_CHOWK_LALBAUG_BUS,SANT JAGNADE CHOWK (LALBAUG),18.991717,72.83627,0,NULL
SANT_JAGNADE_CHOWK_LALBAUG_BUS,SANT JAGNADE CHOWK (LALBAUG),18.993804,72.836249,0,NULL
MADKEBUWA_CHOWK_PAREL_BUS,MADKEBUWA CHOWK (PAREL),19.004386,72.841038,0,NULL
MADHAV_NAGAR_WADALA-W_BUS,MADHAV NAGAR (WADALA-W),19.011884,72.854349,0,NULL
MADHAV_NAGAR_WADALA-W_BUS,MADHAV NAGAR (WADALA-W),19.011766,72.85454900000001,0,NULL
"MUSTAFA_BAZAR,_SAVLYA_TANDEL_CHOWK_BUS","MUSTAFA BAZAR, SAVLYA TANDEL CHOWK",18.976253,72.839938,0,NULL
NAIGAON_POLICE_COLONY_BUS,NAIGAON POLICE COLONY,19.007489,72.847171,0,NULL
PRABODHANKAR_THACKERAY_UDYAN_BUS_STATION_SEWREE_BUS,PRABODHANKAR THACKERAY UDYAN BUS STATION (SEWREE),18.998196,72.852249,0,NULL
MADKEBUWA_CHOWK_PAREL_BUS,MADKEBUWA CHOWK (PAREL),19.002216,72.838466,0,NULL
"PAREL_VILLAGE,_STGORA_KUMBHAR_CHOWK_BUS","PAREL VILLAGE, ST.GORA KUMBHAR CHOWK",19.000613,72.846008,0,NULL
REAY_ROAD_STATION_BUS,REAY ROAD STATION,18.975976,72.844211,0,NULL
REAY_ROAD_STATION_BUS,REAY ROAD STATION,18.976536,72.844239,0,NULL
"PARSI_DHARMASHALA,_OM_CHAMBERS_BUS","PARSI DHARMASHALA, OM CHAMBERS",18.964645,72.80549600000001,0,NULL
PARSI_GENERAL_HOSPITAL_BUS,PARSI GENERAL HOSPITAL,18.968574,72.80365,0,NULL
PLAY_HOUSE_BUS,PLAY HOUSE,18.961759,72.822458,0,NULL
PRARTHANA_SAMAJ_BUS,PRARTHANA SAMAJ,18.958035,72.820334,0,NULL
PREM_NAGAR_BUS,PREM NAGAR,18.94972,72.794268,0,NULL
PRIYADARSHINI_PARK_NAPEAN_SEA_ROAD_BUS,PRIYADARSHINI PARK (NAPEAN SEA ROAD),18.956853,72.799503,0,NULL
PTPALUSKAR_CHOWK_OPERA_HOUSE-_MARWADI_VIDYALAYA_BUS,PT.PALUSKAR CHOWK (OPERA HOUSE)- MARWADI VIDYALAYA,18.957374,72.817381,0,NULL
"RAILWAY_HOTEL,_CHARNI_ROAD_JUNCTION_BUS","RAILWAY HOTEL, CHARNI ROAD JUNCTION",18.961387,72.81993199999999,0,NULL
SAIDHAM_GRANT_ROAD_BUS,SAIDHAM (GRANT ROAD),18.958087,72.816906,0,NULL
"AHANSARI_CHOWK,_SALVATION_ARMY_BUS","A.H.ANSARI CHOWK, SALVATION ARMY",18.973001,72.827662,0,NULL
SHUKLAJI_STREET_BUS,SHUKLAJI STREET,18.966223,72.824628,0,NULL
SIMLA_HOUSE_BUS,SIMLA HOUSE,18.95803,72.802397,0,NULL
STMARY_S_HIGH_SCHOOL_MAZGAON_BUS,ST.MARY S HIGH SCHOOL (MAZGAON),18.969781,72.835137,0,NULL
"TARDEO_BUS_STATION,_RUSI_MEHTA_CHOWK_BUS","TARDEO BUS STATION, RUSI MEHTA CHOWK",18.963881,72.82087,0,NULL
TWO_TANKS_BUS,TWO TANKS,18.961618,72.827699,0,NULL
TWO_TANKS_BUS,TWO TANKS,18.961763,72.82825,0,NULL
VATSALABAI_DESAI_CHOWK_HAJI_ALI_BUS,VATSALABAI DESAI CHOWK (HAJI ALI),18.977055,72.811809,0,NULL
VASANTRAO_NAIK_CHOWK_TARDEO_BUS,VASANTRAO NAIK CHOWK (TARDEO),18.969965,72.81511999999999,0,NULL
VASANTRAO_NAIK_CHOWK_BUS,VASANTRAO NAIK CHOWK,18.97039,72.815015,0,NULL
"GULAL_WADI,_YADNIK_CHOWK_BUS","GULAL WADI, YADNIK CHOWK",18.956424,72.828188,0,NULL
ABDUL_REHMAN_SUFI_GRD_ZULA_MAIDAN_BUS,ABDUL REHMAN SUFI GRD (ZULA MAIDAN),18.974356,72.826701,0,NULL
GRANT_ROAD_STATION_W_BUS,GRANT ROAD STATION (W),18.964031,72.81591299999999,0,NULL
BHATIA_HOSPITAL_BUS,BHATIA HOSPITAL,18.965375,72.813605,0,NULL
SANT_GADGE_MAHARAJ_CHOWK_SAATRASTA_BUS,SANT GADGE MAHARAJ CHOWK (SAATRASTA),18.979732,72.82781799999999,0,NULL
SAIDHAM_GRANT_ROAD_BUS,SAIDHAM (GRANT ROAD),18.982116,72.814673,0,NULL
"GOVERNMENT_COLONY,_INDIAN_MEDICAL_ASSOCIATION_CHOWK_BUS","GOVERNMENT COLONY, INDIAN MEDICAL ASSOCIATION CHOWK",18.978701,72.81503600000001,0,NULL
DRMIQBAL_CHOWK_J_J_HOSPITAL_BUS,DR.M.IQBAL CHOWK (J J HOSPITAL),18.962796,72.83178100000001,0,NULL
LALA_LAJPATRAI_COLLEGE_BUS,LALA LAJPATRAI COLLEGE,18.98217,72.81438799999999,0,NULL
BRADBURY_MILL_BUS,BRADBURY MILL,18.977401,72.827136,0,NULL
VATSALABAI_DESAI_CHOWK_HAJI_ALI_BUS,VATSALABAI DESAI CHOWK (HAJI ALI),18.978202,72.81203600000001,0,NULL
GRANT_ROAD_BRIDGE_BUS,GRANT ROAD BRIDGE,18.96188,72.815697,0,NULL
GRANT_ROAD_BRIDGE_BUS,GRANT ROAD BRIDGE,18.961962,72.815915,0,NULL
DONGRI_JAIL_BUS,DONGRI JAIL,18.959104,72.836513,0,NULL
WADALA_FLY_OVER_BRIDGE_BUS,WADALA FLY OVER BRIDGE,19.018798,72.860671,0,NULL
ABHISHEK_APARTMENTS_BUS,ABHISHEK APARTMENTS,19.12135,72.826165,0,NULL
ABHISHEK_APARTMENTS_BUS,ABHISHEK APARTMENTS,19.120799,72.826517,0,NULL
ARYA_SAMAJ_MANDIR_BUS,ARYA SAMAJ MANDIR,19.079447,72.83446600000001,0,NULL
"VILE_PARLE_W,_ASHOKA_HALL_BUS","VILE PARLE (W), ASHOKA HALL",19.099361,72.839544,0,NULL
BALKANJI_BARI_SCHOOL_BUS,BALKANJI BARI SCHOOL,19.084758,72.832837,0,NULL
CHANDAN_CINEMA_BUS,CHANDAN CINEMA,19.114391,72.827003,0,NULL
DRCOOPER_HOSPITAL_BUS,DR.COOPER HOSPITAL,19.107662,72.836782,0,NULL
DRCOOPER_HOSPITAL_BUS,DR.COOPER HOSPITAL,19.10759,72.83692499999999,0,NULL
GAGANDEEP_BUS,GAGANDEEP,19.113588,72.836873,0,NULL
GOLDEN_TOBACCO_VILE_PARLE-W_BUS,GOLDEN TOBACCO (VILE PARLE-W),19.104836,72.839569,0,NULL
HARE_RAM_HARE_KRISHNA_ISKCON_BUS,HARE RAM HARE KRISHNA (ISKCON),19.113097,72.82624300000001,0,NULL
ERLA_BUS,ERLA,19.109263,72.840687,0,NULL
JVPDBUS_STATION_BUS,J.V.P.D.BUS STATION,19.116169,72.831862,0,NULL
JUHU_BEACH_BUS,JUHU BEACH,19.095736,72.82816699999999,0,NULL
JUHU_SHOPPING_CENTRE_JVPD_BUS,JUHU SHOPPING CENTRE (JVPD),19.115611,72.834847,0,NULL
VESAVA_LINK_ROAD_BUS,VESAVA LINK ROAD,19.122948,72.824719,0,NULL
JVPDBUS_STATION_BUS,J.V.P.D.BUS STATION,19.116402,72.82922000000001,0,NULL
SAHAKARI_BHANDAR_JUHU_BUS,SAHAKARI BHANDAR (JUHU),19.103593,72.83190999999999,0,NULL
NAWAB_TANK_MARG_BUS,NAWAB TANK MARG,18.965551,72.844959,0,NULL
NAWAB_TANK_MARG_BUS,NAWAB TANK MARG,18.965533,72.845044,0,NULL
DRBHADKAMKAR_ROAD_BUS,DR.BHADKAMKAR ROAD,18.960264,72.817217,0,NULL
DRMIQBAL_CHOWK_J_J_HOSPITAL_BUS,DR.M.IQBAL CHOWK (J J HOSPITAL),18.962724,72.832104,0,NULL
DRMIQBAL_CHOWK_J_J_HOSPITAL_BUS,DR.M.IQBAL CHOWK (J J HOSPITAL),18.96276,72.831914,0,NULL
GARLIC_COMPANY_BUS,GARLIC COMPANY,18.979118,72.828245,0,NULL
GOL_MANDIR_BHULESHWAR_BUS,GOL MANDIR (BHULESHWAR),18.958087,72.82883200000001,0,NULL
ALANKAR_CINEMA_BUS,ALANKAR CINEMA,18.958047,72.824474,0,NULL
NANA_CHOWK_BUS,NANA CHOWK,18.961925,72.8147,0,NULL
VATSALABAI_DESAI_CHOWK_HAJI_ALI_BUS,VATSALABAI DESAI CHOWK (HAJI ALI),18.979901,72.81285099999999,0,NULL
VATSALABAI_DESAI_CHOWK_HAJI_ALI_BUS,VATSALABAI DESAI CHOWK (HAJI ALI),18.979811,72.81278500000001,0,NULL
"PRARTHANA_SAMAJ,_HARKISHANDAS_HOSPITAL_BUS","PRARTHANA SAMAJ, HARKISHANDAS HOSPITAL",18.958505,72.819745,0,NULL
HYDERABAD_ESTATE_BUS,HYDERABAD ESTATE,18.956014,72.80085200000001,0,NULL
JMEHTA_MARG_NAPEAN_SEA_ROAD_BUS,J.MEHTA MARG (NAPEAN SEA ROAD),18.951086,72.796223,0,NULL
JOHAR_CHOWK_BHENDI_BAZAAR_BUS,JOHAR CHOWK (BHENDI BAZAAR),18.958097,72.830883,0,NULL
KASTURBA_GANDHI_CHOWK_CPTANK_BUS,KASTURBA GANDHI CHOWK (C.P.TANK),18.954453,72.825986,0,NULL
KHETWADI_GIRGAON_BUS,KHETWADI (GIRGAON),18.958046,72.822461,0,NULL
LALA_LAJPATRAI_COLLAGE_BUS,LALA LAJPATRAI COLLAGE,18.982098,72.814673,0,NULL
LALA_LAJPATRAI_COLLEGE_BUS,LALA LAJPATRAI COLLEGE,18.982116,72.814331,0,NULL
MAHARANA_PRATAP_CHOWK_MAZGAON_BUS,MAHARANA PRATAP CHOWK (MAZGAON),18.968385,72.840532,0,NULL
MADANPURA_BUS,MADANPURA,18.969876,72.828053,0,NULL
MAFATLAL_PARK_BUS,MAFATLAL PARK,18.973472,72.805763,0,NULL
MAFATLAL_PARK_BUS,MAFATLAL PARK,18.974683,72.80619,0,NULL
MAHARANA_PRATAP_CHOWK_MAZGAON_BUS,MAHARANA PRATAP CHOWK (MAZGAON),18.968113,72.840114,0,NULL
MAZGAON_COURT_BUS,MAZGAON COURT,18.968718,72.83868,0,NULL
MAZGAON_COURT_BUS,MAZGAON COURT,18.968826,72.838718,0,NULL
MUMBAI_CENTRAL_DEPOT_BUS,MUMBAI CENTRAL DEPOT,18.968202,72.824456,0,NULL
MUMBAI_CENTRAL_STATION_BUS,MUMBAI CENTRAL STATION,18.968715,72.822053,0,NULL
MUMBAI_CENTRAL_STATION_BUS,MUMBAI CENTRAL STATION,18.968804,72.820429,0,NULL
MUMBAI_CENTRAL_STATION_BUS,MUMBAI CENTRAL STATION,18.968054,72.820363,0,NULL
MUMBAI_CENTRAL_STATION_BUS,MUMBAI CENTRAL STATION,18.967666,72.82006,0,NULL
NAGPADA_POLICE_STATION_BUS,NAGPADA POLICE STATION,18.966652,72.82976499999999,0,NULL
NALANDA_CUMBALLA_HILL_BUS,NALANDA (CUMBALLA HILL),18.967114,72.807982,0,NULL
"NANA_CHOWK,_SHASTRI_HALL_BUS","NANA CHOWK, SHASTRI HALL",18.963613,72.813283,0,NULL
BHATIA_HOSPITAL_BUS,BHATIA HOSPITAL,18.964435,72.812969,0,NULL
NAVJEEVAN_SOCIETY_TARDEO_BUS,NAVJEEVAN SOCIETY (TARDEO),18.965316,72.81951100000001,0,NULL
"AHANSARI_CHOWK,_NEW_NAGPADA_BUS","A.H.ANSARI CHOWK, NEW NAGPADA",18.966582,72.83258499999999,0,NULL
"NOVELTY_CINEMA,_DRBHADKAMKAR_ROAD_BUS","NOVELTY CINEMA, DR.BHADKAMKAR ROAD",18.961847,72.81883000000001,0,NULL
PRIYADARSHINI_PARK_NAPEAN_SEA_ROAD_BUS,PRIYADARSHINI PARK (NAPEAN SEA ROAD),18.957133,72.79992,0,NULL
"SANTACRUZ_STATION_W_ROAD,_KASHIBAI_HOSPITAL_BUS","SANTACRUZ STATION (W) ROAD, KASHIBAI HOSPITAL",19.08505,72.83803399999999,0,NULL
"PARASMANI,_MADHUKUNJ_SOCIETY_BUS","PARASMANI, MADHUKUNJ SOCIETY",19.107982,72.829949,0,NULL
MANO-BINA_APARTMENTS_BUS,MANO-BINA APARTMENTS,19.116157,72.84096700000001,0,NULL
MANO-BINA_APARTMENTS_BUS,MANO-BINA APARTMENTS,19.116274,72.84081500000001,0,NULL
NANAVATI_HOSPITAL_BUS,NANAVATI HOSPITAL,19.095052,72.839519,0,NULL
PARSI_COLONY_JUHU_BUS,PARSI COLONY (JUHU),19.09976,72.827551,0,NULL
VILE_PARLE_W_BUS,VILE PARLE (W),19.101719,72.838849,0,NULL
VILE_PARLE_W_BUS,VILE PARLE (W),19.101637,72.83875399999999,0,NULL
ROYAL_HOTELJUHU_BUS,ROYAL HOTEL(JUHU),19.092135,72.828175,0,NULL
SANTACRUZ_DEPOT_BUS,SANTACRUZ DEPOT,19.091853,72.83859,0,NULL
SANTACRUZ_DEPOT_BUS,SANTACRUZ DEPOT,19.091962,72.838685,0,NULL
SANTACRUZ_DEPOT_BUS,SANTACRUZ DEPOT,19.092106,72.83876100000001,0,NULL
SANTACRUZ_DEPOT_BUS,SANTACRUZ DEPOT,19.091248,72.838381,0,NULL
KAPADIA_NAGAR_BUS,KAPADIA NAGAR,19.075178,72.872704,0,NULL
KUNCHI_KURVE_NAGAR_BUS,KUNCHI KURVE NAGAR,19.077245,72.869938,0,NULL
KURLA_STATION_W_BUS,KURLA STATION (W),19.067222,72.878998,0,NULL
KURLA_STATION_W_BUS,KURLA STATION (W),19.067294,72.878865,0,NULL
KURLA_DEPOT_BUS,KURLA DEPOT,19.075379,72.878823,0,NULL
"RAJMATA_AHILYABAI_HOLKAR_UDYAN,_KURLA_LION_S_PARK_BUS","RAJMATA AHILYABAI HOLKAR UDYAN, KURLA LION S PARK",19.060804,72.872702,0,NULL
LAXMANRAO_YADAV_MARKET_KURLA_MARKET_BUS,LAXMANRAO YADAV MARKET (KURLA MARKET),19.070375,72.87937700000001,0,NULL
"SANT_ROHIDAS_SABHAGURHA,_KURLA_POST_OFFICE_BUS","SANT ROHIDAS SABHAGURHA, KURLA POST OFFICE",19.063976,72.874088,0,NULL
"SANT_ROHIDAS_SABHAGURHA,_KURLA_POST_OFFICE_BUS","SANT ROHIDAS SABHAGURHA, KURLA POST OFFICE",19.064699,72.874449,0,NULL
KURLA_STATION_W_BUS,KURLA STATION (W),19.06724,72.879198,0,NULL
MAHATMA_PHULE_BHAVAN_VIDYA_NAGARI_BUS,MAHATMA PHULE BHAVAN (VIDYA NAGARI),19.069198,72.856954,0,NULL
MAHATMA_PHULE_BHAVAN_VIDYA_NAGARI_BUS,MAHATMA PHULE BHAVAN (VIDYA NAGARI),19.069234,72.85683,0,NULL
MILAN_SUBWAY_BUS,MILAN SUBWAY,19.090547,72.844112,0,NULL
MILITARY_OUTPOST_KALINA_BUS,MILITARY OUTPOST (KALINA),19.080573,72.859056,0,NULL
MILITARY_OUTPOST_KALINA_BUS,MILITARY OUTPOST (KALINA),19.080483,72.85908499999999,0,NULL
MOHAMMAD_ESTATE_BUS,MOHAMMAD ESTATE,19.073632,72.87120400000001,0,NULL
"MUKUND_COMPANY,_PWDOFFICE_KAMANI_BUS","MUKUND COMPANY, P.W.D.OFFICE (KAMANI)",19.08468,72.88994599999999,0,NULL
NAVAPADA_VIDYAVIHAR-W_BUS,NAVAPADA (VIDYAVIHAR-W),19.082394,72.889938,0,NULL
NEW_AGRIPADA_SANTACRUZ-E_BUS,NEW AGRIPADA (SANTACRUZ-E),19.087367,72.84399999999999,0,NULL
NEW_AIR_INDIA_QUARTERS_BUS,NEW AIR INDIA QUARTERS,19.080733,72.872274,0,NULL
NEW_AIR_INDIA_QUARTERS_BUS,NEW AIR INDIA QUARTERS,19.080824,72.872416,0,NULL
OLD_AGRA_ROAD_KURLA-W_BUS,OLD AGRA ROAD (KURLA-W),19.079029,72.879724,0,NULL
PHATAK_TECHNICAL_SCHOOL_BUS,PHATAK TECHNICAL SCHOOL,19.0809,72.8502167,0,NULL
RAHAT_APARTMENT_BUS,RAHAT APARTMENT,19.075298,72.87965,0,NULL
VAKOLA_POLICE_STATION_BUS,VAKOLA POLICE STATION,19.080556,72.846029,0,NULL
VIDYA_VIHAR_STWORKSHOP_BUS,VIDYA VIHAR S.T.WORKSHOP,19.080931,72.890812,0,NULL
SAFED_POOL_SAKI_NAKA_BUS,SAFED POOL (SAKI NAKA),19.096593,72.883622,0,NULL
SANTACRUZ_STATION_E_BUS,SANTACRUZ STATION (E),19.081069,72.842446,0,NULL
SHEETAL_CINEMA_KURLA-W_BUS,SHEETAL CINEMA (KURLA-W),19.082454,72.88214600000001,0,NULL
STMARY_SCHOOL_KALINA_BUS,ST.MARY SCHOOL (KALINA),19.078274,72.868531,0,NULL
SUNDAR_BAUG_KAMANI_BUS,SUNDAR BAUG (KAMANI),19.08682,72.887246,0,NULL
VAKOLA_POLICE_STATION_BUS,VAKOLA POLICE STATION,19.080234,72.85098000000001,0,NULL
VAKOLA_PIPE_LINE_BUS,VAKOLA PIPE LINE,19.081221,72.853953,0,NULL
VAKOLA_PIPE_LINE_BUS,VAKOLA PIPE LINE,19.080805,72.853155,0,NULL
VAKOLA_PIPE_LINE_BUS,VAKOLA PIPE LINE,19.0807667,72.85209999999999,0,NULL
VAKOLA_POLICE_STATION_BUS,VAKOLA POLICE STATION,19.08343,72.84675900000001,0,NULL
VAKOLA_POLICE_STATION_HANUMAN_MANDIR_BUS,VAKOLA POLICE STATION (HANUMAN MANDIR),19.079012,72.847227,0,NULL
VAKOLA_POLICE_STATION_BUS,VAKOLA POLICE STATION,19.082129,72.84631299999999,0,NULL
VIDYA_NAGARI_KALINA_BUS,VIDYA NAGARI (KALINA),19.073356,72.86097100000001,0,NULL
VIDYA_NAGARI_KALINA_BUS,VIDYA NAGARI (KALINA),19.073365,72.860809,0,NULL
VIDYA_NAGARI_KALINA_NEHRU_LIBRARY_BUS,VIDYA NAGARI (KALINA) NEHRU LIBRARY,19.071114,72.85872000000001,0,NULL
VIDYA_NAGARI_KALINA_NEHRU_LIBRARY_BUS,VIDYA NAGARI (KALINA) NEHRU LIBRARY,19.071132,72.85892,0,NULL
VIDYA_VIHAR_BUS_STATION_W_BUS,VIDYA VIHAR BUS STATION (W),19.079958,72.89659,0,NULL
ACHARYA_VINOBA_BHAVE_NAGAR_KURLA-W_BUS,ACHARYA VINOBA BHAVE NAGAR (KURLA-W),19.073718,72.881513,0,NULL
"NEHRU_NAGAR__KURLA-E,_TILAK_NAGAR_JUNCTION_BUS","NEHRU NAGAR  (KURLA-E), TILAK NAGAR JUNCTION",19.068337,72.888138,0,NULL
VIDYA_NAGARI_KALINA_BUS,VIDYA NAGARI (KALINA),19.073347,72.860923,0,NULL
ACHARYA_ATRE_CHOWK_WORLI_NAKA_BUS,ACHARYA ATRE CHOWK (WORLI NAKA),18.996907,72.816531,0,NULL
ADARSH_NAGAR_WORLI_VILLAGE_BUS,ADARSH NAGAR (WORLI VILLAGE),19.016434,72.82200400000001,0,NULL
ADARSH_NAGAR_WORLI_VILLAGE_BUS,ADARSH NAGAR (WORLI VILLAGE),19.015929,72.82306800000001,0,NULL
AGAR_BAZAR_BUS,AGAR BAZAR,19.018619,72.83394199999999,0,NULL
SANTACRUZ_POLICE_STATION_BUS,SANTACRUZ POLICE STATION,19.084344,72.835498,0,NULL
SANTACRUZ_POLICE_STATION_BUS,SANTACRUZ POLICE STATION,19.083277,72.834586,0,NULL
SANTACRUZ_POLICE_STATION_BUS,SANTACRUZ POLICE STATION,19.082943,72.834473,0,NULL
SANTACRUZ_STATION_W_ROAD_BUS,SANTACRUZ STATION (W) ROAD,19.080289,72.837829,0,NULL
SHASTRI_NAGAR_JUHU_BUS,SHASTRI NAGAR (JUHU),19.087243,72.83451700000001,0,NULL
SHOPPERS_STOP_ANDHERI-W_BUS,SHOPPERS STOP (ANDHERI-W),19.115381,72.84326799999999,0,NULL
SHOPPERS_STOP_ANDHERI-W_BUS,SHOPPERS STOP (ANDHERI-W),19.114568,72.842518,0,NULL
STATE_BANK_VILE_PARLE-W_BUS,STATE BANK (VILE PARLE-W),19.110602,72.829852,0,NULL
SUKHMANI_SOCIETY_BUS,SUKHMANI SOCIETY,19.113231,72.829859,0,NULL
VAIKUNTH_DHAM_BUS,VAIKUNTH DHAM,19.115367,72.823176,0,NULL
VAIKUNTH_DHAM_BUS,VAIKUNTH DHAM,19.115262,72.823234,0,NULL
VILE_PARLE_W_BUS,VILE PARLE (W),19.102216,72.83938999999999,0,NULL
YASHODHAM_BUS,YASHODHAM,19.088073,72.83290100000001,0,NULL
MITHIBAI_COLLEGE_BUS,MITHIBAI COLLEGE,19.103597,72.83693700000001,0,NULL
DRCOOPER_HOSPITAL_BUS,DR.COOPER HOSPITAL,19.108945,72.837086,0,NULL
BHARAT_NAGAR_VESAVE_BUS,BHARAT NAGAR (VESAVE),19.125413,72.822579,0,NULL
JUHU_SHOPPING_CENTRE_JVPD_BUS,JUHU SHOPPING CENTRE (JVPD),19.116062,72.835122,0,NULL
"DNNAGAR,_BARFIWALA_VIDYALAYA_BUS","D.N.NAGAR, BARFIWALA VIDYALAYA",19.123928,72.83049699999999,0,NULL
INDIAN_OIL_NAGAR_ANDHERI-W_BUS,INDIAN OIL NAGAR (ANDHERI-W),19.127307,72.831046,0,NULL
ESIC_NAGAR_BUS,ESIC NAGAR,19.121979,72.829904,0,NULL
AZAD_NAGAR_KALINA_BUS,AZAD NAGAR (KALINA),19.078653,72.866688,0,NULL
AMAR_BRASS_&_STEEL_COMPANY_BUS,AMAR BRASS & STEEL COMPANY,19.071976,72.865627,0,NULL
"ANJANABAI_MAGAR_CHOWK,_SWATANTRA_SAINIK_SURVE_CHOWK_BUS","ANJANABAI MAGAR CHOWK, SWATANTRA SAINIK SURVE CHOWK",19.071466,72.875604,0,NULL
"ANJANABAI_MAGAR_CHOWK,_SWATANTRA_SAINIK_SURVE_CHOWK_BUS","ANJANABAI MAGAR CHOWK, SWATANTRA SAINIK SURVE CHOWK",19.070011,72.875367,0,NULL
BAIL_BAZAR_BUS,BAIL BAZAR,19.086438,72.881013,0,NULL
BUDDHA_NAGAR_KURLA-W_BUS,BUDDHA NAGAR (KURLA-W),19.073456,72.880326,0,NULL
CHIRAG_NAGAR_BUS,CHIRAG NAGAR,19.08658,72.898117,0,NULL
DATTA_MANDIR_VAKOLA_BUS,DATTA MANDIR (VAKOLA),19.083,72.8532333,0,NULL
DRAMBEDKAR_BHAVAN_VIDYA_NAGARI_BUS,DR.AMBEDKAR BHAVAN (VIDYA NAGARI),19.072169,72.854653,0,NULL
GAONDEVI_JUNCTION_VAKOLA_BUS,GAONDEVI JUNCTION (VAKOLA),19.0824,72.8535667,0,NULL
GOL_BUILDING_KURLA-W_BUS,GOL BUILDING (KURLA-W),19.067446,72.87499800000001,0,NULL
"INDIRA_NAGAR_KAMANI,_KHALAI_VILLAGE_BUS","INDIRA NAGAR (KAMANI), KHALAI VILLAGE",19.081971,72.89436600000001,0,NULL
JARIMARI_SAKINAKA_BUS,JARIMARI (SAKINAKA),19.094687,72.883413,0,NULL
KALINA_BUS,KALINA,19.077775,72.862897,0,NULL
KALPANA_CINEMA_BUS,KALPANA CINEMA,19.077285,72.878528,0,NULL
KAMANI_BUS,KAMANI,19.084669,72.88548900000001,0,NULL
KAMANI_BUS,KAMANI,19.085103,72.886478,0,NULL
KAMANI_BUS,KAMANI,19.085085,72.887019,0,NULL
KAMANI_BUS,KAMANI,19.085067,72.887238,0,NULL
PHOENIX_MILL_BUS,PHOENIX MILL,18.995107,72.82558299999999,0,NULL
"PODDAR_HOSPITAL_WORLI,_SIDDHARTH_NAGAR_BUS","PODDAR HOSPITAL (WORLI), SIDDHARTH NAGAR",19.002706,72.81567099999999,0,NULL
"PODDAR_HOSPITAL_WORLI,_SIDDHARTH_NAGAR_BUS","PODDAR HOSPITAL (WORLI), SIDDHARTH NAGAR",19.001296,72.81543499999999,0,NULL
POLICE_CAMP_WORLI_BUS,POLICE CAMP (WORLI),19.008053,72.814431,0,NULL
PRABHADEVI_BUS,PRABHADEVI,19.013656,72.829396,0,NULL
PRABHADEVI_BUS,PRABHADEVI,19.013285,72.828513,0,NULL
PRABHADEVI_BUS,PRABHADEVI,19.015959,72.82834,0,NULL
PRABODHANKAR_THACKERAY_CHOWK_DADAR-W_BUS,PRABODHANKAR THACKERAY CHOWK (DADAR-W),19.020049,72.836562,0,NULL
RANADE_ROAD_DADAR-W_BUS,RANADE ROAD (DADAR-W),19.021603,72.837559,0,NULL
"DRRAVINDRA_KULKARNI_CHOWK,_SASMIRA_WORLI_BUS","DR.RAVINDRA KULKARNI CHOWK, SASMIRA (WORLI)",19.010127,72.820356,0,NULL
"MAHALAXMI_RACE_COURSE,_ZENITH_HOUSE_BUS","MAHALAXMI RACE COURSE, ZENITH HOUSE",18.979708,72.820297,0,NULL
"MAHALAXMI_RACE_COURSE,_ZENITH_HOUSE_BUS","MAHALAXMI RACE COURSE, ZENITH HOUSE",18.979917,72.820819,0,NULL
"AMBIKA_MILL_BUS_STATION,_HURAKHANGI_CHOWK_BUS","AMBIKA MILL BUS STATION, H.U.RAKHANGI CHOWK",18.988013,72.822816,0,NULL
RAM_GANESH_GADKARI_CHOWK_DADAR-W_BUS,RAM GANESH GADKARI CHOWK (DADAR-W),19.026086,72.840851,0,NULL
RAM_GANESH_GADKARI_CHOWK_DADAR-W_BUS,RAM GANESH GADKARI CHOWK (DADAR-W),19.026628,72.84092699999999,0,NULL
"PAREL_STDEPOT,_SANT_ROHIDAS_CHOWK_BUS","PAREL S.T.DEPOT, SANT ROHIDAS CHOWK",19.011563,72.832494,0,NULL
"PAREL_STDEPOT,_SANT_ROHIDAS_CHOWK_BUS","PAREL S.T.DEPOT, SANT ROHIDAS CHOWK",19.011599,72.832503,0,NULL
"PAREL_STDEPOT,_SANT_ROHIDAS_CHOWK_BUS","PAREL S.T.DEPOT, SANT ROHIDAS CHOWK",19.010532,72.831564,0,NULL
"PAREL_STDEPOT,_SANT_ROHIDAS_CHOWK_BUS","PAREL S.T.DEPOT, SANT ROHIDAS CHOWK",19.009268,72.83242,0,NULL
"JARIMARI_MATA_MANDIR,_STOFFICE_WORLI_BUS","JARIMARI MATA MANDIR, S.T.OFFICE (WORLI)",18.995,72.815697,0,NULL
"PAREL_STDEPOT,_SANT_ROHIDAS_CHOWK_BUS","PAREL S.T.DEPOT, SANT ROHIDAS CHOWK",19.00832,72.832734,0,NULL
"PAREL_STDEPOT,_SANT_ROHIDAS_CHOWK_BUS","PAREL S.T.DEPOT, SANT ROHIDAS CHOWK",19.009684,72.833654,0,NULL
SAYANI_MARG_BUS,SAYANI MARG,19.010613,72.83151599999999,0,NULL
VEER_HUTATMA_BHAI_KOTWAL_UDYAN_PLAZA_BUS,VEER HUTATMA BHAI KOTWAL UDYAN (PLAZA),19.02297,72.842392,0,NULL
"MAHAPOUR_NIWAS,_SHIVAJI_PARK_BUS","MAHAPOUR NIWAS, SHIVAJI PARK",19.028794,72.83761,0,NULL
"MAHAPOUR_NIWAS,_SHIVAJI_PARK_BUS","MAHAPOUR NIWAS, SHIVAJI PARK",19.028831,72.837667,0,NULL
"MAHAPOUR_NIWAS,_SHIVAJI_PARK_BUS","MAHAPOUR NIWAS, SHIVAJI PARK",19.028885,72.83757199999999,0,NULL
SIMPLEX_MILL_BUS,SIMPLEX MILL,18.97978,72.831236,0,NULL
SHREE_RAM_MILL_BUS,SHREE RAM MILL,18.997362,72.822048,0,NULL
STANDARD_MILL_BUS,STANDARD MILL,19.012634,72.826652,0,NULL
VEER_HUTATMA_BHAI_KOTWAL_UDYAN_PLAZA_BUS,VEER HUTATMA BHAI KOTWAL UDYAN (PLAZA),19.021073,72.84265000000001,0,NULL
VEER_HUTATMA_BHAI_KOTWAL_UDYAN_PLAZA_BUS,VEER HUTATMA BHAI KOTWAL UDYAN (PLAZA),19.021109,72.84213699999999,0,NULL
VEER_HUTATMA_BHAI_KOTWAL_UDYAN_PLAZA_BUS,VEER HUTATMA BHAI KOTWAL UDYAN (PLAZA),19.020902,72.842584,0,NULL
"VENUS_BUILDING,_WATUMAL_ENGGCOLLEGE_BUS","VENUS BUILDING, WATUMAL ENGG.COLLEGE",19.002034,72.811796,0,NULL
WORLI_DAIRY_BUS,WORLI DAIRY,18.998185,72.81149600000001,0,NULL
WORLI_DEPOT_BUS,WORLI DEPOT,19.013966,72.81988800000001,0,NULL
WORLI_DEPOT_BUS,WORLI DEPOT,19.013478,72.82004000000001,0,NULL
WORLI_VILLAGE_BUS,WORLI VILLAGE,19.016713,72.82073099999999,0,NULL
KAMGAR_STADIUM_PRABHADEVI_BUS,KAMGAR STADIUM (PRABHADEVI),19.011456,72.835362,0,NULL
WORLI_SEA_FACE_POST_OFFICE_BUS,WORLI SEA FACE POST OFFICE,19.016504,72.81885,0,NULL
RAM_GANESH_GADKARI_CHOWK_DADAR-W_BUS,RAM GANESH GADKARI CHOWK (DADAR-W),19.023981,72.839647,0,NULL
PASSPORT_OFFICE_WORLI_BUS,PASSPORT OFFICE (WORLI),19.011356,72.820916,0,NULL
DADAR_STATION_W_BUS,DADAR STATION (W),19.018317,72.841645,0,NULL
DADAR_STATION_W_BUS,DADAR STATION (W),19.018236,72.84137,0,NULL
"VANITA_SAMAJ,_CHAITYABHOOMI_BUS","VANITA SAMAJ, CHAITYABHOOMI",19.027267,72.83687,0,NULL
RAM_GANESH_GADKARI_CHOWK_DADAR-W_BUS,RAM GANESH GADKARI CHOWK (DADAR-W),19.024467,72.837879,0,NULL
WORLI_SEA_FACE_S_BUS,WORLI SEA FACE (S),19.015789,72.817645,0,NULL
WORLI_POST_OFFICE_BUS,WORLI POST OFFICE,19.005108,72.814956,0,NULL
KOHINOOR_PPL_GATE_NO2_BUS,KOHINOOR PPL GATE NO.2,19.02466,72.843132,0,NULL
KOHINOOR_PPL_GATE_NO2_BUS,KOHINOOR PPL GATE NO.2,19.0242,72.843019,0,NULL
BABASAHEB_WORLIKAR_CHOWK_CENTURY_BAZAAR_BUS,BABASAHEB WORLIKAR CHOWK (CENTURY BAZAAR),19.012387,72.822349,0,NULL
BABASAHEB_WORLIKAR_CHOWK_CENTURY_BAZAAR_BUS,BABASAHEB WORLIKAR CHOWK (CENTURY BAZAAR),19.012723,72.825863,0,NULL
BAWLA_MASJID_BUS,BAWLA MASJID,18.994514,72.831187,0,NULL
"S_BRIDGE,_MANDLIK_CHOWK_BUS","S BRIDGE, MANDLIK CHOWK",18.981036,72.831986,0,NULL
"S_BRIDGE,_MANDLIK_CHOWK_BUS","S BRIDGE, MANDLIK CHOWK",18.98072,72.831881,0,NULL
"CATERING_COLLEGE,_SURYAVANSHI_HALL_BUS","CATERING COLLEGE, SURYAVANSHI HALL",19.023146,72.834546,0,NULL
CITYLIGHT_CINEMA_BUS,CITYLIGHT CINEMA,19.030044,72.84179899999999,0,NULL
CITYLIGHT_CINEMA_BUS,CITYLIGHT CINEMA,19.029845,72.841751,0,NULL
CITYLIGHT_CINEMA_BUS,CITYLIGHT CINEMA,19.029809,72.84164699999999,0,NULL
KABUTARKHANA_DADAR-W_BUS,KABUTARKHANA (DADAR-W),19.018669,72.840154,0,NULL
DADAR_POLICE_STATION_BUS,DADAR POLICE STATION,19.014203,72.835379,0,NULL
DEEPAK_CINEMA_BUS,DEEPAK CINEMA,19.006919,72.83199399999999,0,NULL
DHAIRYAVAN_CHOWK_BUS,DHAIRYAVAN CHOWK,19.0313458,72.84275820000001,0,NULL
DOORDARSHAN_WORLI_BUS,DOORDARSHAN (WORLI),19.005942,72.818128,0,NULL
DOORDARSHAN_WORLI_BUS,DOORDARSHAN (WORLI),19.005635,72.81801400000001,0,NULL
DAWN_MILL_BUS,DAWN MILL,18.998144,72.828097,0,NULL
PRABHADEVI_STATION_W_BUS,PRABHADEVI STATION (W),19.007237,72.835337,0,NULL
"FLORA_HOTEL,_WATUMAL_ENGGCOLLEGE_BUS","FLORA HOTEL, WATUMAL ENGG.COLLEGE",19.00321,72.813562,0,NULL
"FLORA_HOTEL,_WATUMAL_ENGGCOLLEGE_BUS","FLORA HOTEL, WATUMAL ENGG.COLLEGE",19.00303,72.813771,0,NULL
COMRADE_GULABRAO_GANACHARYA_CHOWK_BUS,COMRADE GULABRAO GANACHARYA CHOWK,18.985778,72.831108,0,NULL
COMRADE_GULABRAO_GANACHARYA_CHOWK_BUS,COMRADE GULABRAO GANACHARYA CHOWK,18.98595,72.83106100000001,0,NULL
DAINIK_SHIVNER_BUS,DAINIK SHIVNER,18.99608,72.822705,0,NULL
DAINIK_SHIVNER_BUS,DAINIK SHIVNER,18.996785,72.822467,0,NULL
DAINIK_SHIVNER_BUS,DAINIK SHIVNER,18.993108,72.82240299999999,0,NULL
JIJAMATA_NAGAR_WORLI_BUS,JIJAMATA NAGAR (WORLI),18.993269,72.820105,0,NULL
KAMALA_MILL_BUS,KAMALA MILL,19.00296,72.82986,0,NULL
"KHEDGALLI,_SIDDHIVINAYAK_MANDIR_PRABHADEVI_BUS","KHEDGALLI, SIDDHIVINAYAK MANDIR (PRABHADEVI)",19.014716,72.832634,0,NULL
LOWER_PAREL_STATION_BUS,LOWER PAREL STATION,18.996899,72.83125200000001,0,NULL
LOWER_PAREL_STATION_BUS,LOWER PAREL STATION,18.997043,72.83137000000001,0,NULL
LOWER_PAREL_STATION_BUS,LOWER PAREL STATION,18.996782,72.831385,0,NULL
LOWER_PAREL_WORKSHOP_BUS,LOWER PAREL WORKSHOP,19.000901,72.831163,0,NULL
MAHALAXMI_STATION_BUS,MAHALAXMI STATION,18.983397,72.82448100000001,0,NULL
MHATRE_PEN_COMPANY_BUS,MHATRE PEN COMPANY,19.013563,72.837498,0,NULL
NMJOSHI_MARG_POLICE_STATION_BUS,N.M.JOSHI MARG POLICE STATION,18.991353,72.83146499999999,0,NULL
NEHRU_PLANETARIUM_WORLI_BUS,NEHRU PLANETARIUM (WORLI),18.98956,72.813783,0,NULL
NARAYAN_PUJARI_NAGAR_WORLI_BUS,NARAYAN PUJARI NAGAR (WORLI),18.994619,72.81379699999999,0,NULL
NATIONAL_ASSOCIATION_FOR_BLIND_NAB_BUS,NATIONAL ASSOCIATION FOR BLIND (NAB),19.011018,72.81623399999999,0,NULL
COMRADE_PKKURNE_CHOWK_WORLI__BUS,COMRADE P.K.KURNE CHOWK (WORLI ),19.004896,72.820921,0,NULL
COMRADE_PKKURNE_CHOWK_WORLI__BUS,COMRADE P.K.KURNE CHOWK (WORLI ),19.005438,72.821054,0,NULL
SHIVAJI_PARK_GYMKHANA_BUS,SHIVAJI PARK GYMKHANA,19.025759,72.83712800000001,0,NULL
DADAR_POLICE_STATION_BUS,DADAR POLICE STATION,19.014284,72.835199,0,NULL
BALBHARATI_KANDIVALI-W_BUS,BALBHARATI (KANDIVALI-W),19.200386,72.848761,0,NULL
RANA_&_SONS_BUS,RANA & SONS,19.210417,72.826835,0,NULL
CHARKOP_POLICE_STATION_BUS,CHARKOP POLICE STATION,19.214487,72.820898,0,NULL
CHARKOP_VILLAGE_BUS,CHARKOP VILLAGE,19.208715,72.821017,0,NULL
"ADITYA_APARTMENT,_CHIKOOWADI_BUS","ADITYA APARTMENT, CHIKOOWADI",19.220129,72.84074099999999,0,NULL
DAHANUKAR_WADI_BUS,DAHANUKAR WADI,19.20773,72.837237,0,NULL
DAHANUKAR_WADI_BUS,DAHANUKAR WADI,19.207492,72.837836,0,NULL
CHARKOP_EKDANT_SOCIETY_BUS,CHARKOP EKDANT SOCIETY,19.217983,72.820267,0,NULL
EKTA_NAGAR_KANDIVALI-W_BUS,EKTA NAGAR (KANDIVALI-W),19.213785,72.837074,0,NULL
GANESH_CHOWK_BUS,GANESH CHOWK,19.2154,72.83435299999999,0,NULL
GANESH_MANDIR_KANDIVALI-W_BUS,GANESH MANDIR (KANDIVALI-W),19.215635,72.82213299999999,0,NULL
SHIMPAVALI_NAKA_BUS,SHIMPAVALI NAKA,19.22347,72.85292099999999,0,NULL
SUVARNA_HOSPITAL_BORIVALI_-W_BUS,SUVARNA HOSPITAL (BORIVALI -W),19.2239,72.845854,0,NULL
SUVARNA_HOSPITAL_BORIVALI_-W_BUS,SUVARNA HOSPITAL (BORIVALI -W),19.223845,72.845702,0,NULL
VAISHALI_BHAVAN_KANDIVALI-W_BUS,VAISHALI BHAVAN (KANDIVALI-W),19.205114,72.838954,0,NULL
YASHKRIPA_BUILDING_BUS,YASHKRIPA BUILDING,19.221368,72.841995,0,NULL
PRABODHANKAR_THACKERAY_NAGAR_MARKET_CHARKOP_BUS,PRABODHANKAR THACKERAY NAGAR MARKET (CHARKOP),19.216155,72.828447,0,NULL
AGARKAR_CHOWK_ANDHERI-E_BUS,AGARKAR CHOWK (ANDHERI-E),19.11748,72.848038,0,NULL
AGARKAR_CHOWK_ANDHERI-E_BUS,AGARKAR CHOWK (ANDHERI-E),19.117453,72.848038,0,NULL
AGARKAR_CHOWK_ANDHERI-E_BUS,AGARKAR CHOWK (ANDHERI-E),19.118591,72.84828400000001,0,NULL
AGARKAR_CHOWK_ANDHERI-E_BUS,AGARKAR CHOWK (ANDHERI-E),19.119657,72.847808,0,NULL
AGARKAR_CHOWK_ANDHERI-E_BUS,AGARKAR CHOWK (ANDHERI-E),19.118844,72.848322,0,NULL
AGARKAR_CHOWK_ANDHERI-E_BUS,AGARKAR CHOWK (ANDHERI-E),19.12001,72.847903,0,NULL
AMRUT_SHAKTI_BUS,AMRUT SHAKTI,19.107873,72.897102,0,NULL
ASHIRWAD_SOCIETY_BUS,ASHIRWAD SOCIETY,19.112607,72.896568,0,NULL
BAHAR_CINEMA_BUS,BAHAR CINEMA,19.110907,72.853915,0,NULL
BAMANDAYA_PADA_BUS,BAMANDAYA PADA,19.122938,72.886888,0,NULL
BAMAN_PADA_CHAKALA_BUS,BAMAN PADA (CHAKALA),19.104613,72.858861,0,NULL
BELA_NIVAS_BUS,BELA NIVAS,19.114227,72.86176399999999,0,NULL
BEST_QUARRIES_CHANDIVALI_BUS,BEST QUARRIES (CHANDIVALI),19.111804,72.90094999999999,0,NULL
BLOSSOM_COMPANY_BUS,BLOSSOM COMPANY,19.117028,72.881569,0,NULL
C-CROSS_ROAD_SEEPZ__BUS,C-CROSS ROAD (SEEPZ ),19.122814,72.872118,0,NULL
CHAKALA_BUS,CHAKALA,19.113195,72.858951,0,NULL
CHAKALA_BUS,CHAKALA,19.115408,72.85742,0,NULL
CHAKALA_BUS,CHAKALA,19.114795,72.860927,0,NULL
CHAKALA_CIGARETTE_FACTORY_BUS,CHAKALA CIGARETTE FACTORY,19.107468,72.85886000000001,0,NULL
CHANDIVALI_VILLAGE_BUS,CHANDIVALI VILLAGE,19.114225,72.898839,0,NULL
CHHATRAPATI_SHIVAJI_INTERNATIONAL_AIRPORT_SAHAR_BUS,CHHATRAPATI SHIVAJI INTERNATIONAL AIRPORT (SAHAR),19.100664,72.87463,0,NULL
"DARPAN_CINEMA,_SAI_SERVICE_BUS","DARPAN CINEMA, SAI SERVICE",19.116979,72.85547,0,NULL
"DARPAN_CINEMA,_SAI_SERVICE_BUS","DARPAN CINEMA, SAI SERVICE",19.114918,72.85468299999999,0,NULL
DOMESTIC_AIRPORT_JUNCTION_BUS,DOMESTIC AIRPORT JUNCTION,19.09347,72.85153200000001,0,NULL
"DRDATTA_SAMANT_CHOWK,_SAKINAKA_BUS","DR.DATTA SAMANT CHOWK, SAKINAKA",19.105963,72.885385,0,NULL
"DRDATTA_SAMANT_CHOWK,_SAKINAKA_BUS","DR.DATTA SAMANT CHOWK, SAKINAKA",19.105385,72.88576500000001,0,NULL
"DRDATTA_SAMANT_CHOWK,_SAKINAKA_BUS","DR.DATTA SAMANT CHOWK, SAKINAKA",19.105258,72.885537,0,NULL
GANESH_PADA_BUS,GANESH PADA,19.120824,72.88551099999999,0,NULL
GANESH_PADA_BUS,GANESH PADA,19.12151,72.885777,0,NULL
GAUTAM_NAGAR_MIDC-MAROL_BUS,GAUTAM NAGAR (MIDC-MAROL),19.118432,72.869783,0,NULL
GAUTAM_NAGAR_MIDC-MAROL_BUS,GAUTAM NAGAR (MIDC-MAROL),19.118712,72.870153,0,NULL
GOKHALE_BRIDGE_ANDHERI-W_BUS,GOKHALE BRIDGE (ANDHERI-W),19.115538,72.84765899999999,0,NULL
"SHRI_SWAMI_SAMARTH_MUTT,_HANUMAN_ROAD_VILE_PARLE-E_BUS","SHRI SWAMI SAMARTH MUTT, HANUMAN ROAD (VILE PARLE-E)",19.103714,72.85142999999999,0,NULL
HANUMAN_SOCIETY_BUILDING_NO5_VILE_PARLE-E_BUS,HANUMAN SOCIETY BUILDING NO.5 (VILE PARLE-E),19.105187,72.85218,0,NULL
HANUMAN_SOCIETY_BUILDING_NO5_VILE_PARLE-E_BUS,HANUMAN SOCIETY BUILDING NO.5 (VILE PARLE-E),19.105097,72.852113,0,NULL
"ICICI_BANK__CHANDIVLI,_SINHAGAD_COLLEGE_BUS","ICICI BANK  (CHANDIVLI), SINHAGAD COLLEGE",19.113573,72.89663400000001,0,NULL
"ICICI_BANK__CHANDIVLI,_SINHAGAD_COLLEGE_BUS","ICICI BANK  (CHANDIVLI), SINHAGAD COLLEGE",19.113537,72.896682,0,NULL
INDIAN_OIL_SAHAR_BUS,INDIAN OIL (SAHAR),19.10321,72.87116899999999,0,NULL
JBNAGAR_ANDHERI-E_BUS,J.B.NAGAR (ANDHERI-E),19.10832,72.864571,0,NULL
"MAROL_VILLAGE,_LOKBHARTHI_BUS","MAROL VILLAGE, LOKBHARTHI",19.113422,72.88009700000001,0,NULL
JAMBHULPADA_BUS,JAMBHULPADA,19.094061,72.898894,0,NULL
JUNGLESHWAR_MAHADEO_MANDIR_BUS,JUNGLESHWAR MAHADEO MANDIR,19.100881,72.89858700000001,0,NULL
KHERANI_BAUG_BUS,KHERANI BAUG,19.102815,72.8991,0,NULL
KULKARNI_WADI_BUS,KULKARNI WADI,19.098451,72.89779,0,NULL
GANESH_SOCIETY_KANDIVALI-W_BUS,GANESH SOCIETY (KANDIVALI-W),19.219373,72.83084100000001,0,NULL
GOKHALE_HIGH_SCHOOL_BORIVALI_-W_BUS,GOKHALE HIGH SCHOOL (BORIVALI -W),19.223704,72.850914,0,NULL
"GOVERDHAN_NAGAR,_BORSAPADA_BUS","GOVERDHAN NAGAR, BORSAPADA",19.212256,72.84692800000001,0,NULL
HARIDAS_NAGAR_BUS,HARIDAS NAGAR,19.221706,72.847891,0,NULL
"HINDUSTAN_NAKA,_CCHARANSINGH_CHOWK_BUS","HINDUSTAN NAKA, C.CHARANSINGH CHOWK",19.20807,72.829367,0,NULL
INDIAN_EDUCATION_SCHOOL_KANDIVALI-W_BUS,INDIAN EDUCATION SCHOOL (KANDIVALI-W),19.213586,72.824094,0,NULL
JAY_GANGA_BUS,JAY GANGA,19.211768,72.820786,0,NULL
MAHATMA_GANDHI_SWIMMING_POOL_KANDIVALI-W_BUS,MAHATMA GANDHI SWIMMING POOL (KANDIVALI-W),19.205379,72.844251,0,NULL
KAMRAJ_NAGAR_KANDIVALI-W_BUS,KAMRAJ NAGAR (KANDIVALI-W),19.208625,72.834996,0,NULL
KANDIVALI_STATION_W_BUS,KANDIVALI STATION (W),19.204684,72.850809,0,NULL
KANDIVALI_STATION_W_BUS,KANDIVALI STATION (W),19.203947,72.850718,0,NULL
KANDIVALI_STATION_W_BUS,KANDIVALI STATION (W),19.205917,72.851668,0,NULL
KANDIVALI_VILLAGE_BUS,KANDIVALI VILLAGE,19.205694,72.84217700000001,0,NULL
"GANESH_MANDIR,_KASTUR_PARK_BUS","GANESH MANDIR, KASTUR PARK",19.223739,72.84853699999999,0,NULL
"GANESH_MANDIR,_KASTUR_PARK_BUS","GANESH MANDIR, KASTUR PARK",19.223658,72.84868899999999,0,NULL
MAHAVIR_NAGAR_KANDIVLI-W_BUS,MAHAVIR NAGAR (KANDIVLI-W),19.211952,72.83963300000001,0,NULL
MAHAVIR_NAGAR_-EXTENSION_KANDIVLI-W_BUS,MAHAVIR NAGAR -EXTENSION (KANDIVLI-W),19.215665,72.838813,0,NULL
DENA_BANK_KANDIVALI-W_BUS,DENA BANK (KANDIVALI-W),19.204244,72.848759,0,NULL
MAHAVIR_NAGAR_-EXTENSION_KANDIVLI-W_BUS,MAHAVIR NAGAR -EXTENSION (KANDIVLI-W),19.215113,72.837102,0,NULL
MILAP_TALKIES_BUS,MILAP TALKIES,19.196248,72.84751900000001,0,NULL
PADMAJA_SOCIETY_BUS,PADMAJA SOCIETY,19.204581,72.826003,0,NULL
NETAJI_SUBHASHCHANDRA_BOSE_SPORTS_COMPLEX_BUS,NETAJI SUBHASHCHANDRA BOSE SPORTS COMPLEX,19.2123,72.845235,0,NULL
CHARKOP_SECTOR_5_BUS,CHARKOP SECTOR 5,19.215457,72.825852,0,NULL
CHARKOP_SECTOR_8_BUS,CHARKOP SECTOR 8,19.214941,72.813059,0,NULL
PRABODHANKAR_THACKERAY_NAGAR_BUS_STATION_CHARKOP_BUS,PRABODHANKAR THACKERAY NAGAR BUS STATION (CHARKOP),19.215451,72.82923700000001,0,NULL
BHABREKAR_NAGAR_NO1_BUS,BHABREKAR NAGAR NO.1,19.205447,72.824034,0,NULL
PUNCHASHEEL_APARTMENTS_BUS,PUNCHASHEEL APARTMENTS,19.213372,72.841364,0,NULL
"DRAMBEDKAR_HOSPITAL,_PAREKH_NAGAR_BUS","DR.AMBEDKAR HOSPITAL, PAREKH NAGAR",19.208283,72.85064800000001,0,NULL
"MAHAVIR_NAGAR_EXTENSION_KANDIVLI-W,_PARIJAT_SOCIETY_BUS","MAHAVIR NAGAR EXTENSION (KANDIVLI-W), PARIJAT SOCIETY",19.214392,72.83950900000001,0,NULL
POISAR_DEPOT_BUS,POISAR DEPOT,19.213649,72.850987,0,NULL
POISAR_DEPOT_BUS,POISAR DEPOT,19.214137,72.85114900000001,0,NULL
PRAPTI_SOCIETY_BUS,PRAPTI SOCIETY,19.220716,72.839494,0,NULL
RASHMI_RATHI_SOCIETY_BUS,RASHMI RATHI SOCIETY,19.215446,72.835865,0,NULL
RENUKA_NAGAR_BUS,RENUKA NAGAR,19.211408,72.83587799999999,0,NULL
SAI_CHITRA_SOCIETY_KANDIVALI-W_BUS,SAI CHITRA SOCIETY (KANDIVALI-W),19.216285,72.82096300000001,0,NULL
SAI_SIDDHI_SOCIETY_KANDIVALI-W_BUS,SAI SIDDHI SOCIETY (KANDIVALI-W),19.215214,72.81614,0,NULL
SAIBABA_NAGAR_BORIVALI_-W_BUS,SAIBABA NAGAR (BORIVALI -W),19.217214,72.84504099999999,0,NULL
SHANTI_NAGAR_KANDIVALI-W_BUS,SHANTI NAGAR (KANDIVALI-W),19.206394,72.834703,0,NULL
NAHAR_ESTATE_BUS,NAHAR ESTATE,19.105642,72.89697,0,NULL
MARWAH_ROAD_JUNCTION_SAKI_VIHAR_ROAD_BUS,MARWAH ROAD JUNCTION (SAKI VIHAR ROAD),19.109216,72.887626,0,NULL
AGARKAR_CHOWK_ANDHERI-E_BUS,AGARKAR CHOWK (ANDHERI-E),19.119911,72.84879599999999,0,NULL
ASHOK_NAGAR_MAROL_MAROSHI_BUS,ASHOK NAGAR (MAROL MAROSHI),19.118032,72.88517,0,NULL
AGARKAR_CHOWK_ANDHERI-E_BUS,AGARKAR CHOWK (ANDHERI-E),19.117137,72.848,0,NULL
"CHANDVALI_STUDIO,_PETROL_PUMP_BUS","CHANDVALI STUDIO, PETROL PUMP",19.114513,72.897043,0,NULL
SAVITRIBAI_PHULE_NAGAR_BUS,SAVITRIBAI PHULE NAGAR,19.10046,72.86379599999999,0,NULL
"ACHARYA_GARDEN,_DIAMOND_GARDEN_BUS","ACHARYA GARDEN, DIAMOND GARDEN",19.051411,72.90044899999999,0,NULL
"SAMAJ_MANDIR_HALL_VASHI,_SECTOR_21_BUS","SAMAJ MANDIR HALL (VASHI), SECTOR 21",19.082367,73.00023,0,NULL
ADARSH_MARKET_BUS,ADARSH MARKET,19.013098,73.017842,0,NULL
AGARWADI_MANKHURD_BUS,AGARWADI (MANKHURD),19.045699,72.925921,0,NULL
ANUSHAKTI_NAGAR_BUS_STATION_BUS,ANUSHAKTI NAGAR BUS STATION,19.04242,72.926529,0,NULL
ANUSHAKTI_NAGAR_BUS_STATION_BUS,ANUSHAKTI NAGAR BUS STATION,19.042898,72.92638700000001,0,NULL
APMC_SECTOR_26_BUS,A.P.M.C SECTOR 26,19.086864,73.010608,0,NULL
APNA_BAZAR_VASHI_BUS,APNA BAZAR (VASHI),19.070876,72.9975,0,NULL
BALBHARATI_VIDYALAYA_KHARGHAR_BUS,BALBHARATI VIDYALAYA (KHARGHAR),19.034101,73.062839,0,NULL
BALBHARATI_VIDYALAYA_KHARGHAR_BUS,BALBHARATI VIDYALAYA (KHARGHAR),19.033712,73.06249699999999,0,NULL
BARC_GATE_NO6_BUS,B.A.R.C GATE NO.6,19.042123,72.933797,0,NULL
BASANT_TALKIES_BUS,BASANT TALKIES,19.045874,72.90413700000001,0,NULL
BELPADA_VILLAGE_BUS,BELPADA VILLAGE,19.029007,73.060233,0,NULL
BELPADA_VILLAGE_BUS,BELPADA VILLAGE,19.029052,73.06028000000001,0,NULL
BELPADA_VILLAGE_BUS,BELPADA VILLAGE,19.02804,73.059966,0,NULL
"SAMATA_NAGAR,_BONKODE_BUS","SAMATA NAGAR, BONKODE",19.094932,73.005764,0,NULL
CANARA_BANK_KHARGHAR_BUS,CANARA BANK (KHARGHAR),19.035446,73.064103,0,NULL
CHEETA_CAMP_BUS,CHEETA CAMP,19.038429,72.944712,0,NULL
CHINCHOLI_TALAO_NAVI_MUMBAI_BUS,CHINCHOLI TALAO (NAVI MUMBAI),19.046407,73.01754,0,NULL
CHINCHOLI_TALAO_NAVI_MUMBAI_BUS,CHINCHOLI TALAO (NAVI MUMBAI),19.046741,73.017578,0,NULL
APMC_FRUIT_AND_VEGETABLE_MARKET_BUS,A.P.M.C. FRUIT AND VEGETABLE MARKET,19.076592,73.009721,0,NULL
GANDHI_MARKET_CHEMBUR_BUS,GANDHI MARKET (CHEMBUR),19.045736,72.89607100000001,0,NULL
GHANSOLI_VILLAGE_BUS,GHANSOLI VILLAGE,19.12284,72.99966000000001,0,NULL
GHARKUL_BUS,GHARKUL,19.037913,73.07750900000001,0,NULL
GHARKUL_BUS,GHARKUL,19.038012,73.07808799999999,0,NULL
GOKHALE_VIDYALAYA_KHARGHAR_BUS,GOKHALE VIDYALAYA (KHARGHAR),19.041489,73.065921,0,NULL
GOVANDI_STATION_ROAD_E_BUS,GOVANDI STATION ROAD (E),19.052662,72.914186,0,NULL
HELAN_KELLAR_INSTITUTE_MAHAPE_BUS,HELAN KELLAR INSTITUTE (MAHAPE),19.113225,73.01230700000001,0,NULL
HIRANANDANI_COMPLEX_JUNCTION_KHARGHAR_BUS,HIRANANDANI COMPLEX JUNCTION (KHARGHAR),19.032888,73.066543,0,NULL
ICLSCHOOL_VASHI_BUS,I.C.L.SCHOOL (VASHI),19.073158,73.01247499999999,0,NULL
JALVAYU_VIHAR_KHARGHAR_BUS,JALVAYU VIHAR (KHARGHAR),19.049653,73.07028699999999,0,NULL
"JUI_NAGAR,_GAONDEVI_CHOWK_BUS","JUI NAGAR, GAONDEVI CHOWK",19.049208,73.017218,0,NULL
JUI_NAGAR_RAILWAY_STATION_BUS,JUI NAGAR RAILWAY STATION,19.055676,73.015463,0,NULL
KALAMBOLI_FIRE_BRIGADE_BUS,KALAMBOLI FIRE BRIGADE,19.02633,73.1052,0,NULL
KACHWADI_BUS,KACHWADI,19.052752,72.915953,0,NULL
KACHWADI_BUS,KACHWADI,19.052247,72.916932,0,NULL
KENDRIYA_VIHAR_SECTOR_12_BUS,KENDRIYA VIHAR (SECTOR 12),19.037595,73.065719,0,NULL
TEEN_TAKI_KOPAR_KHAIRANE_BUS,TEEN TAKI (KOPAR KHAIRANE),19.104898,73.003219,0,NULL
KOPARA_VILLAGE_BUS,KOPARA VILLAGE,19.036841,73.07282499999999,0,NULL
KOPARA_VILLAGE_BUS,KOPARA VILLAGE,19.037257,73.07296700000001,0,NULL
VASHI_SECTOR_29_BUS,VASHI SECTOR 29,19.089368,73.004897,0,NULL
MEGA_MART_BUS,MEGA MART,19.091734,73.005516,0,NULL
"MAHATMA_GANDHI_HOSPITAL,_PANVEL_NAKA_BUS","MAHATMA GANDHI HOSPITAL, PANVEL NAKA",19.018958,73.104927,0,NULL
MSEBOFFICE_KOPAR_KHAIRANE_BUS,M.S.E.B.OFFICE (KOPAR KHAIRANE),19.106858,73.002602,0,NULL
LUCKY_HOTEL_KHAIRANI_MARG_BUS,LUCKY HOTEL (KHAIRANI MARG),19.105162,72.89531599999999,0,NULL
LUCKY_HOTEL_KHAIRANI_MARG_BUS,LUCKY HOTEL (KHAIRANI MARG),19.105244,72.895107,0,NULL
"MAHANT_ROAD,_VILE_PARLE_E_BUS","MAHANT ROAD, VILE PARLE (E)",19.100282,72.85208799999999,0,NULL
MAHARASHTRA_KATA_SAKI_NAKA_BUS,MAHARASHTRA KATA (SAKI NAKA),19.103046,72.888864,0,NULL
MAHARASHTRA_KATA_SAKI_NAKA_BUS,MAHARASHTRA KATA (SAKI NAKA),19.103262,72.888171,0,NULL
MAROL_DEPOT_BUS,MAROL DEPOT,19.117914,72.865145,0,NULL
MAROL_DEPOT_BUS,MAROL DEPOT,19.117923,72.865116,0,NULL
MAROL_LIONS_CLUB_BUS,MAROL LIONS CLUB,19.109852,72.875319,0,NULL
MAROL_VILLAGE_BUS,MAROL VILLAGE,19.112094,72.87891,0,NULL
"MAROL_NAKA,_MATA_RAMABAI_AMBEDKAR_CHOWK_BUS","MAROL NAKA, MATA RAMABAI AMBEDKAR CHOWK",19.110034,72.878398,0,NULL
"MAROL_NAKA,_MATA_RAMABAI_AMBEDKAR_CHOWK_BUS","MAROL NAKA, MATA RAMABAI AMBEDKAR CHOWK",19.108056,72.880043,0,NULL
MHADA_COLONY_CHANDIVALI_BUS,MHADA COLONY (CHANDIVALI),19.111288,72.896787,0,NULL
MITTAL_ESTATE_MAROL_BUS,MITTAL ESTATE (MAROL),19.107588,72.883664,0,NULL
MOHILI_VILLAGE_BUS,MOHILI VILLAGE,19.098575,72.892658,0,NULL
MOHILI_VILLAGE_BUS,MOHILI VILLAGE,19.098557,72.892392,0,NULL
SHOPPING_PLAZA_POWAI_BUS,SHOPPING PLAZA (POWAI),19.111035,72.897481,0,NULL
SARVODAY_VILE_PARLE-W_BUS,SARVODAY (VILE PARLE-W),19.099848,72.852735,0,NULL
"NEW_QUARTERS,_MAHARSHI_VALMIKI_CHOWK_BUS","NEW QUARTERS, MAHARSHI VALMIKI CHOWK",19.103302,72.857494,0,NULL
OBEROI_GARDEN_CHANDIVLI_BUS,OBEROI GARDEN (CHANDIVLI),19.114828,72.893535,0,NULL
SAHAR_P_&_T_COLONY_NO2_BUS,SAHAR P & T COLONY NO.2,19.103548,72.861951,0,NULL
SAHAR_P_&_T_COLONY_NO1_BUS,SAHAR P & T COLONY NO.1,19.101453,72.863254,0,NULL
PARLE_TILAK_VIDYALAYA_BUS,PARLE TILAK VIDYALAYA,19.103088,72.847078,0,NULL
POST_OFFICE_POWAI_BUS,POST OFFICE (POWAI),19.106018,72.888892,0,NULL
RBI_COLONY_ANDHERI-E_BUS,R.B.I. COLONY (ANDHERI-E),19.110848,72.86207899999999,0,NULL
SAHAR_POLICE_STATION_BUS,SAHAR POLICE STATION,19.102038,72.876644,0,NULL
SAINATH_NAGAR_MIDC_-MAROL_BUS,SAINATH NAGAR (MIDC -MAROL),19.120946,72.87562699999999,0,NULL
SAMBHAJI_NAGAR_VILE_PARLE-E_BUS,SAMBHAJI NAGAR (VILE PARLE-E),19.1019,72.854795,0,NULL
CHAKALA_SATAMWADI_BUS,CHAKALA (SATAMWADI),19.11147,72.85990200000001,0,NULL
SHIVPREMI_NAGAR_BUS,SHIVPREMI NAGAR,19.09565,72.897829,0,NULL
SHIVPREMI_NAGAR_BUS,SHIVPREMI NAGAR,19.09519,72.897972,0,NULL
STATE_BANK_SAKI_NAKA_BUS,STATE BANK (SAKI NAKA),19.106379,72.887922,0,NULL
"SUMER_HOUSE,_SURAJ_DIAMOND_BUS","SUMER HOUSE, SURAJ DIAMOND",19.121532,72.873744,0,NULL
TARUN_BHARAT_SOCIETY_BUS,TARUN BHARAT SOCIETY,19.107848,72.86153,0,NULL
TARUN_WELL_SOCIETY_BUS,TARUN WELL SOCIETY,19.107804,72.863212,0,NULL
DOMESTIC_AIRPORT_TERMINAL_1-B_BUS,DOMESTIC AIRPORT TERMINAL 1-B,19.09349,72.85583699999999,0,NULL
DOMESTIC_AIRPORT_TERMINAL_1-B_BUS,DOMESTIC AIRPORT TERMINAL 1-B,19.093362,72.852672,0,NULL
VIJAY_NAGAR_MAROL_MAROSHI_BUS,VIJAY NAGAR (MAROL MAROSHI),19.121363,72.88007399999999,0,NULL
VIJAY_NAGAR_MAROL_MAROSHI_BUS,VIJAY NAGAR (MAROL MAROSHI),19.120153,72.87964700000001,0,NULL
VIJAY_NAGAR_SOCIETY_ANDHERI-E_BUS,VIJAY NAGAR SOCIETY (ANDHERI-E),19.114146,72.84747900000001,0,NULL
MAHARASHTRA_NAGAR_MANKHURD_BUS,MAHARASHTRA NAGAR (MANKHURD),19.051699,72.937738,0,NULL
MAITRI_PARK_BUS,MAITRI PARK,19.049669,72.905019,0,NULL
MANDALA_BUS,MANDALA,19.041743,72.93564000000001,0,NULL
MANKHURD_OCTROI_NAKA_BUS,MANKHURD OCTROI NAKA,19.05779,72.95623500000001,0,NULL
MANKHURD_STATION_SOUTH_BUS,MANKHURD STATION (SOUTH),19.042673,72.930415,0,NULL
"MATHADI_BHAVAN,_COMMODITY_EXCHANGE_BUS","MATHADI BHAVAN, COMMODITY EXCHANGE",19.078995,73.009151,0,NULL
MILLENNIUM_BUSINESS_PARK_MAHAPE_BUS,MILLENNIUM BUSINESS PARK (MAHAPE),19.1123833,73.0167833,0,NULL
NATHU_JOMA_PATIL_CHOWK_BUS,NATHU JOMA PATIL CHOWK,19.060655,73.01402,0,NULL
NERUL_VILLAGE_BUS,NERUL VILLAGE,19.036651,73.01513300000001,0,NULL
NERUL_RAILWAY_STATION_BUS,NERUL RAILWAY STATION,19.034274,73.017194,0,NULL
ONION_POTATO_MARKET_VASHI_BUS,ONION POTATO MARKET (VASHI),19.073738,73.005786,0,NULL
ONION_POTATO_MARKET_VASHI_BUS,ONION POTATO MARKET (VASHI),19.073865,73.005444,0,NULL
PANCHAVATI_BUS,PANCHAVATI,19.116633,73.002747,0,NULL
"REGENCY_GARDEN,_SBI_BUS","REGENCY GARDEN, SBI",19.044679,73.064156,0,NULL
MAHARASHTRA_NAGAR_MANKHURD_BUS,MAHARASHTRA NAGAR (MANKHURD),19.050732,72.936132,0,NULL
ASHA_USHA_COMPANY_BUS,ASHA USHA COMPANY,19.108486,72.924187,0,NULL
ASHOK_KEDARE_CHOWK_BUS,ASHOK KEDARE CHOWK,19.147731,72.92863699999999,0,NULL
ASHOK_KEDARE_CHOWK_BUS,ASHOK KEDARE CHOWK,19.147812,72.928533,0,NULL
ASIAN_PAINTS_BUS,ASIAN PAINTS,19.159305,72.937628,0,NULL
BARVE_NAGAR_BUS,BARVE NAGAR,19.097991,72.902066,0,NULL
BAYER_HOUSE_BUS,BAYER HOUSE,19.119577,72.91237099999999,0,NULL
BAYER_HOUSE_BUS,BAYER HOUSE,19.120435,72.91278,0,NULL
BHANDUP_POLICE_STATION_BUS,BHANDUP POLICE STATION,19.151382,72.937487,0,NULL
BHANDUP_STATION_W_BUS,BHANDUP STATION (W),19.144299,72.93782,0,NULL
BHANDUP_STATION_W_BUS,BHANDUP STATION (W),19.144434,72.937336,0,NULL
BHANDUP_STATION_W_ROAD_BUS,BHANDUP STATION (W) ROAD,19.146711,72.93648899999999,0,NULL
CEAT_COMPANY_BUS,CEAT COMPANY,19.154878,72.943409,0,NULL
KINGSTON_SEZ_POWAI_BUS,KINGSTON SEZ (POWAI),19.114256,72.91317100000001,0,NULL
CIBA_COMPANY_BUS,CIBA COMPANY,19.134758,72.928725,0,NULL
"CIPLA_COMPANY,_MILITARY_CANTEEN_BUS","CIPLA COMPANY, MILITARY CANTEEN",19.113735,72.926097,0,NULL
DAMODAR_PARK_BUS,DAMODAR PARK,19.095511,72.914469,0,NULL
DAMODAR_PARK_BUS,DAMODAR PARK,19.095556,72.914412,0,NULL
DARGAH_VIKHROLI-W_BUS,DARGAH (VIKHROLI-W),19.096622,72.915419,0,NULL
DOCKYARD_COLONY_KANJURMARG-W_BUS,DOCKYARD COLONY (KANJURMARG-W),19.131297,72.92672,0,NULL
"DRAMBEDKAR_UDYAN,_POWAI_BUS","DR.AMBEDKAR UDYAN, POWAI",19.124657,72.893978,0,NULL
"TEMBIPADA_NAKA,_VAIBHAV_CHOWK_BUS","TEMBIPADA NAKA, VAIBHAV CHOWK",19.154064,72.92957699999999,0,NULL
EKTA_NAGAR_POLICE_CHOWKY-_BHANDUP-W_BUS,EKTA NAGAR POLICE CHOWKY- BHANDUP-W,19.140729,72.926633,0,NULL
FOREST_CLUB_POWAI_BUS,FOREST CLUB (POWAI),19.114435,72.906936,0,NULL
MANGATRAM_PETROLPUMP_BUS,MANGATRAM PETROLPUMP,19.13895,72.93096799999999,0,NULL
"GAONDEVI_NAKA_BHANDUP-W,_MADHUKUN_BUILDING_BUS","GAONDEVI NAKA (BHANDUP-W), MADHUKUN BUILDING",19.154967,72.932115,0,NULL
GHATKOPAR_PIPE_LINE_BUS,GHATKOPAR PIPE LINE,19.087584,72.902878,0,NULL
GHATKOPAR_POLICE_STATION_BUS,GHATKOPAR POLICE STATION,19.086915,72.899799,0,NULL
GHATKOPAR_STATION_W_BUS,GHATKOPAR STATION (W),19.086818,72.908874,0,NULL
"HIRANANDANI,_POWAI_BUS_STATION_BUS","HIRANANDANI, POWAI BUS STATION",19.117705,72.905643,0,NULL
GHATKOPAR_STATION_W_BUS,GHATKOPAR STATION (W),19.085716,72.907554,0,NULL
GODREJ_COMPANY_VIKHROLI-W_BUS,GODREJ COMPANY (VIKHROLI-W),19.104194,72.921299,0,NULL
HANUMAN_MANDIR_BHANDUP-W_BUS,HANUMAN MANDIR (BHANDUP-W),19.157544,72.943561,0,NULL
HANUMAN_MANDIR_BARVE_NAGAR_BUS,HANUMAN MANDIR (BARVE NAGAR),19.093719,72.90381600000001,0,NULL
HANUMAN_NAGAR_BHANDUP-W_BUS,HANUMAN NAGAR (BHANDUP-W),19.139752,72.921747,0,NULL
HINDUSTAN_COMPANY_VIKHROLI-W_BUS,HINDUSTAN COMPANY (VIKHROLI-W),19.121865,72.925392,0,NULL
HIRANANDANI_POWAI_BUS,HIRANANDANI (POWAI),19.120569,72.906716,0,NULL
IITMAIN_GATE_POWAI_BUS,I.I.T.MAIN GATE (POWAI),19.125784,72.917046,0,NULL
IITMAIN_GATE_POWAI_BUS,I.I.T.MAIN GATE (POWAI),19.125369,72.917198,0,NULL
IITMARKET_POWAI_BUS,I.I.T.MARKET (POWAI),19.128802,72.91962100000001,0,NULL
INDUSTRIAL_ESTATE_VIKHROLI-W_BUS,INDUSTRIAL ESTATE (VIKHROLI-W),19.099829,72.91451499999999,0,NULL
JAMBHULPADA_BUS,JAMBHULPADA,19.094576,72.900272,0,NULL
JUNGAL_MANGAL_ROAD_BHANDUP-W_BUS,JUNGAL MANGAL ROAD (BHANDUP-W),19.150586,72.933837,0,NULL
KAILAS_INDUSTRIAL_ESTATE_BUS,KAILAS INDUSTRIAL ESTATE,19.112215,72.917733,0,NULL
KINGSTON_SEZ_POWAI_BUS,KINGSTON SEZ (POWAI),19.112765,72.910748,0,NULL
KRUPA_BUILDING_BUS,KRUPA BUILDING,19.094036,72.907884,0,NULL
MEENATAI_THACKERAY_MAIDAN_ANACIN_COMPANY_BUS,MEENATAI THACKERAY MAIDAN (ANACIN COMPANY),19.099504,72.917661,0,NULL
"SHIVAJI_MAIDAN,_MADINA_MASJID_BUS","SHIVAJI MAIDAN, MADINA MASJID",19.104066,72.914542,0,NULL
MUNICIPAL_GARDEN_VIKHROLI-W_BUS,MUNICIPAL GARDEN (VIKHROLI-W),19.109993,72.917801,0,NULL
MANGATRAM_PETROLPUMP_BUS,MANGATRAM PETROLPUMP,19.13885,72.93092,0,NULL
PARSIK_BANK_NERUL_BUS,PARSIK BANK (NERUL),19.040741,73.021433,0,NULL
PUNJAB_WADI_DEONAR_BUS,PUNJAB WADI (DEONAR),19.045281,72.91506200000001,0,NULL
PUNJAB_WADI_DEONAR_BUS,PUNJAB WADI (DEONAR),19.04557,72.914492,0,NULL
RFNAIK_SCHOOL_KOPAR_KHAIRANE_BUS,R.F.NAIK SCHOOL (KOPAR KHAIRANE),19.0986,73.00502299999999,0,NULL
RKSTUDIO_BUS,R.K.STUDIO,19.047736,72.907053,0,NULL
RAJ_KAPOOR_CHOWK_ANUSHAKTI_NAGAR_BUS,RAJ KAPOOR CHOWK (ANUSHAKTI NAGAR),19.043719,72.921513,0,NULL
RBICOLONY_CBDBELAPUR_BUS,R.B.I.COLONY (C.B.D.BELAPUR),19.022851,73.049334,0,NULL
SAIDHAM_SOCIETY_NERUL_BUS,SAIDHAM SOCIETY (NERUL),19.011689,73.014793,0,NULL
SANPADA_STATION_BUS,SANPADA STATION,19.067956,73.009775,0,NULL
SANPADA_TELEPHONE_EXCHANGE_SANT_NIRANKARI_BHAVAN_BUS,SANPADA TELEPHONE EXCHANGE (SANT NIRANKARI BHAVAN),19.059137,73.01393400000001,0,NULL
SANPADA_TELEPHONE_EXCHANGE_SANT_NIRANKARI_BHAVAN_BUS,SANPADA TELEPHONE EXCHANGE (SANT NIRANKARI BHAVAN),19.058839,73.014067,0,NULL
NERUL_SECTOR_42_BUS,NERUL SECTOR 42,19.015691,73.014984,0,NULL
"NERUL_SECTOR_46,_48_BUS","NERUL SECTOR 46, 48",19.009313,73.015666,0,NULL
"NERUL_SECTOR_46,_48_BUS","NERUL SECTOR 46, 48",19.008084,73.016378,0,NULL
"VASHI_SECTOR_9,16,_JUHU_NAGAR_MARKET_BUS","VASHI SECTOR 9,16, JUHU NAGAR MARKET",19.078555,72.99819599999999,0,NULL
SHAMRAO_VITHAL_BANK_JUI_NAGAR_BUS,SHAMRAO VITHAL BANK (JUI NAGAR),19.059628,73.00328399999999,0,NULL
SHIRAVANE_VILLAGE_BUS,SHIRAVANE VILLAGE,19.049567,73.021959,0,NULL
GANESH_SOCIETY_NERUL_BUS,GANESH SOCIETY (NERUL),19.028239,73.01651699999999,0,NULL
GANESH_SOCIETY_NERUL_BUS,GANESH SOCIETY (NERUL),19.028221,73.01665,0,NULL
SANT_RAJINDER_SINGH_ASHRAM_BUS,SANT RAJINDER SINGH ASHRAM,19.112956,73.00229,0,NULL
"SAURASHTRA_BANK,_STATE_BANK_VASHI_BUS","SAURASHTRA BANK, STATE BANK (VASHI)",19.079827,73.007622,0,NULL
TELECOM_FACTORY_BUS,TELECOM FACTORY,19.045164,72.918368,0,NULL
TELECOM_FACTORY_BUS,TELECOM FACTORY,19.045137,72.918406,0,NULL
TELECOM_FACTORY_BUS,TELECOM FACTORY,19.044433,72.918454,0,NULL
TERNA_VIDYALAYA_NERUL_BUS,TERNA VIDYALAYA (NERUL),19.038431,73.01464900000001,0,NULL
TERNA_ENGINEERING_COLLEGE_KOPAR_KHAIRANE_BUS,TERNA ENGINEERING COLLEGE (KOPAR KHAIRANE),19.11114,73.003563,0,NULL
THANE_BELAPUR_JUNCTION_BUS,THANE BELAPUR JUNCTION,19.067223,73.013395,0,NULL
TURBHE_NAKA_JANATA_MARKET_BUS,TURBHE NAKA (JANATA MARKET),19.069507,73.019087,0,NULL
VASHI_BUS_STATION_BUS,VASHI BUS STATION,19.072945,72.99775699999999,0,NULL
VASHI_BUS_STATION_BUS,VASHI BUS STATION,19.075954,72.99782399999999,0,NULL
VASHI_VILLAGE_BUS,VASHI VILLAGE,19.069586,72.987495,0,NULL
VASHI_RAILWAY_STATION_BUS,VASHI RAILWAY STATION,19.06401,72.998373,0,NULL
YASHWANTRAO_CHAVAN_MARG_JUNCTIONVASHI_BUS,YASHWANTRAO CHAVAN MARG JUNCTION(VASHI),19.06851,72.99613100000001,0,NULL
YERALA_MEDICAL_CENTRE_BUS,YERALA MEDICAL CENTRE,19.031798,73.060643,0,NULL
YERALA_MEDICAL_CENTRE_BUS,YERALA MEDICAL CENTRE,19.031617,73.060766,0,NULL
MAHARASHTRA_NAGAR_MANKHURD_BUS,MAHARASHTRA NAGAR (MANKHURD),19.05076,72.93617999999999,0,NULL
VASHI_SECTOR_19_BUS,VASHI SECTOR 19,19.083963,73.011842,0,NULL
MILLENNIUM_BUSINESS_PARK_MAHAPE_BUS,MILLENNIUM BUSINESS PARK (MAHAPE),19.113919,73.01639400000001,0,NULL
CHHEDA_NAGAR_BUS,CHHEDA NAGAR,19.069399,72.90493600000001,0,NULL
DAVCOLLEGE_BUS,D.A.V.COLLEGE,19.138752,72.93579699999999,0,NULL
GANDHI_MARKET_GHATKOPAR-E_BUS,GANDHI MARKET (GHATKOPAR-E),19.08099,72.90427699999999,0,NULL
GANDHI_NAGAR_KANJURMARG_BUS,GANDHI NAGAR (KANJURMARG),19.124982,72.925686,0,NULL
GARODIA_PALACE_BUS,GARODIA PALACE,19.074414,72.906674,0,NULL
"GARODIA_NAGAR,_RTO_BUS","GARODIA NAGAR, R.T.O",19.072282,72.90804199999999,0,NULL
KAMRAJ_NAGAR_GHATKOPAR-E_BUS,KAMRAJ NAGAR (GHATKOPAR-E),19.073177,72.90928700000001,0,NULL
GHATKOPAR_DEPOT_BUS,GHATKOPAR DEPOT,19.085954,72.919764,0,NULL
GHATKOPAR_DEPOT_BUS,GHATKOPAR DEPOT,19.085845,72.91985,0,NULL
GHATKOPAR_STATION_E_BUS,GHATKOPAR STATION (E),19.084777,72.90883700000001,0,NULL
"PESTOM_SAGAR,_GLASS_FACTORY_BUS","PESTOM SAGAR, GLASS FACTORY",19.07078,72.90122100000001,0,NULL
GODREJ_COMPANY_VIKHROLI-E_BUS,GODREJ COMPANY (VIKHROLI-E),19.101323,72.929131,0,NULL
GODREJ_SOAP_COMPANY_VIKHROLI-E_BUS,GODREJ SOAP COMPANY (VIKHROLI-E),19.093173,72.92608199999999,0,NULL
JAIN_MANDIR_GHATKOPAR-E_BUS,JAIN MANDIR (GHATKOPAR-E),19.081181,72.908562,0,NULL
JAIN_MANDIR_GHATKOPAR-E_BUS,JAIN MANDIR (GHATKOPAR-E),19.083114,72.90915099999999,0,NULL
JANATA_MARKET_VIKHROLI-E_BUS,JANATA MARKET (VIKHROLI-E),19.121226,72.94001,0,NULL
KANJUR_VILLAGE_BUS,KANJUR VILLAGE,19.1326,72.93625400000001,0,NULL
KANNAMWAR_NAGAR_NO1_BUS,KANNAMWAR NAGAR NO.1,19.113827,72.935591,0,NULL
KANNAMWAR_NAGAR_NO2_BUS,KANNAMWAR NAGAR NO.2,19.120061,72.938441,0,NULL
KANNAMWAR_NAGAR_NO2_BUS,KANNAMWAR NAGAR NO.2,19.120359,72.93830800000001,0,NULL
VIKHROLI_POLICE_STATION_BUS,VIKHROLI POLICE STATION,19.12119,72.937529,0,NULL
LAXMI_NAGAR_GHATKOPAR-E_BUS,LAXMI NAGAR (GHATKOPAR-E),19.089801,72.91571500000001,0,NULL
MARATHI_VIDYALAYA_GHATKOPAR-E_BUS,MARATHI VIDYALAYA (GHATKOPAR-E),19.088528,72.916951,0,NULL
KANNAMWAR_NAGAR_HOSPITAL_BUS,KANNAMWAR NAGAR HOSPITAL,19.114243,72.937226,0,NULL
NALANDA_SOCIETY_GHATKOPAR-E_BUS,NALANDA SOCIETY (GHATKOPAR-E),19.074831,72.912926,0,NULL
NITYANAND_NAGAR_BUS,NITYANAND NAGAR,19.091779,72.91273099999999,0,NULL
POLICE_STATION_PANT_NAGAR_BUS,POLICE STATION (PANT NAGAR),19.086531,72.91526,0,NULL
RAILWAY_POLICE_GROUND_GHATKOPAR-E_BUS,RAILWAY POLICE GROUND (GHATKOPAR-E),19.077424,72.913742,0,NULL
RAJAWADI_HOSPITAL_BUS,RAJAWADI HOSPITAL,19.078885,72.904031,0,NULL
SAHAKAR_TALKIES_CHEMBUR-W_BUS,SAHAKAR TALKIES (CHEMBUR-W),19.068483,72.899501,0,NULL
SAHAKAR_TALKIES_CHEMBUR-W_BUS,SAHAKAR TALKIES (CHEMBUR-W),19.0683746,72.8995132,0,NULL
SAIBABA_MANDIR_GHATKOPAR_BUS,SAIBABA MANDIR (GHATKOPAR),19.078354,72.910796,0,NULL
SHANKESHWAR_BUILDING_BUS,SHANKESHWAR BUILDING,19.074352,72.911035,0,NULL
SARVODAY_MAHABUDDHA_VIHAR_TILAK_NAGAR_CHEMBUR_BUS,SARVODAY MAHABUDDHA VIHAR (TILAK NAGAR CHEMBUR),19.067976,72.892875,0,NULL
SHIVAI_VIDYALAYA_BHANDUP-E_BUS,SHIVAI VIDYALAYA (BHANDUP-E),19.152738,72.94635599999999,0,NULL
SWAMI_NARAYAN_MANDIR_GHATKOPAR-E_BUS,SWAMI NARAYAN MANDIR (GHATKOPAR-E),19.077125,72.909333,0,NULL
TAGORE_NAGAR_JUNCTION_KANJURMARG-E_BUS,TAGORE NAGAR JUNCTION (KANJURMARG-E),19.124956,72.933346,0,NULL
TAGORE_NAGAR_JUNCTION_KANJURMARG-E_BUS,TAGORE NAGAR JUNCTION (KANJURMARG-E),19.125634,72.932785,0,NULL
TAGORE_NAGAR_NO5_VIKHROLI-E_BUS,TAGORE NAGAR NO.5 (VIKHROLI-E),19.125245,72.92887899999999,0,NULL
TAGORE_NAGAR_NO3_VIKHROLI-E_BUS,TAGORE NAGAR NO.3 (VIKHROLI-E),19.11978,72.932226,0,NULL
TAGORE_NAGAR_POST_OFFICE_VIKHROLI-E_BUS,TAGORE NAGAR POST OFFICE (VIKHROLI-E),19.115118,72.932616,0,NULL
"TAGORE_NAGAR_UDYAN,_VIKHROLI_BRIDGE_BUS","TAGORE NAGAR UDYAN, VIKHROLI BRIDGE",19.113339,72.933576,0,NULL
VIKAS_VIDYALAYA_BUS,VIKAS VIDYALAYA,19.118209,72.937425,0,NULL
VIKAS_VIDYALAYA_BUS,VIKAS VIDYALAYA,19.117612,72.93714,0,NULL
VIKHROLI_STATION_ROAD_E_BUS,VIKHROLI STATION ROAD (E),19.109535,72.931999,0,NULL
VIKHROLI_STATION_ROAD_E_BUS,VIKHROLI STATION ROAD (E),19.109743,72.931999,0,NULL
VIKHROLI_VILLAGE_BUS,VIKHROLI VILLAGE,19.103617,72.93006200000001,0,NULL
GHATKOPAR_DEPOT_BUS,GHATKOPAR DEPOT,19.08697,72.91886100000001,0,NULL
RTOGHATKOPAR-E_BUS,R.T.O.(GHATKOPAR-E),19.073232,72.911102,0,NULL
SAKHAR_BHAVAN_BUS,SAKHAR BHAVAN,18.926985,72.821167,0,NULL
BABULNATH_JUNCTION_BUS,BABULNATH JUNCTION,18.960123,72.80944100000001,0,NULL
SANT_MUKTABAI_HOSPITAL_BUS,SANT MUKTABAI HOSPITAL,19.097432,72.90439499999999,0,NULL
BARVE_NAGAR_BUS,BARVE NAGAR,19.097973,72.90199,0,NULL
NAGBABA_MANDIR_KAILAS_COMPLEX_BUS,NAGBABA MANDIR (KAILAS COMPLEX),19.114221,72.917495,0,NULL
NAHUR_RAILWAY_STATION_BUS,NAHUR RAILWAY STATION,19.153451,72.943618,0,NULL
NARDAS_NAGAR_BUS,NARDAS NAGAR,19.151597,72.928551,0,NULL
NARDAS_NAGAR_BUS,NARDAS NAGAR,19.151615,72.928579,0,NULL
PATKAR_COMPOUND_BHANDUP-W_BUS,PATKAR COMPOUND (BHANDUP-W),19.159719,72.93065,0,NULL
PRATAP_NAGAR_BHANDUP-W_BUS,PRATAP NAGAR (BHANDUP-W),19.139093,72.923753,0,NULL
RAMASHRAM_POWAI_BUS,RAMASHRAM (POWAI),19.120134,72.900548,0,NULL
RAMASHRAM_POWAI_BUS,RAMASHRAM (POWAI),19.120115,72.899873,0,NULL
RAM_BHAVAN_BUS,RAM BHAVAN,19.091551,72.903656,0,NULL
SAHYADRI_NAGAR_BHANDUP-W_BUS,SAHYADRI NAGAR (BHANDUP-W),19.143521,72.928068,0,NULL
SAIBABA_MANDIR_AMRUT_NAGAR_BUS,SAIBABA MANDIR (AMRUT NAGAR),19.09858,72.907787,0,NULL
SHIPPING_CORPORATION_POWAI_BUS,SHIPPING CORPORATION (POWAI),19.122843,72.898399,0,NULL
SHIVAJI_TALAO_BHANDUP-W_BUS,SHIVAJI TALAO (BHANDUP-W),19.147649,72.929616,0,NULL
SHIVAJI_TALAO_BHANDUP-W_BUS,SHIVAJI TALAO (BHANDUP-W),19.14755,72.929616,0,NULL
SUBHASH_NAGAR_BHANDUP-W_BUS,SUBHASH NAGAR (BHANDUP-W),19.159251,72.943884,0,NULL
TULSHETPADA_BUS,TULSHETPADA,19.160885,72.93123,0,NULL
USHA_NAGAR_BUS,USHA NAGAR,19.15215,72.941593,0,NULL
USHA_NAGAR_BUS,USHA NAGAR,19.152033,72.941755,0,NULL
"TEMBIPADA_NAKA,_VAIBHAV_CHOWK_BUS","TEMBIPADA NAKA, VAIBHAV CHOWK",19.154353,72.92985299999999,0,NULL
VARSHA_NAGAR_BUS,VARSHA NAGAR,19.106912,72.91727899999999,0,NULL
VIKHROLI_DEPOT_BUS,VIKHROLI DEPOT,19.101998,72.91958,0,NULL
VIKHROLI_DEPOT_BUS,VIKHROLI DEPOT,19.102766,72.919408,0,NULL
VIKHROLI_PARK_SITE_BUS,VIKHROLI PARK SITE,19.105023,72.91322099999999,0,NULL
VIKHROLI_STATION_ROAD_W_BUS,VIKHROLI STATION ROAD (W),19.111603,72.92574500000001,0,NULL
VIKHROLI_STATION_W_BUS,VIKHROLI STATION (W),19.110718,72.927532,0,NULL
GHATKOPAR_STATION_W_BUS,GHATKOPAR STATION (W),19.086385,72.908703,0,NULL
GATE_WAY_PLAZA_POWAI_BUS,GATE WAY PLAZA (POWAI),19.124085,72.913881,0,NULL
TATA_POWER_HOUSE_POWAI_BUS,TATA POWER HOUSE (POWAI),19.115973,72.91619300000001,0,NULL
TATA_POWER_HOUSE_POWAI_BUS,TATA POWER HOUSE (POWAI),19.116055,72.91624,0,NULL
HIRANANDANI_TELEPHONE_EXCHANGE_POWAI_BUS,HIRANANDANI TELEPHONE EXCHANGE (POWAI),19.118168,72.91524200000001,0,NULL
ADARSH_VIDYALAYA_KANJURMARG-E_BUS,ADARSH VIDYALAYA (KANJURMARG-E),19.136864,72.93458,0,NULL
AMAR_MAHAL_BUS,AMAR MAHAL,19.066101,72.900595,0,NULL
AMAR_MAHAL_BUS,AMAR MAHAL,19.066669,72.899816,0,NULL
AMAR_MAHAL_BUS,AMAR MAHAL,19.066787,72.89973999999999,0,NULL
BHANDUP_VILLAGE_E_BUS,BHANDUP VILLAGE (E),19.144219,72.950035,0,NULL
BHANDUP_VILLAGE_E_JUNCTION_BUS,BHANDUP VILLAGE (E) JUNCTION,19.155728,72.94916000000001,0,NULL
CGSCOLONY_BHANDUP-E_BUS,C.G.S.COLONY (BHANDUP-E),19.142004,72.938429,0,NULL
BABULNATH_BUS,BABULNATH,18.95781,72.80909200000001,0,NULL
BACKBAY_DEPOT_BUS,BACKBAY DEPOT,18.909745,72.817318,0,NULL
BIRLA_KRIDA_KENDRA_BUS,BIRLA KRIDA KENDRA,18.954336,72.81478199999999,0,NULL
CENTRAL_CINEMA_BUS,CENTRAL CINEMA,18.954565,72.818314,0,NULL
CHARNI_ROAD_RAILWAY_STATION_BUS,CHARNI ROAD RAILWAY STATION,18.950917,72.821099,0,NULL
CHIRA_BAZAR_BUS,CHIRA BAZAR,18.949664,72.82481300000001,0,NULL
CHIRA_BAZAR_BUS,CHIRA BAZAR,18.949348,72.824984,0,NULL
CHIRA_BAZAR_BUS,CHIRA BAZAR,18.949059,72.82525,0,NULL
CHOWPATTY_BAND_STAND_BUS,CHOWPATTY BAND STAND,18.955713,72.808685,0,NULL
AHILYABAI_HOLKAR_CHOWK_CHURCHGATE_BUS,AHILYABAI HOLKAR CHOWK (CHURCHGATE),18.933161,72.828795,0,NULL
AHILYABAI_HOLKAR_CHOWK_CHURCHGATE_BUS,AHILYABAI HOLKAR CHOWK (CHURCHGATE),18.931824,72.828273,0,NULL
AHILYABAI_HOLKAR_CHOWK_CHURCHGATE_BUS,AHILYABAI HOLKAR CHOWK (CHURCHGATE),18.93316,72.826639,0,NULL
AHILYABAI_HOLKAR_CHOWK_CHURCHGATE_BUS,AHILYABAI HOLKAR CHOWK (CHURCHGATE),18.9331333,72.8266333,0,NULL
TEEN_BATTI__WALKESHWAR_BUS,TEEN BATTI  (WALKESHWAR),18.948432,72.798333,0,NULL
THAKURDWAR_GIRGAON_BUS,THAKURDWAR (GIRGAON),18.951532,72.822267,0,NULL
THAKURDWAR_GIRGAON_BUS,THAKURDWAR (GIRGAON),18.952066,72.82319699999999,0,NULL
THAKURDWAR_GIRGAON_BUS,THAKURDWAR (GIRGAON),18.95323,72.821202,0,NULL
VEEJ_BHAVAN_BUS,VEEJ BHAVAN,18.921768,72.826601,0,NULL
VEEJ_BHAVAN_BUS,VEEJ BHAVAN,18.921479,72.827456,0,NULL
WANKHEDE_STADIUM_BUS,WANKHEDE STADIUM,18.93875,72.82431800000001,0,NULL
WHITE_HOUSE_BUS,WHITE HOUSE,18.951318,72.802746,0,NULL
WILSON_COLLEGE_BUS,WILSON COLLEGE,18.955914,72.81113499999999,0,NULL
WORLD_TRADE_CENTRE_BUS,WORLD TRADE CENTRE,18.914968,72.81863300000001,0,NULL
YASHWANTRAO_CHAVAN_PRATISHTHAN_MANTRALAYA_BUS,YASHWANTRAO CHAVAN PRATISHTHAN (MANTRALAYA),18.925543,72.825839,0,NULL
CRICKET_CLUB_OF_INDIA_BUS,CRICKET CLUB OF INDIA,18.930736,72.822616,0,NULL
TEEN_BAKDA_WALKESHWAR_BUS,TEEN BAKDA (WALKESHWAR),18.953462,72.80674999999999,0,NULL
AHILYABAI_HOLKAR_CHOWK_CHURCHGATE_BUS,AHILYABAI HOLKAR CHOWK (CHURCHGATE),18.936675,72.82733899999999,0,NULL
AHILYABAI_HOLKAR_CHOWK_BUS,AHILYABAI HOLKAR CHOWK,18.932943,72.827485,0,NULL
AJIT_GLASS_FACTORY_BUS,AJIT GLASS FACTORY,19.146494,72.843046,0,NULL
BANGUR_NAGAR_BUS,BANGUR NAGAR,19.168704,72.83532,0,NULL
BANGUR_NAGAR_POLICE_CHOWKY_BUS,BANGUR NAGAR POLICE CHOWKY,19.166274,72.835151,0,NULL
BANGUR_NAGAR_POLICE_CHOWKY_BUS,BANGUR NAGAR POLICE CHOWKY,19.165985,72.834895,0,NULL
BEHRAM_BAUG_BUS,BEHRAM BAUG,19.145605,72.836868,0,NULL
"BEST_NAGAR,_OSHIWARA_STAFF_QUARTERS_BUS","BEST NAGAR, OSHIWARA STAFF QUARTERS",19.153791,72.83893500000001,0,NULL
BHAGATSINGH_NAGAR_BUS,BHAGATSINGH NAGAR,19.156978,72.835301,0,NULL
BHAGATSINGH_NAGAR_BUS,BHAGATSINGH NAGAR,19.157267,72.835177,0,NULL
CCICOLONY_GOREGAON-W_BUS,C.C.I.COLONY (GOREGAON-W),19.16307,72.84008799999999,0,NULL
"RAJASTHANI_SAMMELAN_CAMPUS,_CHINCHVALI_BUS","RAJASTHANI SAMMELAN CAMPUS, CHINCHVALI",19.176733,72.845735,0,NULL
FAROOKH_VIDYALAYA_BUS,FAROOKH VIDYALAYA,19.131248,72.84764800000001,0,NULL
FILMISTAN_GOREGAON-W_BUS,FILMISTAN (GOREGAON-W),19.162848,72.845849,0,NULL
GOREGAON_W_BUS_STATION_BUS,GOREGAON (W) BUS STATION,19.163853,72.84903300000001,0,NULL
GOREGAON_W_BUS_STATION_BUS,GOREGAON (W) BUS STATION,19.163555,72.84912799999999,0,NULL
"GOREGAON,_OSHIWARA_DEPOT_BUS","GOREGAON, OSHIWARA DEPOT",19.153383,72.83563599999999,0,NULL
"GOREGAON,_OSHIWARA_DEPOT_BUS","GOREGAON, OSHIWARA DEPOT",19.152913,72.835722,0,NULL
"GOREGAON,_OSHIWARA_DEPOT_BUS","GOREGAON, OSHIWARA DEPOT",19.152804,72.835684,0,NULL
HARI_NIKETAN_SOCIETY_BUS,HARI NIKETAN SOCIETY,19.163291,72.83317599999999,0,NULL
INORBIT_MALL_BUS,INORBIT MALL,19.17249,72.836259,0,NULL
JAIN_MANDIR_GOREGAON-W_BUS,JAIN MANDIR (GOREGAON-W),19.160203,72.848598,0,NULL
JAIN_MANDIR_GOREGAON-W_BUS,JAIN MANDIR (GOREGAON-W),19.161883,72.848569,0,NULL
JOGESHWARI_W_BUS_STATION_BUS,JOGESHWARI (W) BUS STATION,19.133868,72.848283,0,NULL
JOGESHWARI_TABELA_BUS,JOGESHWARI TABELA,19.137833,72.845933,0,NULL
JOGESHWARI_TELEPHONE_EXCHANGE_BUS,JOGESHWARI TELEPHONE EXCHANGE,19.14139,72.84326900000001,0,NULL
MITHA_NAGAR_GOREGAON-W_BUS,MITHA NAGAR (GOREGAON-W),19.163222,72.837045,0,NULL
MOTILAL_NAGAR_NO2_BUS,MOTILAL NAGAR NO.2,19.164295,72.83497199999999,0,NULL
MOTILAL_NAGAR_NO2_BUS,MOTILAL NAGAR NO.2,19.163988,72.83483,0,NULL
OSHIWARA_BRIDGE_BUS,OSHIWARA BRIDGE,19.148672,72.843121,0,NULL
RAM_MANDIR_GOREGAON-W_BUS,RAM MANDIR (GOREGAON-W),19.152079,72.84460199999999,0,NULL
RAM_MANDIR_GOREGAON-W_BUS,RAM MANDIR (GOREGAON-W),19.151283,72.84406,0,NULL
SHASTRI_NAGAR_GOREGAON-W_BUS,SHASTRI NAGAR (GOREGAON-W),19.16032,72.834985,0,NULL
SIDDHARTH_NAGAR_GOREGAON-W_BUS,SIDDHARTH NAGAR (GOREGAON-W),19.159079,72.84339900000001,0,NULL
SRACOLONY_EXTENSION_BUS,S.R.A.COLONY (EXTENSION),19.149434,72.84842500000001,0,NULL
SRA_COLONY_RAM_MANDIR_BUS,S.R.A COLONY (RAM MANDIR),19.149371,72.848653,0,NULL
LOKMANYA_TILAK_NAGAR_GOREGAON-W_BUS,LOKMANYA TILAK NAGAR (GOREGAON-W),19.163234,72.84170399999999,0,NULL
VIVEK_VIDYALAYA_BUS,VIVEK VIDYALAYA,19.158239,72.843552,0,NULL
JOGESHWARI_W_BUS_STATION_BUS,JOGESHWARI (W) BUS STATION,19.134482,72.84815,0,NULL
"COOPERAGE_TELEPHONE_EXCHANGE,_YASHWANTRAO_CHAVAN_PRATISHTHAN_BUS","COOPERAGE TELEPHONE EXCHANGE, YASHWANTRAO CHAVAN PRATISHTHAN",18.925436,72.82805999999999,0,NULL
CUFFE_PARADE_MACCHIMAR_NAGAR_BUS,CUFFE PARADE MACCHIMAR NAGAR,18.917665,72.82464899999999,0,NULL
"DHOBI_GHAT,_DRAMBEDKAR_NAGAR_BACKBAY_BUS","DHOBI GHAT, DR.AMBEDKAR NAGAR (BACKBAY)",18.910875,72.818532,0,NULL
FREE_PRESS_JOURNAL_MARG_BUS,FREE PRESS JOURNAL MARG,18.922967,72.823553,0,NULL
BALBHAVAN_BUS,BALBHAVAN,18.951285,72.817482,0,NULL
GAONDEVI_POLICE_STATION_BUS,GAONDEVI POLICE STATION,18.9596667,72.812,0,NULL
GOVERNMENT_LAW_COLLEGE_BUS,GOVERNMENT LAW COLLEGE,18.936004,72.82414,0,NULL
GYMKHANA_BUS,GYMKHANA,18.945235,72.822433,0,NULL
DR_SHYAMAPRASAD_MUKHERJEE_CHOWKMUSEUM_BUS,DR. SHYAMAPRASAD MUKHERJEE CHOWK(MUSEUM),18.925691,72.830262,0,NULL
PRESIDENT_HOTEL_BUS,PRESIDENT HOTEL,18.913316,72.820836,0,NULL
HUTATMA_CHOWK_BUS,HUTATMA CHOWK,18.93628,72.830814,0,NULL
HUTATMA_CHOWK_BUS,HUTATMA CHOWK,18.932394,72.82964,0,NULL
INCOME_TAX_OFFICE_MARINE_LINES_BUS,INCOME TAX OFFICE (MARINE LINES),18.93821,72.82727199999999,0,NULL
MARINE_LINES_RAILWAY_STATION_KALA_NIKETAN_BUS,MARINE LINES RAILWAY STATION (KALA NIKETAN),18.941309,72.826538,0,NULL
MARINE_LINES_RAILWAY_STATION_KALA_NIKETAN_BUS,MARINE LINES RAILWAY STATION (KALA NIKETAN),18.941345,72.826396,0,NULL
MAJESTIC_CINEMA_BUS,MAJESTIC CINEMA,18.955107,72.819225,0,NULL
MANTRALAYA_BUS,MANTRALAYA,18.928261,72.823966,0,NULL
MARINE_DRIVE_BUS,MARINE DRIVE,18.941469,72.823671,0,NULL
MARINE_LINES_RAILWAY_STATION_BUS,MARINE LINES RAILWAY STATION,18.944262,72.825102,0,NULL
MARINE_LINES_RAILWAY_STATION_BUS,MARINE LINES RAILWAY STATION,18.94632,72.823629,0,NULL
MARINE_LINES_RAILWAY_STATION_BUS,MARINE LINES RAILWAY STATION,18.945986,72.823819,0,NULL
VASUDEO_BALWANT_PHADKE_CHOWK_DHOBI_TALAO_BUS,VASUDEO BALWANT PHADKE CHOWK (DHOBI TALAO),18.943044,72.82836,0,NULL
VASUDEO_BALWANT_PHADKE_CHOWK_DHOBI_TALAO_BUS,VASUDEO BALWANT PHADKE CHOWK (DHOBI TALAO),18.942314,72.82961299999999,0,NULL
VASUDEO_BALWANT_PHADKE_CHOWK_DHOBI_TALAO_BUS,VASUDEO BALWANT PHADKE CHOWK (DHOBI TALAO),18.942205,72.829481,0,NULL
MUMBAI_GYMKHANA_BUS,MUMBAI GYMKHANA,18.938104,72.830414,0,NULL
PTPALUSKAR_CHOWK_OPERA_HOUSE_BUS,PT.PALUSKAR CHOWK (OPERA HOUSE),18.955033,72.81632,0,NULL
PTPALUSKAR_CHOWK_OPERA_HOUSE_BUS,PT.PALUSKAR CHOWK (OPERA HOUSE),18.95524,72.81612,0,NULL
PTPALUSKAR_CHOWK_OPERA_HOUSE_BUS,PT.PALUSKAR CHOWK (OPERA HOUSE),18.954662,72.81626300000001,0,NULL
PTPALUSKAR_CHOWK_OPERA_HOUSE_BUS,PT.PALUSKAR CHOWK (OPERA HOUSE),18.955051,72.816168,0,NULL
PTPALUSKAR_CHOWK_OPERA_HOUSE_BUS,PT.PALUSKAR CHOWK (OPERA HOUSE),18.955919,72.81725,0,NULL
PARSI_AGYARI_BUS,PARSI AGYARI,18.950052,72.80170200000001,0,NULL
PRINCESS_STREET_KALBADEVI_BUS,PRINCESS STREET (KALBADEVI),18.945374,72.827028,0,NULL
"REKHA_SADAN,_JAIN_MANDIR_WALKESHWAR_BUS","REKHA SADAN, JAIN MANDIR (WALKESHWAR)",18.948721,72.798124,0,NULL
SKPATIL_GARDEN_CHARNI_ROAD_BUS,S.K.PATIL GARDEN (CHARNI ROAD),18.94921,72.821556,0,NULL
SHITAL_BAUG_BUS,SHITAL BAUG,18.952566,72.80488099999999,0,NULL
IRANI_BRIDGE_BUS,IRANI BRIDGE,18.959296,72.81457899999999,0,NULL
SUKH_SAGAR_BUS,SUKH SAGAR,18.956945,72.812872,0,NULL
SUKH_SAGAR_BUS,SUKH SAGAR,18.956061,72.81355600000001,0,NULL
BANDRA_RECLAMATION_BUS_STATION_BUS,BANDRA RECLAMATION BUS STATION,19.04794,72.82707000000001,0,NULL
BANDRA_TALAO_BUS,BANDRA TALAO,19.058878,72.83774,0,NULL
BANDRA_TALAO_BUS,BANDRA TALAO,19.058481,72.837788,0,NULL
BANDRA_TALKIES_BUS,BANDRA TALKIES,19.059428,72.835555,0,NULL
"BANDRA_TALKIES,_SHROFF_EYE_HOSPITAL_BUS","BANDRA TALKIES, SHROFF EYE HOSPITAL",19.060296,72.83717900000001,0,NULL
TELEPHONE_EXCHANGE_BANDRA-W_BUS,TELEPHONE EXCHANGE (BANDRA-W),19.051216,72.836406,0,NULL
BANK_OF_INDIA_BANDRA-W_BUS,BANK OF INDIA (BANDRA-W),19.055314,72.83132999999999,0,NULL
"MUNICIPAL_OFFICE,_BHABHA_HOSPITAL_BANDRA-W_BUS","MUNICIPAL OFFICE, BHABHA HOSPITAL (BANDRA-W)",19.057241,72.83396,0,NULL
DANDPADA_BUS,DANDPADA,19.075068,72.82614599999999,0,NULL
ELCO_MARKET_BUS,ELCO MARKET,19.055686,72.833173,0,NULL
FATHER_AGNEL_ASHRAM_BANDRA-W_BUS,FATHER AGNEL ASHRAM (BANDRA-W),19.045278,72.819282,0,NULL
"HILL_ROAD_GARDEN,_MEHBOOB_STUDIO_BUS","HILL ROAD GARDEN, MEHBOOB STUDIO",19.051795,72.824207,0,NULL
MAHIM_BUS,MAHIM,19.040948,72.840936,0,NULL
"KHAR_POLICE_STATION,_SACRED_HEART_SCHOOL_BUS","KHAR POLICE STATION, SACRED HEART SCHOOL",19.073911,72.837501,0,NULL
KHAR_STATION_W_ROAD_BUS,KHAR STATION (W) ROAD,19.070559,72.837418,0,NULL
KHAR_STATION_W_ROAD_BUS,KHAR STATION (W) ROAD,19.070342,72.837323,0,NULL
LIC_COLONY_KHAR-W_BUS,L.I.C COLONY (KHAR-W),19.066154,72.82989600000001,0,NULL
MAHIM_MACHHIMAR_NAGAR_BUS,MAHIM MACHHIMAR NAGAR,19.046334,72.843763,0,NULL
MAHIM_BUS,MAHIM,19.040984,72.840936,0,NULL
TATA_COLONY_BANDRA-E_BUS,TATA COLONY (BANDRA-E),19.061925,72.856616,0,NULL
MAHIM_BUS,MAHIM,19.040144,72.841364,0,NULL
MAHIM_PHATAK_BUS,MAHIM PHATAK,19.044618,72.844629,0,NULL
MAHIM_STATION_W_BUS,MAHIM STATION (W),19.039181,72.84696,0,NULL
MAHIM_BUS_STATION_BUS,MAHIM BUS STATION,19.043143,72.841903,0,NULL
MAHIM_PARADISE_BUS,MAHIM (PARADISE),19.040388,72.84138299999999,0,NULL
MAHIM_PARADISE_BUS,MAHIM (PARADISE),19.036775,72.84233500000001,0,NULL
"PADMASHREE_MOHAMMED_RAFI_CHOWK,_BANDRA_W_BUS","PADMASHREE MOHAMMED RAFI CHOWK, BANDRA (W)",19.053286,72.837925,0,NULL
MOTI_MAHAL_BANDRA-W_BUS,MOTI MAHAL (BANDRA-W),19.059399,72.83264699999999,0,NULL
MOTI_MAHAL_BANDRA-W_BUS,MOTI MAHAL (BANDRA-W),19.060186,72.83431899999999,0,NULL
"MOUNT_CARMEL_CHURCH,_LILAVATI_HOSPITAL_BUS","MOUNT CARMEL CHURCH, LILAVATI HOSPITAL",19.050903,72.827448,0,NULL
NATIONAL_COLLEGE_BANDRA-W_BUS,NATIONAL COLLEGE (BANDRA-W),19.063223,72.83734699999999,0,NULL
NATIONAL_COLLEGE_BANDRA-W_BUS,NATIONAL COLLEGE (BANDRA-W),19.064199,72.837261,0,NULL
OLD_KHAR_BUS,OLD KHAR,19.066159,72.83733599999999,0,NULL
PALI_HILL_NAKA_GURU_NANAK_ROAD_BUS,PALI HILL NAKA (GURU NANAK ROAD),19.060282,72.829521,0,NULL
PALI_HILL_NAKA_GURU_NANAK_ROAD_BUS,PALI HILL NAKA (GURU NANAK ROAD),19.059648,72.827783,0,NULL
PARIJAT_BUS,PARIJAT,19.051095,72.830241,0,NULL
PETIT_GIRL_S_SCHOOL_KHAR-W_BUS,PETIT GIRL S SCHOOL (KHAR-W),19.070641,72.825855,0,NULL
RIZVI_COLLEGE_BANDRA-W_BUS,RIZVI COLLEGE (BANDRA-W),19.068715,72.822901,0,NULL
RIZVI_COLLEGE_BANDRA-W_BUS,RIZVI COLLEGE (BANDRA-W),19.068109,72.82256,0,NULL
SARASWATI_VIDYAMANDIR_MAHIM_BUS,SARASWATI VIDYAMANDIR (MAHIM),19.035233,72.847172,0,NULL
SARASWATI_VIDYAMANDIR_MAHIM_BUS,SARASWATI VIDYAMANDIR (MAHIM),19.035269,72.84702900000001,0,NULL
SISTERS_BUNGALOW_BUS,SISTERS BUNGALOW,19.04873,72.821179,0,NULL
SHITALADEVI_TEMPLE_MAHIM_BUS,SHITALADEVI TEMPLE (MAHIM),19.033622,72.842271,0,NULL
SHITALADEVI_TEMPLE_MAHIM_BUS,SHITALADEVI TEMPLE (MAHIM),19.033667,72.842195,0,NULL
SHITALADEVI_TEMPLE_MAHIM_BUS,SHITALADEVI TEMPLE (MAHIM),19.036187,72.84230700000001,0,NULL
SHITALADEVI_TEMPLE_MAHIM_BUS,SHITALADEVI TEMPLE (MAHIM),19.036576,72.84225000000001,0,NULL
STXAVIERS_TECHNICAL_INSTITUTE_MAHIM_BUS,ST.XAVIERS TECHNICAL INSTITUTE (MAHIM),19.044678,72.83986899999999,0,NULL
TOBACCO_COMPANY_BUS,TOBACCO COMPANY,19.049746,72.82645100000001,0,NULL
UNIT_TRUST_OF_INDIA_BANDRA-W_BUS,UNIT TRUST OF INDIA (BANDRA-W),19.049937,72.828132,0,NULL
KFC_MARKET_BANDRA-W_BUS,K.F.C. MARKET (BANDRA-W),19.065986,72.834219,0,NULL
PRABODHANKAR_THACKERAY_UDYAN_BUS_STATION_SEWREE_BUS,PRABODHANKAR THACKERAY UDYAN BUS STATION (SEWREE),18.998178,72.852553,0,NULL
BANDRA_STATION_E_BUS,BANDRA STATION (E),19.054996,72.84204699999999,0,NULL
BANWARI_COMPOUND_BUS,BANWARI COMPOUND,19.046546,72.85104,0,NULL
BHARAT_NAGAR_BKC_BUS,BHARAT NAGAR (BKC),19.061638,72.859258,0,NULL
BANDRA_E_BUS_STATION_BUS,BANDRA (E) BUS STATION,19.055568,72.845305,0,NULL
INDIAN_OIL_OFFICE_BKC_BUS,INDIAN OIL OFFICE (BKC),19.060159,72.864503,0,NULL
"GANDHI_NAGAR__BANDRA-E,_CHETANA_COLLEGE_BUS","GANDHI NAGAR  (BANDRA-E), CHETANA COLLEGE",19.060249,72.84771499999999,0,NULL
COLLECTOR_OFFICE_BANDRA-E_BUS,COLLECTOR OFFICE (BANDRA-E),19.060964,72.849615,0,NULL
BHARAT_NAGAR_BANDRA-E_BUS,BHARAT NAGAR (BANDRA-E),19.065186,72.854619,0,NULL
DHARAVI_PUMPING_STATION_BUS,DHARAVI PUMPING STATION,19.047148,72.86143300000001,0,NULL
GS_COLONY_BANDRA-E_BUS,G.S COLONY (BANDRA-E),19.063682,72.847751,0,NULL
ICICI_BANK_BKC_BUS,ICICI BANK (BKC),19.064891,72.861527,0,NULL
ICICI_BANK_BKC_BUS,ICICI BANK (BKC),19.064865,72.86279,0,NULL
KALA_NAGAR_BANDRA-E_BUS,KALA NAGAR (BANDRA-E),19.0534,72.84695000000001,0,NULL
KALA_NAGAR_BANDRA-E_BUS,KALA NAGAR (BANDRA-E),19.053229,72.846846,0,NULL
KALA_NAGAR_BANDRA-E_MHADA_OFFICE_BUS,KALA NAGAR (BANDRA-E) MHADA OFFICE,19.054584,72.847719,0,NULL
KALA_NAGAR_BANDRA-E_BUS,KALA NAGAR (BANDRA-E),19.05658,72.846682,0,NULL
KHERWADI_BANDRA-E_BUS,KHERWADI (BANDRA-E),19.060375,72.84665099999999,0,NULL
KHERWADI_BANDRA-E_BUS,KHERWADI (BANDRA-E),19.060971,72.847126,0,NULL
LAXMI_TOWER_BKC_BUS,LAXMI TOWER (BKC),19.063817,72.86396000000001,0,NULL
MAHARASHTRA_NAGAR_BANDRA-E_BUS,MAHARASHTRA NAGAR (BANDRA-E),19.064732,72.851617,0,NULL
PATTHAR_NAGAR_BUS,PATTHAR NAGAR,19.063777,72.855504,0,NULL
PATTHAR_NAGAR_BUS,PATTHAR NAGAR,19.063759,72.85557,0,NULL
RESERVE_BANK_OF_INDIA_BKC_BUS,RESERVE BANK OF INDIA (BKC),19.057894,72.85311299999999,0,NULL
"RANI_LAXMIBAI_CHOWK,_SION_STATION_BUS","RANI LAXMIBAI CHOWK, SION STATION",19.047312,72.863086,0,NULL
SUBHASH_NAGAR_BANDRA-E_BUS,SUBHASH NAGAR (BANDRA-E),19.066058,72.847911,0,NULL
"CARDINAL_GRACIAS_SCHOOL,_TEACHER_S_COLONY_BUS","CARDINAL GRACIAS SCHOOL, TEACHER S COLONY",19.067746,72.846484,0,NULL
INCOME_TAX_OFFICE_BKC_BUS,INCOME TAX OFFICE (BKC),19.05916,72.854519,0,NULL
MUMBAI_CRICKET_ASSOCIATION_EAST_GATE_BUS,MUMBAI CRICKET ASSOCIATION EAST GATE,19.059094,72.866214,0,NULL
BANDRA_COLONY_BUS,BANDRA COLONY,19.0623,72.84852100000001,0,NULL
BANDRA_E_BUS_STATION_BUS,BANDRA (E) BUS STATION,19.05592,72.845181,0,NULL
BANDRA_BUS_STATION_BUS,BANDRA BUS STATION,19.055766,72.844877,0,NULL
DIAMOND_BOURSE_BKC_BUS,DIAMOND BOURSE (BKC),19.066511,72.865906,0,NULL
"KHAR,_14TH_ROAD_BUS","KHAR, 14TH ROAD",19.072336,72.832932,0,NULL
"16TH_ROAD,_KHAR_BUS","16TH ROAD, KHAR",19.073247,72.83081199999999,0,NULL
"DRAMBEDKAR_COLONY,_18TH_ROAD_KHAR_BUS","DR.AMBEDKAR COLONY, 18TH ROAD KHAR",19.073833,72.829083,0,NULL
"MUNICIPAL_GARDEN,_BAND_STAND_BANDRA-W_BUS","MUNICIPAL GARDEN, BAND STAND (BANDRA-W)",19.046362,72.819614,0,NULL
BANDRA_W_BUS_STATION_BUS,BANDRA (W) BUS STATION,19.054001,72.83976699999999,0,NULL
BANDRA_W_BUS_STATION_BUS,BANDRA (W) BUS STATION,19.05373,72.839673,0,NULL
BANDRA_W_BUS_STATION_BUS,BANDRA (W) BUS STATION,19.054236,72.83988100000001,0,NULL
GENERAL_ARUN_KUMAR_VAIDYA_MARG_JUNCTION_GOREGAON-E_BUS,GENERAL ARUN KUMAR VAIDYA MARG JUNCTION (GOREGAON-E),19.177102,72.858665,0,NULL
GENERAL_ARUN_KUMAR_VAIDYA_MARG_JUNCTION_GOREGAON-E_BUS,GENERAL ARUN KUMAR VAIDYA MARG JUNCTION (GOREGAON-E),19.174601,72.86057700000001,0,NULL
ADARSH_NAGAR_NAKA_AAREY_COLONY_BUS,ADARSH NAGAR NAKA (AAREY COLONY),19.15085,72.8822,0,NULL
ADARSH_NAGAR_NAKA_AAREY_COLONY_BUS,ADARSH NAGAR NAKA (AAREY COLONY),19.1508667,72.8822333,0,NULL
CENTRAL_DAIRY_AAREY_COLONY_BUS,CENTRAL DAIRY (AAREY COLONY),19.154211,72.878975,0,NULL
AAREY_UNIT_NO8_BUS,AAREY UNIT NO.8,19.169416,72.862121,0,NULL
ADARSH_NAGAR_KURAR_VILLAGE_BUS,ADARSH NAGAR (KURAR VILLAGE),19.187692,72.86328899999999,0,NULL
APPAPADA_BUS,APPAPADA,19.189709,72.866635,0,NULL
ASHOK_HOSPITAL_BUS,ASHOK HOSPITAL,19.188317,72.849929,0,NULL
BANDONGRI_BUS,BANDONGRI,19.199228,72.861,0,NULL
BANDONGRI_BUS,BANDONGRI,19.200429,72.86098,0,NULL
BIMBISAR_NAGAR_BUS,BIMBISAR NAGAR,19.146276,72.855822,0,NULL
ORDNANCE_FACTORY_MALAD-E_BUS,ORDNANCE FACTORY (MALAD-E),19.192151,72.855451,0,NULL
NEW_ZEALAND_HOSTEL_BUS,NEW ZEALAND HOSTEL,19.152212,72.87174,0,NULL
NIMBORPADA_BUS,NIMBORPADA,19.16424,72.882431,0,NULL
NAAGRI_NIWARA_1_&_2_BUS,NAAGRI NIWARA 1 & 2,19.172424,72.88005,0,NULL
NSC_COMPOUND_GOREGAON-E_BUS,N.S.C COMPOUND (GOREGAON-E),19.149619,72.85659,0,NULL
PATHANWADI_BUS,PATHANWADI,19.178285,72.85823600000001,0,NULL
PERU_BAUG_BUS,PERU BAUG,19.166149,72.85234,0,NULL
PERU_BAUG_BUS,PERU BAUG,19.166276,72.853281,0,NULL
PERU_BAUG_BUS,PERU BAUG,19.166267,72.85281500000001,0,NULL
PRABHU_HOTEL_KURAR_VILLAGE_MARG_JUNCTION_BUS,PRABHU HOTEL (KURAR VILLAGE MARG JUNCTION),19.179174,72.864378,0,NULL
PRAVASI_INDUSTRIAL_ESTATE_BUS,PRAVASI INDUSTRIAL ESTATE,19.17195,72.854038,0,NULL
PRAVASI_INDUSTRIAL_ESTATE_BUS,PRAVASI INDUSTRIAL ESTATE,19.17214,72.85404699999999,0,NULL
PUSHPA_PARK_MALAD-E_BUS,PUSHPA PARK (MALAD-E),19.188665,72.858154,0,NULL
PUSHPA_PARK_MALAD-E_BUS,PUSHPA PARK (MALAD-E),19.187925,72.85844,0,NULL
PUSHPA_PARK_MALAD-E_BUS,PUSHPA PARK (MALAD-E),19.187898,72.858459,0,NULL
PUSHPA_PARK_MALAD-E_BUS,PUSHPA PARK (MALAD-E),19.188449,72.858306,0,NULL
RBI_COLONY_GOREGAON-E_BUS,R.B.I COLONY (GOREGAON-E),19.172202,72.86991500000001,0,NULL
RAMGAD_ANITA_NAGAR_BUS,RAMGAD (ANITA NAGAR),19.197466,72.87873500000001,0,NULL
"SIR_ALIYAWAR_JUNG,_RANI_SATI_MARG_MALAD-E_BUS","SIR ALIYAWAR JUNG, RANI SATI MARG (MALAD-E)",19.181537,72.857483,0,NULL
"MODERN_BAKERY,_RESERVIOR_BUS","MODERN BAKERY, RESERVIOR",19.144634,72.877791,0,NULL
SAI_GARDEN_KANDIVALI-E_BUS,SAI GARDEN (KANDIVALI-E),19.199713,72.873666,0,NULL
SHREE_SAIBABA_COMPLEX_GOREGAON-E_BUS,SHREE SAIBABA COMPLEX (GOREGAON-E),19.168669,72.86745500000001,0,NULL
SAMANA_PARIWAR_MALAD-E_BUS,SAMANA PARIWAR (MALAD-E),19.176126,72.876093,0,NULL
SAMBHAJI_NAGAR_KANDIVALI-E_BUS,SAMBHAJI NAGAR (KANDIVALI-E),19.200746,72.863091,0,NULL
SAMBHAJI_NAGAR_KANDIVALI-E_BUS,SAMBHAJI NAGAR (KANDIVALI-E),19.200529,72.861969,0,NULL
SANTOSH_NAGAR_DINDOSHI_BUS,SANTOSH NAGAR (DINDOSHI),19.169115,72.875507,0,NULL
SATPUDA_SOCIETY_BUS,SATPUDA SOCIETY,19.169985,72.881401,0,NULL
STATE_BANK_COLONY_MALAD-E_BUS,STATE BANK COLONY (MALAD-E),19.180542,72.854327,0,NULL
TRIVENI_NAGAR_BUS,TRIVENI NAGAR,19.181965,72.863986,0,NULL
AAREY_UNIT_NO2_&_3_BUS,AAREY UNIT NO.2 & 3,19.164938,72.867485,0,NULL
AAREY_UNIT_NO2_&_3_BUS,AAREY UNIT NO.2 & 3,19.164811,72.867457,0,NULL
AAREY_UNIT_NO7_BUS,AAREY UNIT NO.7,19.158059,72.879144,0,NULL
AAREY_UNIT_NO7_BUS,AAREY UNIT NO.7,19.158321,72.87858300000001,0,NULL
AAREY_UNIT_NO10_CENTRAL_DAIRY_BUS,AAREY UNIT NO.10 (CENTRAL DAIRY),19.157797,72.868909,0,NULL
AAREY_UNIT_NO13_CENTRAL_DAIRY_BUS,AAREY UNIT NO.13 (CENTRAL DAIRY),19.156154,72.865741,0,NULL
AAREY_UNIT_NO7_BUS,AAREY UNIT NO.7,19.15925,72.88215,0,NULL
OLD_PUSHPA_PARK_BUS,OLD PUSHPA PARK,19.188664,72.856385,0,NULL
"VANRAI,_MHADA_COLONY_BUS","VANRAI, MHADA COLONY",19.153992,72.857072,0,NULL
"VANRAI,_MHADA_COLONY_BUS","VANRAI, MHADA COLONY",19.154154,72.856531,0,NULL
"VANRAI,_MHADA_COLONY_BUS","VANRAI, MHADA COLONY",19.154552,72.85720499999999,0,NULL
WAGHESHWARI_MANDIR_BUS,WAGHESHWARI MANDIR,19.175727,72.873165,0,NULL
WAGHESHWARI_MANDIR_BUS,WAGHESHWARI MANDIR,19.175781,72.873003,0,NULL
"VIRWANI_ESTATE,_SARVODAYA_NAGAR_BUS","VIRWANI ESTATE, SARVODAYA NAGAR",19.169794,72.859734,0,NULL
"VIRWANI_ESTATE,_SARVODAYA_NAGAR_BUS","VIRWANI ESTATE, SARVODAYA NAGAR",19.170679,72.859106,0,NULL
JAIBHIM_NAGAR_GOREGAON-E_BUS,JAIBHIM NAGAR (GOREGAON-E),19.170335,72.874803,0,NULL
GENERAL_ARUN_KUMAR_VAIDYA_MARG_JUNCTION_GOREGAON-E_BUS,GENERAL ARUN KUMAR VAIDYA MARG JUNCTION (GOREGAON-E),19.17442,72.860996,0,NULL
GENERAL_ARUN_KUMAR_VAIDYA_MARG_JUNCTION_GOREGAON-E_BUS,GENERAL ARUN KUMAR VAIDYA MARG JUNCTION (GOREGAON-E),19.174564,72.860435,0,NULL
IT_PARK_MAIN_GATE_MALAD-E_BUS,I.T. PARK MAIN GATE (MALAD-E),19.176101,72.881141,0,NULL
MAITREYEE_SOCIETY_BUS,MAITREYEE SOCIETY,19.174123,72.88122799999999,0,NULL
SANKALP_SOCIETY_BUS,SANKALP SOCIETY,19.17639,72.87950600000001,0,NULL
GOREGAON_STATION_E_BUS_STATION_BUS,GOREGAON STATION (E) BUS STATION,19.164314,72.850944,0,NULL
"VIRWANI_ESTATE,_SARVODAYA_NAGAR_BUS","VIRWANI ESTATE, SARVODAYA NAGAR",19.171104,72.858992,0,NULL
DAMU_NAGAR_EXTENSION_BUS,DAMU NAGAR (EXTENSION),19.2043333,72.8785333,0,NULL
DHIRAJ_VALLEY_SOCIETY_BUS,DHIRAJ VALLEY SOCIETY,19.168345,72.86929000000001,0,NULL
DINDOSHI_DEPOT_BUS,DINDOSHI DEPOT,19.175904,72.865701,0,NULL
DINDOSHI_DEPOT_BUS,DINDOSHI DEPOT,19.176202,72.865701,0,NULL
DINDOSHI_BUS_STATION_BUS,DINDOSHI BUS STATION,19.175995,72.86573,0,NULL
DOORDARSHAN_COLONY_BUS,DOORDARSHAN COLONY,19.169213,72.871172,0,NULL
DOORDARSHAN_COLONY_BUS,DOORDARSHAN COLONY,19.168996,72.871105,0,NULL
DRSUCHAK_CHOWK_BUS,DR.SUCHAK CHOWK,19.187549,72.85006300000001,0,NULL
ESIS_COLONY_KANDIVALI-E_BUS,E.S.I.S COLONY (KANDIVALI-E),19.200245,72.855018,0,NULL
DADASAHEB_PHALKE_CHITRANAGRI_BUS,DADASAHEB PHALKE CHITRANAGRI,19.163276,72.887593,0,NULL
GAUTAM_NAGAR_KANDIVALI-E_BUS,GAUTAM NAGAR (KANDIVALI-E),19.200194,72.878372,0,NULL
GOREGAON_CHECK_NAKA_NO1_BUS,GOREGAON CHECK NAKA NO.1,19.16645,72.85630399999999,0,NULL
GOREGAON_CHECK_NAKA_NO1_BUS,GOREGAON CHECK NAKA NO.1,19.166127,72.860354,0,NULL
GOREGAON_STATION_E_BUS,GOREGAON STATION (E),19.165019,72.851114,0,NULL
GOREGAON_STATION_E_BUS,GOREGAON STATION (E),19.165407,72.850525,0,NULL
GROVEL_COMPANY_BUS,GROVEL COMPANY,19.201594,72.860457,0,NULL
GROVEL_COMPANY_BUS,GROVEL COMPANY,19.201639,72.859696,0,NULL
HANUMAN_NAGAR_KANDIVALI-E_BUS,HANUMAN NAGAR (KANDIVALI-E),19.201227,72.86614299999999,0,NULL
HIRA_PARK_BUS,HIRA PARK,19.186345,72.860347,0,NULL
JAGAT_SATGURU_INDUSTRIAL_ESTATE_BUS,JAGAT SATGURU INDUSTRIAL ESTATE,19.170234,72.85436199999999,0,NULL
JAGAT_SATGURU_INDUSTRIAL_ESTATE_BUS,JAGAT SATGURU INDUSTRIAL ESTATE,19.170071,72.85432400000001,0,NULL
KANDIVALI_BUS_STATION_E_BUS,KANDIVALI BUS STATION (E),19.201816,72.853515,0,NULL
KOKAN_VIKAS_AAREY_COLONY_BUS,KOKAN VIKAS (AAREY COLONY),19.14341,72.870763,0,NULL
KRANTI_NAGAR_BUS,KRANTI NAGAR,19.194173,72.87260499999999,0,NULL
"FIRE_BRIGADE,_KRISHI_UDYOG_BUS","FIRE BRIGADE, KRISHI UDYOG",19.165379,72.864833,0,NULL
"FIRE_BRIGADE,_KRISHI_UDYOG_BUS","FIRE BRIGADE, KRISHI UDYOG",19.165172,72.865441,0,NULL
MAHINDRA_GATE_NO4_BUS,MAHINDRA GATE NO.4,19.200418,72.87551999999999,0,NULL
DESAI_MUNICIPAL_HOSPITAL_BUS,DESAI MUNICIPAL HOSPITAL,19.178579,72.85111499999999,0,NULL
MAHANANDA_DAIRY_BUS,MAHANANDA DAIRY,19.149574,72.856115,0,NULL
MAIN_PUMP_HOUSE_AAREY_COLONY_BUS,MAIN PUMP HOUSE (AAREY COLONY),19.139603,72.880303,0,NULL
MAIN_PUMP_HOUSE_AAREY_COLONY_BUS,MAIN PUMP HOUSE (AAREY COLONY),19.139414,72.88032200000001,0,NULL
"MAROSHI_NAKA,_PICNIC_POINT_BUS","MAROSHI NAKA, PICNIC POINT",19.136442,72.881854,0,NULL
MAYUR_NAGAR_AAREY_COLONY_BUS,MAYUR NAGAR (AAREY COLONY),19.155659,72.884317,0,NULL
MUNICIPAL_COLONY_SECTOR_-B_GOREGAON-E_BUS,MUNICIPAL COLONY SECTOR -B (GOREGAON-E),19.173462,72.87758700000001,0,NULL
MUNICIPAL_COLONY_SECTOR_-B_GOREGAON-E_BUS,MUNICIPAL COLONY SECTOR -B (GOREGAON-E),19.173832,72.87731100000001,0,NULL
MUNICIPAL_COLONY_SECTOR_-B_GOREGAON-E_BUS,MUNICIPAL COLONY SECTOR -B (GOREGAON-E),19.17348,72.877482,0,NULL
MUNICIPAL_COLONY_SECTOR_-D_GOREGAON-E_BUS,MUNICIPAL COLONY SECTOR -D (GOREGAON-E),19.173264,72.879498,0,NULL
NARSIPADA_BUS,NARSIPADA,19.201389,72.864993,0,NULL
KURLA_STDEPOT_BUS,KURLA S.T.DEPOT,19.056771,72.88440900000001,0,NULL
KURLA_STDEPOT_BUS,KURLA S.T.DEPOT,19.058415,72.88276500000001,0,NULL
SAHAKAR_NAGAR_SCLR-_KURLA-E_BUS,SAHAKAR NAGAR (SCLR- KURLA-E),19.063804,72.893964,0,NULL
"NEHRU_NAGAR__KURLA-E,_SHANTARAM_RAUT_CHOWK_BUS","NEHRU NAGAR  (KURLA-E), SHANTARAM RAUT CHOWK",19.061395,72.880008,0,NULL
SHANTI_NAGAR_WADALA-E_BUS,SHANTI NAGAR (WADALA-E),19.020134,72.874908,0,NULL
SHANTI_NAGAR_WADALA-E_BUS,SHANTI NAGAR (WADALA-E),19.020721,72.875117,0,NULL
TATA_COLONY_CHUNABHATTI_BUS,TATA COLONY (CHUNABHATTI),19.052864,72.874702,0,NULL
THAKKAR_BAPPA_COLONY_KURLA-E_BUS,THAKKAR BAPPA COLONY (KURLA-E),19.057667,72.88668,0,NULL
THAKKAR_BAPPA_COLONY_KURLA-E_BUS,THAKKAR BAPPA COLONY (KURLA-E),19.058805,72.887002,0,NULL
UMARSHI_BAPPA_CHOWK_BUS,UMARSHI BAPPA CHOWK,19.053855,72.888306,0,NULL
UMARSHI_BAPPA_CHOWK_BUS,UMARSHI BAPPA CHOWK,19.053954,72.88783100000001,0,NULL
VASHI_NAKA_CHEMBUR_BUS,VASHI NAKA (CHEMBUR),19.032763,72.89644699999999,0,NULL
WADALA_ROAD_MAHUL_BUS,WADALA ROAD (MAHUL),19.021378,72.89014400000001,0,NULL
WADALA_TRUCK_TERMINAL_MAIN_GATE_BUS,WADALA TRUCK TERMINAL (MAIN GATE),19.036379,72.879954,0,NULL
NEHRU_NAGAR_KURLA-E_BUS,NEHRU NAGAR (KURLA-E),19.06352,72.885385,0,NULL
"WADALA_MONO_RAIL_DEPOT,_BUS","WADALA MONO RAIL DEPOT,",19.038879,72.87393,0,NULL
WADALA_TRUCK_TERMINAL_MAIN_GATE_BUS,WADALA TRUCK TERMINAL (MAIN GATE),19.035965,72.879132,0,NULL
IMAX_CINEMA_BUS,IMAX CINEMA,19.030336,72.880308,0,NULL
RCFPOLICE_STATION_BUS,R.C.F.POLICE STATION,19.035744,72.895258,0,NULL
VISHNU_NAGAR_BUS,VISHNU NAGAR,19.0228,72.902682,0,NULL
"MMRDA_COLONY,_KOKARI_AGAR_BUS","M.M.R.D.A. COLONY, KOKARI AGAR",19.036683,72.87133799999999,0,NULL
MMRDACOLONY_MAHUL_BUS,M.M.R.D.A.COLONY (MAHUL),19.017213,72.890317,0,NULL
BHAKTI_BHAVAN_CHEMBUR_BUS,BHAKTI BHAVAN (CHEMBUR),19.052203,72.891442,0,NULL
VIVEKANAND_COLLEGE_CHEMBUR_BUS,VIVEKANAND COLLEGE (CHEMBUR),19.049781,72.88939999999999,0,NULL
LAL_DONGAR_BUS,LAL DONGAR,19.049482,72.886949,0,NULL
MMRDA_COLONY_EXTENSION_MAHUL_BUS,M.M.R.D.A. COLONY (EXTENSION) MAHUL,19.017573,72.887134,0,NULL
MMRDA_COLONY_EXTENSION_MAHUL_BUS,M.M.R.D.A. COLONY (EXTENSION) MAHUL,19.017564,72.887182,0,NULL
"MMRDA_COLONY,_KOKARI_AGAR_BUS","M.M.R.D.A. COLONY, KOKARI AGAR",19.036773,72.871813,0,NULL
ADARSH_NAGAR_BUS,ADARSH NAGAR,19.145384,72.83107,0,NULL
AMBOLI_NAKA_BUS,AMBOLI NAKA,19.128245,72.84143400000001,0,NULL
AMBOLI_NAKA_BUS,AMBOLI NAKA,19.127705,72.845845,0,NULL
AMBOLI_NAKA_BUS,AMBOLI NAKA,19.126776,72.847043,0,NULL
ANDHERI_STATION_W_BUS,ANDHERI STATION (W),19.119792,72.845983,0,NULL
ANDHERI_STATION_W_BUS,ANDHERI STATION (W),19.119312,72.845271,0,NULL
ANDHERI_STATION_W_BUS,ANDHERI STATION (W),19.119032,72.84508099999999,0,NULL
ANDHERI_STATION_W_BUS,ANDHERI STATION (W),19.119303,72.84541299999999,0,NULL
ANDHERI_STATION_W_BUS,ANDHERI STATION (W),19.119529,72.84567,0,NULL
ANDHERI_STATION_W_BUS,ANDHERI STATION (W),19.119493,72.84574600000001,0,NULL
ANDHERI_MARKET_BUS,ANDHERI MARKET,19.122898,72.844517,0,NULL
ANDHERI_MARKET_BUS,ANDHERI MARKET,19.123758,72.846598,0,NULL
ANDHERI_MARKET_BUS,ANDHERI MARKET,19.123451,72.846532,0,NULL
VESAVA_MARKET_BUS,VESAVA MARKET,19.13915,72.806684,0,NULL
"DNNAGAR,_BARFIWALA_VIDYALAYA_BUS","D.N.NAGAR, BARFIWALA VIDYALAYA",19.124181,72.830459,0,NULL
DHAKE_COLONY_BUS,DHAKE COLONY,19.127753,72.83289600000001,0,NULL
DNYANSAGAR_VIDYALAYA_BUS,DNYANSAGAR VIDYALAYA,19.145937,72.83335099999999,0,NULL
KAMLADEVI_JAIN_HIGH_SCHOOL_BUS,KAMLADEVI JAIN HIGH SCHOOL,19.133485,72.82861699999999,0,NULL
"RTO,_ANDHERI_BUS","RTO, ANDHERI",19.1327,72.830395,0,NULL
"RTO,_ANDHERI_BUS","RTO, ANDHERI",19.132556,72.830804,0,NULL
FOUR_BUNGALOWS_BUS,FOUR BUNGALOWS,19.131116,72.82548300000001,0,NULL
FOUR_BUNGALOWS_BUS,FOUR BUNGALOWS,19.129516,72.82503699999999,0,NULL
VERSOVA_VIEW_BUS,VERSOVA VIEW,19.125044,72.82467,0,NULL
GREEN_PARK_BUS,GREEN PARK,19.152819,72.830285,0,NULL
ACHARYA_VIDYANIKETAN_MAHUL_BUS,ACHARYA VIDYANIKETAN (MAHUL),19.027684,72.890816,0,NULL
ACHARYA_VIDYANIKETAN_MAHUL_BUS,ACHARYA VIDYANIKETAN (MAHUL),19.027765,72.889144,0,NULL
ACHARYA_VIDYANIKETAN_MAHUL_BUS,ACHARYA VIDYANIKETAN (MAHUL),19.027765,72.88915299999999,0,NULL
ANIK_DEPOT_BUS,ANIK DEPOT,19.04665,72.878201,0,NULL
CHEMBUR_COLONY_BUS,CHEMBUR COLONY,19.044515,72.89324999999999,0,NULL
KAMGAR_NAGAR_KURLA-E_BUS,KAMGAR NAGAR (KURLA-E),19.059437,72.88556699999999,0,NULL
BASANT_PARK_BUS,BASANT PARK,19.049918,72.89350399999999,0,NULL
BASANT_PARK_BUS,BASANT PARK,19.051526,72.893969,0,NULL
BHAKTI_PARK_GATE_ANIK_BUS,BHAKTI PARK GATE (ANIK),19.033009,72.879547,0,NULL
BHARAT_PETROLEUM_MAHUL_BUS,BHARAT PETROLEUM (MAHUL),19.013801,72.898297,0,NULL
JIJAMATA_NAGAR_MAHUL_BUS,JIJAMATA NAGAR (MAHUL),19.028171,72.888412,0,NULL
CALICO_CHEMICALS_BUS,CALICO CHEMICALS,19.022148,72.897904,0,NULL
CHEMBUR_COLONY_BUS,CHEMBUR COLONY,19.04457,72.89321200000001,0,NULL
"CHEMBUR_NAKA,_SWAMI_VIVEKANAND_CHOWK_BUS","CHEMBUR NAKA, SWAMI VIVEKANAND CHOWK",19.053947,72.893446,0,NULL
EVERARD_NAGAR_BUS,EVERARD NAGAR,19.050949,72.87517800000001,0,NULL
GADKARI_QUARRY_BUS,GADKARI QUARRY,19.019748,72.907764,0,NULL
GADKARI_QUARRY_BUS,GADKARI QUARRY,19.019568,72.90771700000001,0,NULL
GANESH_NAGAR_WADALA_BUS,GANESH NAGAR (WADALA),19.018052,72.86774800000001,0,NULL
GANESH_NAGAR_WADALA_BUS,GANESH NAGAR (WADALA),19.017963,72.86908699999999,0,NULL
GAWANGAON_REFINERIES_BUS,GAWANGAON REFINERIES,19.009971,72.898374,0,NULL
GAWANGAON_REFINERIES_BUS,GAWANGAON REFINERIES,19.009799,72.89843999999999,0,NULL
LUBE_INDIA_COMPANY_BUS,LUBE INDIA COMPANY,19.0071,72.90413100000001,0,NULL
LUBE_INDIA_COMPANY_BUS,LUBE INDIA COMPANY,19.006982,72.904853,0,NULL
JIJAMATA_NAGAR_MAHUL_BUS,JIJAMATA NAGAR (MAHUL),19.029291,72.887899,0,NULL
VASHI_VILLAGE_BUS,VASHI VILLAGE,19.031757,72.887309,0,NULL
KAMGAR_NAGAR_KURLA-E_BUS,KAMGAR NAGAR (KURLA-E),19.059654,72.88537700000001,0,NULL
KURLA_BUS_STATION_E_BUS,KURLA BUS STATION (E),19.0644333,72.8801833,0,NULL
NEHRU_NAGAR__KURLA-E_MUNICIPAL_SCHOOL_BUS,NEHRU NAGAR  (KURLA-E) MUNICIPAL SCHOOL,19.060817,72.88132899999999,0,NULL
MAHUL_MARKET_BUS,MAHUL MARKET,19.015388,72.890412,0,NULL
MARAWALI_CHURCH_BUS,MARAWALI CHURCH,19.040884,72.894031,0,NULL
MAZGAON_DOCK_BUS,MAZGAON DOCK,19.025154,72.88999,0,NULL
"MMRDA_COLONY,_GADKARI_QUARRY_BUS","M.M.R.D.A COLONY, GADKARI QUARRY",19.022115,72.90707,0,NULL
"MMRDA_COLONY,_GADKARI_QUARRY_BUS","M.M.R.D.A COLONY, GADKARI QUARRY",19.022142,72.90698500000001,0,NULL
NEHRU_NAGAR__KURLA-E_BUILDING_NO36_BUS,NEHRU NAGAR  (KURLA-E) BUILDING NO.36,19.063509,72.8811,0,NULL
PRIYADARSHINI_CHUNABHATTI_BUS,PRIYADARSHINI (CHUNABHATTI),19.052433,72.8793,0,NULL
PRIYADARSHINI_CHUNABHATTI_BUS,PRIYADARSHINI (CHUNABHATTI),19.052478,72.879357,0,NULL
RCF_CHEMBUR_BUS,R.C.F. (CHEMBUR),19.033736,72.889607,0,NULL
RCFCHEMBUR_GATE_NO1_BUS,R.C.F.(CHEMBUR) GATE NO.1,19.038597,72.891115,0,NULL
RCF_CHEMBUR_BUS,R.C.F. (CHEMBUR),19.034966,72.89199000000001,0,NULL
JOE_&_HELEN_D_MELLO_GARDEN_BUS,JOE & HELEN D MELLO GARDEN,19.129898,72.842393,0,NULL
INDIAN_OIL_NAGAR_ANDHERI-W_BUS,INDIAN OIL NAGAR (ANDHERI-W),19.12887,72.831197,0,NULL
JANKIDEVI_VIDYALAYA_BUS,JANKIDEVI VIDYALAYA,19.139911,72.82085600000001,0,NULL
AAI_TULJABHAVANI_CHOWK_BUS,AAI TULJABHAVANI CHOWK,19.142248,72.829162,0,NULL
MACHHALIMAR_VESAVA_BUS,MACHHALIMAR (VESAVA),19.133264,72.811936,0,NULL
MACHHALIMAR_VESAVA_BUS,MACHHALIMAR (VESAVA),19.133093,72.812088,0,NULL
BANK_OF_MAHARASHTRA_ANDHERI-W_BUS,BANK OF MAHARASHTRA (ANDHERI-W),19.140873,72.825807,0,NULL
BANK_OF_MAHARASHTRA_ANDHERI-W_BUS,BANK OF MAHARASHTRA (ANDHERI-W),19.141062,72.825731,0,NULL
MHADESHWAR_MANDIR_BUS,MHADESHWAR MANDIR,19.136806,72.823491,0,NULL
GEETANJALI_ANDHERI-W_BUS,GEETANJALI (ANDHERI-W),19.131263,72.84260999999999,0,NULL
MILLAT_NAGAR_BUS,MILLAT NAGAR,19.14933,72.828557,0,NULL
MILLAT_NAGAR_BUS,MILLAT NAGAR,19.149312,72.828548,0,NULL
KAMLAKAR_WALAWALKAR_UDYAN_BUS,KAMLAKAR WALAWALKAR UDYAN,19.152835,72.828307,0,NULL
MADH_MARKET_BUS,MADH MARKET,19.141286,72.78997099999999,0,NULL
MADH_SONAPUR_BUS,MADH SONAPUR,19.141987,72.796329,0,NULL
MADH_TEMPLE_BUS,MADH TEMPLE,19.140672,72.791093,0,NULL
MAHAPALIKA_PUMPING_CENTRE_MALVANI_BUS,MAHAPALIKA PUMPING CENTRE (MALVANI),19.1835333,72.82445,0,NULL
MAHAPALIKA_PUMPING_CENTRE_MALVANI_BUS,MAHAPALIKA PUMPING CENTRE (MALVANI),19.1835833,72.8245,0,NULL
ASMITA_JYOTI_BUS,ASMITA JYOTI,19.196713,72.82754,0,NULL
VITTHAL_MANDIR_KANDIVALI-W_BUS,VITTHAL MANDIR (KANDIVALI-W),19.200398,72.826358,0,NULL
MALATI_COTTAGE_BUS,MALATI COTTAGE,19.163184,72.78954899999999,0,NULL
MALATI_COTTAGE_BUS,MALATI COTTAGE,19.16341,72.789872,0,NULL
MALVANI_AKASHWANI_BUS,MALVANI AKASHWANI,19.196384,72.81099500000001,0,NULL
"MALVANI_VILLAGE,_MALVANI_CHURCH_BUS","MALVANI VILLAGE, MALVANI CHURCH",19.196419,72.808789,0,NULL
"MALVANI_DEPOT,_GAIKWAD_NAGAR_BUS","MALVANI DEPOT, GAIKWAD NAGAR",19.183635,72.819136,0,NULL
"MALVANI_DEPOT,_GAIKWAD_NAGAR_BUS","MALVANI DEPOT, GAIKWAD NAGAR",19.18293,72.819061,0,NULL
MARVE_BEACH-ESSEL_WORLD_BUS,MARVE BEACH-ESSEL WORLD,19.198958,72.798812,0,NULL
MARVE_VILLAGE_BUS,MARVE VILLAGE,19.194956,72.79950100000001,0,NULL
MARVE_VILLAGE_BUS,MARVE VILLAGE,19.19549,72.80009,0,NULL
SHANTI_NAGAR_MADH_BUS,SHANTI NAGAR (MADH),19.150321,72.790988,0,NULL
RATHODI_BUS,RATHODI,19.196678,72.816577,0,NULL
SHIVAJI_NAGAR_MADH_BUS,SHIVAJI NAGAR (MADH),19.141588,72.794467,0,NULL
SIR_JPPRIMARY_SCHOOL_BUS,SIR J.P.PRIMARY SCHOOL,19.170589,72.796948,0,NULL
TOWNSHIP_MUNICIPAL_SCHOOL_MALVANI_BUS,TOWNSHIP MUNICIPAL SCHOOL (MALVANI),19.196287,72.82481199999999,0,NULL
TOWNSHIP_MUNICIPAL_SCHOOL_MALVANI_BUS,TOWNSHIP MUNICIPAL SCHOOL (MALVANI),19.196214,72.824831,0,NULL
VYAS_WADI_BUS,VYAS WADI,19.147773,72.790734,0,NULL
VYAS_WADI_BUS,VYAS WADI,19.148224,72.7908,0,NULL
YOGASHRAM_BUS,YOGASHRAM,19.167792,72.79064700000001,0,NULL
SAIKRUPA_NAGAR_BUS,SAIKRUPA NAGAR,19.196127,72.80627,0,NULL
ABHINAV_SCHOOL_BUS,ABHINAV SCHOOL,19.302619,72.857913,0,NULL
ANAND_HOSPITAL_DAHISAR_BUS,ANAND HOSPITAL (DAHISAR),19.2577833,72.85943330000001,0,NULL
AANGAN_BUS,AANGAN,19.207933,72.872682,0,NULL
ASHIRWAD_HOSPITAL_BUS,ASHIRWAD HOSPITAL,19.256975,72.864923,0,NULL
ASHISH_COMPLEX_BUS,ASHISH COMPLEX,19.261535,72.861981,0,NULL
ASHOK_VAN_BUS,ASHOK VAN,19.242404,72.866653,0,NULL
ASMITA_SUPER_MARKET_BUS,ASMITA SUPER MARKET,19.273154,72.864542,0,NULL
AVDHUT_NAGAR_BUS,AVDHUT NAGAR,19.2565833,72.8591333,0,NULL
AYYAPA_MANDIR_BUS,AYYAPA MANDIR,19.275853,72.85986,0,NULL
AYYAPA_MANDIR_BUS,AYYAPA MANDIR,19.276042,72.85945100000001,0,NULL
AZAD_NAGAR_MIRA_ROAD_BUS,AZAD NAGAR (MIRA ROAD),19.296602,72.857212,0,NULL
MAHINDRA_COMPANY_GATE_BHAD_COLONY_BUS,MAHINDRA COMPANY GATE (B.H.A.D. COLONY),19.205608,72.865646,0,NULL
MAHINDRA_COMPANY_GATE_BHAD_COLONY_BUS,MAHINDRA COMPANY GATE (B.H.A.D. COLONY),19.205337,72.865437,0,NULL
"BHAYANDER_PHATAK,_JANAKI_RESIDENCY_BUS","BHAYANDER PHATAK, JANAKI RESIDENCY",19.297973,72.852397,0,NULL
GOLDEN_NESTBHAYANDER_BUS,GOLDEN NEST(BHAYANDER),19.294525,72.85716600000001,0,NULL
BHAYANDER_RAILWAY_STATION_W_BUS,BHAYANDER RAILWAY STATION (W),19.311839,72.851741,0,NULL
BHAYANDER_STATION_E_BUS,BHAYANDER STATION (E),19.309817,72.853379,0,NULL
BHAYANDER_MARKET_BUS,BHAYANDER MARKET,19.307776,72.855369,0,NULL
BHAYANDER_PADA_BUS,BHAYANDER PADA,19.283369,72.95230100000001,0,NULL
BORIVALI_E_STATION_BUS,BORIVALI (E) STATION,19.229354,72.85751999999999,0,NULL
BORIVALI_E_STATION_BUS,BORIVALI (E) STATION,19.229553,72.857748,0,NULL
BORIVALI_E_STATION_BUS,BORIVALI (E) STATION,19.23005,72.857663,0,NULL
BORIVALI_E_STATION_BUS,BORIVALI (E) STATION,19.228415,72.85783499999999,0,NULL
BORIVALI_E_STATION_BUS,BORIVALI (E) STATION,19.231224,72.858251,0,NULL
BORIVALI_E_STATION_BUS,BORIVALI (E) STATION,19.231531,72.85763300000001,0,NULL
BORIVALI_E_STATION_BUS,BORIVALI (E) STATION,19.227846,72.857949,0,NULL
OSHIWARA_POLICE_STATION_BUS,OSHIWARA POLICE STATION,19.148023,72.831429,0,NULL
GILBERT_HILL_BUS,GILBERT HILL,19.122877,72.839252,0,NULL
PICNIC_COTTAGE_VERSOVA_BUS,PICNIC COTTAGE (VERSOVA),19.130863,72.813982,0,NULL
RAMESH_NAGAR_ANDHERI-W_BUS,RAMESH NAGAR (ANDHERI-W),19.132049,72.842952,0,NULL
RIDDHI_SIDDHI_BUS,RIDDHI SIDDHI,19.137428,72.81044900000001,0,NULL
"RTO_ANDHERI-W,_NEW_VIKAS_HOUSING_SOCIETY_BUS","R.T.O. (ANDHERI-W), NEW VIKAS HOUSING SOCIETY",19.131965,72.825767,0,NULL
SEVEN_BUNGALOWS_BUS_STATION_BUS,SEVEN BUNGALOWS BUS STATION,19.131377,72.81992200000001,0,NULL
SEVEN_BUNGALOWS_BUS_STATION_BUS,SEVEN BUNGALOWS BUS STATION,19.131292,72.819855,0,NULL
SEVEN_BUNGALOWS_GARDEN_BUS,SEVEN BUNGALOWS GARDEN,19.129212,72.81733800000001,0,NULL
SEVEN_BUNGALOWS_GARDEN_BUS,SEVEN BUNGALOWS GARDEN,19.129167,72.817481,0,NULL
SKYLARK_BUS,SKYLARK,19.146455,72.82432900000001,0,NULL
SHREE_SWAMI_SAMARTH_NAGAR_BUS,SHREE SWAMI SAMARTH NAGAR,19.139237,72.825514,0,NULL
SHREE_SWAMI_SAMARTH_NAGAR_MARKET_BUS,SHREE SWAMI SAMARTH NAGAR MARKET,19.144954,72.823599,0,NULL
VEERA_DESAI_ROAD_BUS,VEERA DESAI ROAD,19.134738,72.83758,0,NULL
VESAVA_VILLAGE_BUS,VESAVA VILLAGE,19.138446,72.80678899999999,0,NULL
VESAVA-YARI_ROAD_BUS_STATION_BUS,VESAVA-YARI ROAD BUS STATION,19.1395167,72.8081667,0,NULL
YARI_ROAD_BUS,YARI ROAD,19.139451,72.809535,0,NULL
PRATAP_SOCIETY_ANDHERI-W_BUS,PRATAP SOCIETY (ANDHERI-W),19.129912,72.82295499999999,0,NULL
SEVEN_BUNGALOWS_BUS,SEVEN BUNGALOWS,19.130534,72.820483,0,NULL
PRATHAMESH_COMPLEX_BUS,PRATHAMESH COMPLEX,19.13761,72.837273,0,NULL
VEERA_DESAI_ROAD_EXTENSION_BUS,VEERA DESAI ROAD (EXTENSION),19.139896,72.837205,0,NULL
VEERA_DESAI_ROAD_EXTENSION_BUS,VEERA DESAI ROAD (EXTENSION),19.140049,72.837367,0,NULL
SAROTAPADA_ANDHERI-W_BUS,SAROTAPADA (ANDHERI-W),19.132931,72.83757199999999,0,NULL
AKSA_BEACH_BUS,AKSA BEACH,19.173562,72.797325,0,NULL
AKSA_BEACH_BUS,AKSA BEACH,19.173128,72.79723,0,NULL
BAFIRA_NAGAR_BUS,BAFIRA NAGAR,19.197602,72.82057,0,NULL
BHUMI_COMPLEX_BUS,BHUMI COMPLEX,19.200702,72.821499,0,NULL
GURUDWAR_MALAD-W_BUS,GURUDWAR (MALAD-W),19.182179,72.817283,0,NULL
GURUDWAR_MALAD-W_BUS,GURUDWAR (MALAD-W),19.182324,72.817911,0,NULL
DHARIVALI_VILLAGE_BUS,DHARIVALI VILLAGE,19.169721,72.795931,0,NULL
RAVIKIRAN_SOCIETY_BUS,RAVIKIRAN SOCIETY,19.180281,72.816762,0,NULL
"FIRE_BRIGADE,_KHARODI_COLONY_BUS","FIRE BRIGADE, KHARODI COLONY",19.195318,72.822064,0,NULL
"FIRE_BRIGADE,_KHARODI_COLONY_BUS","FIRE BRIGADE, KHARODI COLONY",19.195941,72.821522,0,NULL
GURUDWAR_MALAD-W_BUS,GURUDWAR (MALAD-W),19.182125,72.817255,0,NULL
INSHAMALA_MAIN_GATE_MARVE_BUS,I.N.S.HAMALA (MAIN GATE) MARVE,19.191929,72.79851499999999,0,NULL
KAMAL_TALAO_BUS,KAMAL TALAO,19.196377,72.812878,0,NULL
EKTA_NAGAR_KANDIVALI-W_BUS,EKTA NAGAR (KANDIVALI-W),19.201438,72.82811700000001,0,NULL
"AMBEWADI,_MITH_CHOWKY_MALAD-W_BUS","AMBEWADI, MITH CHOWKY (MALAD-W)",19.196718,72.833797,0,NULL
"MADH_BEACH,_MADH_CHURCH_BUS","MADH BEACH, MADH CHURCH",19.144592,72.79022399999999,0,NULL
MIRA-BHAYANDER_MUNICIPAL_HEAD_OFFICE_BUS,MIRA-BHAYANDER MUNICIPAL HEAD OFFICE,19.301683,72.84840800000001,0,NULL
MERCURY_BUILDING_BUS,MERCURY BUILDING,19.210148,72.875011,0,NULL
MERCURY_BUILDING_BUS,MERCURY BUILDING,19.210265,72.874906,0,NULL
KASHIMIRA_TELEPHONE_EXCHANGE_BUS,KASHIMIRA TELEPHONE EXCHANGE,19.27241,72.87633,0,NULL
KASHIMIRA_TELEPHONE_EXCHANGE_BUS,KASHIMIRA TELEPHONE EXCHANGE,19.251283,72.864859,0,NULL
MIRA_ROAD_STATION_E_BUS,MIRA ROAD STATION (E),19.281616,72.857935,0,NULL
"NLCOMPLEX,_RIDDHI_SIDDHI_SOCIETY_DAHISAR-E_BUS","N.L.COMPLEX, RIDDHI SIDDHI SOCIETY (DAHISAR-E)",19.26095,72.86565,0,NULL
NAVGHAR_NAKA_BHAYANDAR_BUS,NAVGHAR NAKA (BHAYANDAR),19.307817,72.863086,0,NULL
NEELKAMAL_NAKA_BUS,NEELKAMAL NAKA,19.2734167,72.88541669999999,0,NULL
SUHASINI_PAWASKAR_MARG_DAHISAR-E_BUS,SUHASINI PAWASKAR MARG (DAHISAR-E),19.253386,72.871306,0,NULL
NOVELTY_SILK_MILL_DAHISAR-E_BUS,NOVELTY SILK MILL (DAHISAR-E),19.254364,72.86493400000001,0,NULL
OMKARESHWAR_MANDIR_BUS,OMKARESHWAR MANDIR,19.230216,72.863502,0,NULL
OMKARESHWAR_MANDIR_BUS,OMKARESHWAR MANDIR,19.230513,72.863083,0,NULL
OMKARESHWAR_MANDIR_BUS,OMKARESHWAR MANDIR,19.231425,72.86232200000001,0,NULL
PENKARPADA_BUS,PENKARPADA,19.263717,72.87174899999999,0,NULL
POONAM_SAGAR_COMPLEX_MIRA_ROAD_BUS,POONAM SAGAR COMPLEX (MIRA ROAD),19.273632,72.862773,0,NULL
PUNJAB_DAIRY_KASHIMIRA_BUS,PUNJAB DAIRY (KASHIMIRA),19.27902,72.88990200000001,0,NULL
RAJ_BUCKET_FACTORY_BUS,RAJ BUCKET FACTORY,19.287981,72.88987,0,NULL
RAJENDRA_NAGAR_BUS,RAJENDRA NAGAR,19.251527,72.864717,0,NULL
RAJENDRA_NAGAR_BUS,RAJENDRA NAGAR,19.220998,72.85795299999999,0,NULL
RAJENDRA_NAGAR_BUS,RAJENDRA NAGAR,19.222452,72.857905,0,NULL
RAJENDRA_NAGAR_BUS,RAJENDRA NAGAR,19.222452,72.857962,0,NULL
RAJSHIV_BUILDING_BUS,RAJSHIV BUILDING,19.243714,72.867299,0,NULL
DONGRE_WADI_BUS,DONGRE WADI,19.244835,72.868915,0,NULL
RUSHIVAN_BUS,RUSHIVAN,19.2363167,72.8730667,0,NULL
"SWATANTRAVEER_SAVARKAR_CHOWK,_BHAYANDER_E_BUS","SWATANTRAVEER SAVARKAR CHOWK, BHAYANDER (E)",19.294246,72.859887,0,NULL
STDEPOT_BORIVALI_-E_BUS,S.T.DEPOT (BORIVALI -E),19.240885,72.86496,0,NULL
STDEPOT_BORIVALI_-E_BUS,S.T.DEPOT (BORIVALI -E),19.240668,72.864732,0,NULL
SHREE_SAI_HOSPITAL_BUS,SHREE SAI HOSPITAL,19.213947,72.866754,0,NULL
SAIBABA_MANDIR_SAMATA_NAGAR_BUS,SAIBABA MANDIR (SAMATA NAGAR),19.205719,72.87155199999999,0,NULL
SAMATA_NAGAR_KANDIVALI_BUS,SAMATA NAGAR (KANDIVALI),19.205825,72.869266,0,NULL
BUILDING_NO1_&_2_SAMATA_NAGAR_BUS,BUILDING NO.1 & 2 (SAMATA NAGAR),19.205827,72.868037,0,NULL
SARASWATI_COMPLEX_DAHISAR_BUS,SARASWATI COMPLEX (DAHISAR),19.2640667,72.8599833,0,NULL
TERA_PANTH_BHAVAN_BUS,TERA PANTH BHAVAN,19.278141,72.863855,0,NULL
SHAKTI_NAGAR_BUS,SHAKTI NAGAR,19.2598,72.8620167,0,NULL
"SHREEKRISHNA_NAGAR,_SHANTIVAN_BORIVALI_-E_BUS","SHREEKRISHNA NAGAR, SHANTIVAN (BORIVALI -E)",19.233549,72.86412799999999,0,NULL
SHITAL_GARDEN_MIRA_ROAD_BUS,SHITAL GARDEN (MIRA ROAD),19.283498,72.864346,0,NULL
SHEETAL_SAROVAR_MIRA_ROAD_BUS,SHEETAL SAROVAR (MIRA ROAD),19.282036,72.86799999999999,0,NULL
SHEETAL_SAROVAR_MIRA_ROAD_BUS,SHEETAL SAROVAR (MIRA ROAD),19.282127,72.868067,0,NULL
SHREE_KRISHNA_NAGAR_BORIVALI_-E_BUS,SHREE KRISHNA NAGAR (BORIVALI -E),19.233206,72.863472,0,NULL
SHRIKRISHNA_GARDEN_SOCIETY_BUS,SHRIKRISHNA GARDEN SOCIETY,19.269727,72.876093,0,NULL
SHRIKRISHNA_GARDEN_SOCIETY_BUS,SHRIKRISHNA GARDEN SOCIETY,19.269673,72.876017,0,NULL
SHREENATH_COMPLEX_BUS,SHREENATH COMPLEX,19.2916,72.862182,0,NULL
MADHUSHREE_MIRA_ROAD_BUS,MADHUSHREE MIRA ROAD,19.271051,72.867788,0,NULL
SIDDHARTH_NAGAR_BUS,SIDDHARTH NAGAR,19.215404,72.871061,0,NULL
SILVER_PARK_MIRA_ROAD_BUS,SILVER PARK (MIRA ROAD),19.282012,72.873946,0,NULL
SILVER_PARK_MIRA_ROAD_BUS,SILVER PARK (MIRA ROAD),19.281822,72.8733,0,NULL
STMARY_SCHOOL_DAHISAR-E_BUS,ST.MARY SCHOOL (DAHISAR-E),19.25694,72.86701499999999,0,NULL
SUDHINDRA_NAGAR_BUS,SUDHINDRA NAGAR,19.25915,72.8602333,0,NULL
SURYA_SHOPPING_CENTRE_BUS,SURYA SHOPPING CENTRE,19.274358,72.869451,0,NULL
THAKUR_COLLEGE_KANDIVALI-E_BUS,THAKUR COLLEGE (KANDIVALI-E),19.206136,72.87276900000001,0,NULL
THAKUR_COMPLEX_KANDIVALI-E_BUS,THAKUR COMPLEX (KANDIVALI-E),19.208634,72.864313,0,NULL
JIVALA_PADA_BUS,JIVALA PADA,19.214635,72.869883,0,NULL
CORPORATION_BANK_DAHISAR-E_BUS,CORPORATION BANK (DAHISAR-E),19.259747,72.863,0,NULL
CORPORATION_BANK_DAHISAR-E_BUS,CORPORATION BANK (DAHISAR-E),19.2598,72.86295,0,NULL
CROSS_GARDEN_BUS,CROSS GARDEN,19.303093,72.84981500000001,0,NULL
DAHISAR_STATION_ROAD_E_BUS,DAHISAR STATION ROAD (E),19.248608,72.86250200000001,0,NULL
DHOBI_GHAT_BORIVALI-E_BUS,DHOBI GHAT (BORIVALI-E),19.2319333,72.8659667,0,NULL
GAIMUKH_GHODBUNDER_RD_BUS,GAIMUKH (GHODBUNDER RD),19.285021,72.93620300000001,0,NULL
GANESH_MANDIR_DAHISAR-E_BUS,GANESH MANDIR (DAHISAR-E),19.265677,72.87069200000001,0,NULL
GANESH_MANDIR_DAHISAR-E_BUS,GANESH MANDIR (DAHISAR-E),19.26565,72.870721,0,NULL
GANESH_NAGAR_BORIVALI_-E_BUS,GANESH NAGAR (BORIVALI -E),19.246486,72.864976,0,NULL
"GANESH_NAGAR_DAHISAR,_GOKUL_ANAND_HOTEL_BUS","GANESH NAGAR (DAHISAR), GOKUL ANAND HOTEL",19.246197,72.864729,0,NULL
GAURAV_RESIDENCY_BUS,GAURAV RESIDENCY,19.27458,72.86125,0,NULL
GARTAN_PADA_BUS,GARTAN PADA,19.252306,72.868274,0,NULL
GHODBUNDER_VILLAGE_BUS,GHODBUNDER VILLAGE,19.29173,72.889335,0,NULL
GHODBUNDER_VILLAGE_JUNCTION_BUS,GHODBUNDER VILLAGE JUNCTION,19.286835,72.89332400000001,0,NULL
GODDEV_NAKA_BUS,GODDEV NAKA,19.304183,72.85872999999999,0,NULL
GOKULANAND_HOTEL_BUS,GOKULANAND HOTEL,19.244002,72.86525399999999,0,NULL
GREEN_PARK_BUS,GREEN PARK,19.277732,72.878781,0,NULL
GREEN_LAWN_ACADEMY_BUS,GREEN LAWN ACADEMY,19.278798,72.87891399999999,0,NULL
GREEN_LAWN_ACADEMY_BUS,GREEN LAWN ACADEMY,19.278663,72.878686,0,NULL
"HARI_BHAKTI,_DOVEL_COMPANY_BUS","HARI BHAKTI, DOVEL COMPANY",19.281902,72.88990099999999,0,NULL
HITCO_BUS,HITCO,19.280198,72.876468,0,NULL
JAIN_MANDIR_SAMATA_NAGAR-KANDIVALI-E_BUS,JAIN MANDIR (SAMATA NAGAR-KANDIVALI-E),19.213453,72.872917,0,NULL
JAIN_MANDIR_BHAYANDER-W_BUS,JAIN MANDIR (BHAYANDER-W),19.305542,72.849947,0,NULL
JAIN_MANDIR_GHODBUNDER_RD_BUS,JAIN MANDIR (GHODBUNDER RD),19.285257,72.900013,0,NULL
JAMMU_&_KASHMIR_BANK_BUS,JAMMU & KASHMIR BANK,19.280394,72.87076999999999,0,NULL
KAJUPADA_GHODBUNDER_ROAD_BUS,KAJUPADA (GHODBUNDER ROAD),19.279102,72.922685,0,NULL
KAJUPADA_BORIVALI_-E_BUS,KAJUPADA (BORIVALI -E),19.2338833,72.8695333,0,NULL
KASHIMIRA_BUS,KASHIMIRA,19.272983,72.883464,0,NULL
KASHIMIRA_BUS,KASHIMIRA,19.272747,72.882465,0,NULL
KOKANI_PADA_BORIVALI_-E_BUS,KOKANI PADA (BORIVALI -E),19.247402,72.870531,0,NULL
SHREE_KOTESHWARI_MANDIR_BUS,SHREE KOTESHWARI MANDIR,19.214002,72.868818,0,NULL
MAGATHANE_DEPOT_BUS,MAGATHANE DEPOT,19.220587,72.865933,0,NULL
MAGATHANE_DEPOT_BUS,MAGATHANE DEPOT,19.221336,72.866122,0,NULL
JAI_MAHAKALI_MANDIR_BUS,JAI MAHAKALI MANDIR,19.241427,72.864019,0,NULL
THE_CITY_CO-OP_BANK_LTD_BUS,THE CITY CO-OP BANK LTD,19.233785,72.865431,0,NULL
MAHAVISHNU_MANDIR_BUS,MAHAVISHNU MANDIR,19.26521,72.875781,0,NULL
MANAV_KALYAN_KENDRA_BUS,MANAV KALYAN KENDRA,19.24578,72.861058,0,NULL
FISH_MARKET_BUS,FISH MARKET,19.247916,72.869018,0,NULL
ESIS_HOSPITAL_THAKUR_VILLAGE_BUS,E.S.I.S HOSPITAL (THAKUR VILLAGE),19.208154,72.877223,0,NULL
V_MALL_BUS,V MALL,19.212276,72.86757299999999,0,NULL
VAISHALI_NAGAR_DAHISAR-E_BUS,VAISHALI NAGAR (DAHISAR-E),19.250948,72.873385,0,NULL
VERSOVA_BRIDGE_GHODBUNDER_RD_BUS,VERSOVA BRIDGE (GHODBUNDER RD),19.284716,72.903847,0,NULL
VITTHAL_RAKHUMAI_MANDIR_DAHISAR-E_BUS,VITTHAL RAKHUMAI MANDIR (DAHISAR-E),19.257336,72.86544600000001,0,NULL
VICEROY_PARK_BUS,VICEROY PARK,19.211719,72.873165,0,NULL
SAMATA_NAGAR_BUS_STATION_KANDIVALI-E_BUS,SAMATA NAGAR BUS STATION (KANDIVALI-E),19.206152,72.869564,0,NULL
NATIONAL_PARK_GATE_BUS,NATIONAL PARK GATE,19.230767,72.864966,0,NULL
NATIONAL_PARK_GATE_BUS,NATIONAL PARK GATE,19.230812,72.864881,0,NULL
SANJAY_GANDHI_UDYAN_NATIONAL_PARK_BUS,SANJAY GANDHI UDYAN (NATIONAL PARK),19.227815,72.86785,0,NULL
CHINCH_PADA_SG_NATIONAL_PARK_BUS,CHINCH PADA (SG NATIONAL PARK),19.222868,72.874985,0,NULL
MSEB_TRANSMISSION_COMPANY_SGNP_BUS,M.S.E.B TRANSMISSION COMPANY (SGNP),19.224234,72.881185,0,NULL
KANHERI_CAVES_BUS,KANHERI CAVES,19.208839,72.901286,0,NULL
"RANI_LAXMIBAI_CHOWK,_SION_STATION_BUS","RANI LAXMIBAI CHOWK, SION STATION",19.047267,72.863257,0,NULL
"RANI_LAXMIBAI_CHOWK,_SION_STATION_BUS","RANI LAXMIBAI CHOWK, SION STATION",19.047339,72.863057,0,NULL
MATUNGA_STATION_W_BUS,MATUNGA STATION (W),19.030437,72.847362,0,NULL
"TATA_POWER_DHARAVI,_CENTRAL_RAILWAY_STATION_W_BUS","TATA POWER (DHARAVI), CENTRAL RAILWAY STATION (W)",19.031801,72.84926900000001,0,NULL
KUMBHARWADA_DHARAVI_BUS,KUMBHARWADA (DHARAVI),19.037469,72.85475099999999,0,NULL
MATUNGA_LABOUR_CAMP_BUS,MATUNGA LABOUR CAMP,19.038416,72.853221,0,NULL
MAHIM_PHATAK_BUS,MAHIM PHATAK,19.043121,72.848753,0,NULL
DHARAVI_POLICE_STATION_BUS,DHARAVI POLICE STATION,19.043623,72.857625,0,NULL
KAMRAJ_VIDYALAYA_DHARAVI_BUS,KAMRAJ VIDYALAYA (DHARAVI),19.041255,72.855746,0,NULL
DHARAVI_FLYOVER_BUS,DHARAVI FLYOVER,19.046347,72.84993799999999,0,NULL
LOKMANYA_TILAK_HOSPITAL_SION_BUS,LOKMANYA TILAK HOSPITAL (SION),19.037725,72.861125,0,NULL
CHUNABHATTI_BUS_TERMINUS_BUS,CHUNABHATTI BUS TERMINUS,19.051858,72.868071,0,NULL
AGHADI_NAGAR_BUS,AGHADI NAGAR,19.127054,72.859218,0,NULL
"DRAMBEDKAR_UDYAN,_POWAI_BUS","DR.AMBEDKAR UDYAN, POWAI",19.125624,72.89346500000001,0,NULL
GOREGAON_CHECK_NAKA_NO2_BUS,GOREGAON CHECK NAKA NO.2,19.126025,72.87963499999999,0,NULL
"DATTA_TEKDI,_SHIV_TEKDI_BUS","DATTA TEKDI, SHIV TEKDI",19.139422,72.860884,0,NULL
"DRAMBEDKAR_UDYAN,_CHEMBUR_STATION_BUS","DR.AMBEDKAR UDYAN, CHEMBUR STATION",19.062333,72.900369,0,NULL
DURGA_NAGAR_JOGESHWARI-E_BUS,DURGA NAGAR (JOGESHWARI-E),19.138217,72.872129,0,NULL
GREEN_FIELDS_BUS,GREEN FIELDS,19.139526,72.869315,0,NULL
"GUNDAVALI,_LION_S_CLUB_BUS","GUNDAVALI, LION S CLUB",19.121288,72.856228,0,NULL
GURUDWAR_CHOWK_ANDHERI-E_BUS,GURUDWAR CHOWK (ANDHERI-E),19.125682,72.862745,0,NULL
BORIVALI_WSTATION_JAYA_TALKIES_BUS,BORIVALI (W)STATION (JAYA TALKIES),19.227826,72.855705,0,NULL
HEMA_INDUSTRIAL_ESTATE_BUS,HEMA INDUSTRIAL ESTATE,19.131744,72.862865,0,NULL
HOLY_SPIRIT_HOSPITAL_ANDHERI-E_BUS,HOLY SPIRIT HOSPITAL (ANDHERI-E),19.126597,72.86699299999999,0,NULL
INCOME_TAX_COLONY_JOGESHWARI-E_BUS,INCOME TAX COLONY (JOGESHWARI-E),19.13121,72.86075599999999,0,NULL
JOGESHWARI_STATION-E_BUS,JOGESHWARI STATION-E,19.135224,72.84995499999999,0,NULL
JOHN_BACKER_BUS,JOHN BACKER,19.114926,72.888954,0,NULL
KALPATARU_ESTATE_MAJAS_BUS,KALPATARU ESTATE (MAJAS),19.139715,72.867499,0,NULL
L_&_T_GATE_NO6_POWAI_BUS,L & T GATE NO.6 (POWAI),19.124214,72.892743,0,NULL
"KONDIVITA_CAVES,_MAHAKALI_CAVES_BUS","KONDIVITA CAVES, MAHAKALI CAVES",19.130421,72.87272299999999,0,NULL
MILIND_NAGAR_POWAI_BUS,MILIND NAGAR (POWAI),19.126472,72.889985,0,NULL
NAMASKAR_BUS,NAMASKAR,19.138497,72.870789,0,NULL
NITIE_POWAI_BUS,NITIE (POWAI),19.134949,72.899839,0,NULL
NITIE_POWAI_BUS,NITIE (POWAI),19.134651,72.899259,0,NULL
CHINAI_COLLEGE_BUS,CHINAI COLLEGE,19.123219,72.851094,0,NULL
PMGP_COLONY_MAJAS_BUS,P.M.G.P COLONY (MAJAS),19.134503,72.87005000000001,0,NULL
PMGP_COLONY_MAJAS_BUS,P.M.G.P COLONY (MAJAS),19.133844,72.87006,0,NULL
"PARSI_PANCHAYATANDHERI-E,__DHOBI_GHAT_BUS","PARSI PANCHAYAT(ANDHERI-E),  DHOBI GHAT",19.124755,72.851445,0,NULL
POST_OFFICE_JOGESHWARI_E_BUS,POST OFFICE JOGESHWARI (E),19.130969,72.84993900000001,0,NULL
PRATAP_NAGAR_JOGESHWARI-E_BUS,PRATAP NAGAR (JOGESHWARI-E),19.140865,72.85673800000001,0,NULL
RAMADA_HOTEL_POWAI_BUS,RAMADA HOTEL (POWAI),19.136358,72.899477,0,NULL
RAMWADI_JOGESHWARI-E_BUS,RAMWADI (JOGESHWARI-E),19.140288,72.858621,0,NULL
"BALASAHEB_THACKERAY_TRAUMA_CENTRE,_SRP_CAMP_BUS","BALASAHEB THACKERAY TRAUMA CENTRE, S.R.P. CAMP",19.14184,72.854742,0,NULL
SANJAY_NAGAR_JOGESHWARI-E_BUS,SANJAY NAGAR (JOGESHWARI-E),19.136935,72.85568600000001,0,NULL
SARIPUT_NAGAR_BUS,SARIPUT NAGAR,19.132012,72.874889,0,NULL
SADBHAKTI_MANDIR_BUS,SADBHAKTI MANDIR,19.129479,72.849997,0,NULL
SADBHAKTI_MANDIR_BUS,SADBHAKTI MANDIR,19.129885,72.849959,0,NULL
SEEPZ_BUS,SEEPZ,19.127956,72.874882,0,NULL
SEEPZ_VILLAGE_BUS,SEEPZ VILLAGE,19.130017,72.878198,0,NULL
SEEPZ_VILLAGE_BUS,SEEPZ VILLAGE,19.129682,72.876211,0,NULL
PWDOFFICE_POWAI_BUS,P.W.D.OFFICE (POWAI),19.129952,72.89653300000001,0,NULL
PWDOFFICE_POWAI_BUS,P.W.D.OFFICE (POWAI),19.130829,72.89715,0,NULL
NGPARK_BUS,N.G.PARK,19.242984,72.871437,0,NULL
DAHISAR_STN_E_BUS,DAHISAR STN (E),19.249628,72.86058,0,NULL
GOLDEN_CHEMICALS_DAHISAR-E_BUS,GOLDEN CHEMICALS (DAHISAR-E),19.262101,72.87350000000001,0,NULL
CHAITANYA_HOSPITAL_BUS,CHAITANYA HOSPITAL,19.290138,72.863562,0,NULL
STLAWRENCE_HIGH_SCHOOL_KANDIVALI-E_BUS,ST.LAWRENCE HIGH SCHOOL (KANDIVALI-E),19.213068,72.86215199999999,0,NULL
JANTA_NAGAR_KANDIVALI-E_BUS,JANTA NAGAR (KANDIVALI-E),19.213013,72.860963,0,NULL
SIDDHARTH_NAGAR_KANDIVALI-E_BUS,SIDDHARTH NAGAR (KANDIVALI-E),19.214518,72.87114699999999,0,NULL
NILKANT_APARTMENT_BUS,NILKANT APARTMENT,19.2719,72.8891333,0,NULL
RTOCAMP_KASHIMIRA_BUS,R.T.O.CAMP (KASHIMIRA),19.284314,72.890004,0,NULL
GUNCHECHA_PARK_BUS,GUNCHECHA PARK,19.211992,72.877501,0,NULL
MUNICIPAL_ENGLISH_SCHOOL_BUS,MUNICIPAL ENGLISH SCHOOL,19.214431,72.876853,0,NULL
MATUNGA_STATION_E_BUS,MATUNGA STATION (E),19.027583,72.85123299999999,0,NULL
MAHESHWARI_UDYAN_KINGS_CIRCLE_BUS,MAHESHWARI UDYAN (KINGS CIRCLE),19.027468,72.85545999999999,0,NULL
MAHESHWARI_UDYAN_KINGS_CIRCLE_BUS,MAHESHWARI UDYAN (KINGS CIRCLE),19.027451,72.856163,0,NULL
"JAGATDEV_NVARMA_CHOWK,_KAPOLE_NIWAS_BUS","JAGATDEV N.VARMA CHOWK, KAPOLE NIWAS",19.02407,72.85288799999999,0,NULL
MAHESHWARI_UDYAN_KINGS_CIRCLE_BUS,MAHESHWARI UDYAN (KINGS CIRCLE),19.026836,72.85479599999999,0,NULL
MAHESHWARI_UDYAN_KINGS_CIRCLE_BUS,MAHESHWARI UDYAN (KINGS CIRCLE),19.028571,72.856628,0,NULL
MATUNGA_RAILWAY_PHATAK_E_BUS,MATUNGA RAILWAY PHATAK (E),19.032644,72.854298,0,NULL
MATUNGA_RAILWAY_PHATAK_E_BUS,MATUNGA RAILWAY PHATAK (E),19.032735,72.854364,0,NULL
LOKMANYA_TILAK_HOSPITAL_SION_BUS,LOKMANYA TILAK HOSPITAL (SION),19.03579,72.85837100000001,0,NULL
RANI_LAXMIBAI_CHOWK_SION_BUS,RANI LAXMIBAI CHOWK (SION),19.041033,72.862652,0,NULL
RANI_LAXMIBAI_CHOWK_SION_BUS,RANI LAXMIBAI CHOWK (SION),19.044908,72.863068,0,NULL
RANI_LAXMIBAI_CHOWK_SION_BUS,RANI LAXMIBAI CHOWK (SION),19.04574,72.863495,0,NULL
CHUNABHATTI_BUS,CHUNABHATTI,19.051542,72.867206,0,NULL
RANI_LAXMIBAI_CHOWK_SION_BUS,RANI LAXMIBAI CHOWK (SION),19.047223,72.865565,0,NULL
RANI_LAXMIBAI_CHOWK_SION_BUS,RANI LAXMIBAI CHOWK (SION),19.041114,72.863118,0,NULL
RANI_LAXMIBAI_CHOWK_SION_BUS,RANI LAXMIBAI CHOWK (SION),19.041051,72.862966,0,NULL
LOKMANYA_TILAK_HOSPITAL_SION_BUS,LOKMANYA TILAK HOSPITAL (SION),19.037951,72.861248,0,NULL
MATUNGA_POLICE_STATION_KINGS_CIRCLE_STATION_BUS,MATUNGA POLICE STATION (KINGS CIRCLE STATION),19.030586,72.857747,0,NULL
GANDHI_MARKET_KINGS_CIRCLE_BUS,GANDHI MARKET (KINGS CIRCLE),19.03299,72.858943,0,NULL
RANI_LAXMIBAI_CHOWK_SION_BUS,RANI LAXMIBAI CHOWK (SION),19.041522,72.864847,0,NULL
RANI_LAXMIBAI_CHOWK_SION_BUS,RANI LAXMIBAI CHOWK (SION),19.044927,72.864037,0,NULL
BMC_WARD_OFFICE_BUS,BMC WARD OFFICE,19.031633,72.85445,0,NULL
BMC_WARD_OFFICE_BUS,BMC WARD OFFICE,19.031678,72.854422,0,NULL
MATUNGA_LABOUR_CAMP_BUS,MATUNGA LABOUR CAMP,19.038317,72.853183,0,NULL
"DHARAVI_T_JUNCTION,_TAPASE_CHOWK_BUS","DHARAVI T JUNCTION, TAPASE CHOWK",19.047586,72.852531,0,NULL
"DHARAVI_T_JUNCTION,_TAPASE_CHOWK_BUS","DHARAVI T JUNCTION, TAPASE CHOWK",19.047622,72.852806,0,NULL
DHARAVI_KOLIWADA_BUS,DHARAVI KOLIWADA,19.048382,72.855352,0,NULL
NCPA_BUS,N.C.P.A.,18.926542,72.820275,0,NULL
PRINCESS_STREET_KALBADEVI_BUS,PRINCESS STREET (KALBADEVI),18.945773,72.828177,0,NULL
SHITAL_BAUG_BUS,SHITAL BAUG,18.952204,72.804112,0,NULL
TARAPOREWALA_AQUARIUM_BUS,TARAPOREWALA AQUARIUM,18.94845,72.819896,0,NULL
BHARAT_NAGAR_BKC_BUS,BHARAT NAGAR (BKC),19.061809,72.859438,0,NULL
KALA_NAGAR_BANDRA-E_BUS,KALA NAGAR (BANDRA-E),19.053337,72.84715,0,NULL
MAHARASHTRA_NAGAR_BANDRA-E_BUS,MAHARASHTRA NAGAR (BANDRA-E),19.065184,72.852253,0,NULL
MMRDA_PAY_&_PARK_BKC_BUS,M.M.R.D.A. PAY & PARK (BKC),19.061801,72.861253,0,NULL
TATA_COLONY_BKC_BUS,TATA COLONY (BKC),19.060544,72.85803300000001,0,NULL
BANDRA_RECLAMATION_BUS_STATION_BUS,BANDRA RECLAMATION BUS STATION,19.048238,72.827127,0,NULL
BANDRA_TALKIES_BUS,BANDRA TALKIES,19.0611,72.836209,0,NULL
"DRAMBEDKAR_ROAD,_KHAR_BUS","DR.AMBEDKAR ROAD, KHAR",19.070138,72.82936100000001,0,NULL
GDSOMANI_SCHOOL_BUS,G.D.SOMANI SCHOOL,18.916098,72.81920100000001,0,NULL
MANTRALAYA_BUS,MANTRALAYA,18.92855,72.823634,0,NULL
MARINE_LINES_RAILWAY_STATION_BUS,MARINE LINES RAILWAY STATION,18.944433,72.82486400000001,0,NULL
PTPALUSKAR_CHOWK_OPERA_HOUSE_BUS,PT.PALUSKAR CHOWK (OPERA HOUSE),18.955186,72.816158,0,NULL
PHANASWADI_BUS,PHANASWADI,18.952744,72.824611,0,NULL
SUKH_SAGAR_BUS,SUKH SAGAR,18.956087,72.813338,0,NULL
SIDDHARTH_NAGAR_GOREGAON-W_BUS,SIDDHARTH NAGAR (GOREGAON-W),19.158989,72.843057,0,NULL
BANDRA_STATION_E_BUS,BANDRA STATION (E),19.054996,72.84204699999999,0,NULL
CITI_BANK_BKC_BUS,CITI BANK (BKC),19.068833,72.86774800000001,0,NULL
KHERWADI_BANDRA-E_BUS,KHERWADI (BANDRA-E),19.060754,72.847373,0,NULL
MARATHA_COLONY_BUS,MARATHA COLONY,19.075091,72.846565,0,NULL
TATA_COLONY_BKC_BUS,TATA COLONY (BKC),19.060318,72.857862,0,NULL
PRABODHANKAR_THACKERAY_NAGAR_MARKET_CHARKOP_BUS,PRABODHANKAR THACKERAY NAGAR MARKET (CHARKOP),19.215631,72.828581,0,NULL
"CHARKOP_SECTOR_9,_AKSHARA_VIDYALAYA_BUS","CHARKOP SECTOR 9, AKSHARA VIDYALAYA",19.219735,72.819486,0,NULL
DENA_BANK_KANDIVALI-W_BUS,DENA BANK (KANDIVALI-W),19.20428,72.84892000000001,0,NULL
GOKHALE_HIGH_SCHOOL_BORIVALI_-W_BUS,GOKHALE HIGH SCHOOL (BORIVALI -W),19.223623,72.850686,0,NULL
KORA_KENDRA_BUS,KORA KENDRA,19.220164,72.852448,0,NULL
MAHAVIR_NAGAR_KANDIVLI-W_BUS,MAHAVIR NAGAR (KANDIVLI-W),19.215122,72.83714999999999,0,NULL
MILAP_TALKIES_BUS,MILAP TALKIES,19.196085,72.847452,0,NULL
POISAR_DEPOT_BUS,POISAR DEPOT,19.214462,72.85093000000001,0,NULL
SAHYADRI_NAGAR_CHARKOP_BUS,SAHYADRI NAGAR (CHARKOP),19.210283,72.82874700000001,0,NULL
SAIBABA_MANDIR_KANDIVALI-W_BUS,SAIBABA MANDIR (KANDIVALI-W),19.217736,72.828598,0,NULL
SATYA_NAGAR_BUS,SATYA NAGAR,19.216525,72.841399,0,NULL
CHARKOP_POLICE_STATION_BUS,CHARKOP POLICE STATION,19.215434,72.819844,0,NULL
VEERA_DESAI_ROAD_BUS,VEERA DESAI ROAD,19.134747,72.837665,0,NULL
YARI_ROAD_BUS,YARI ROAD,19.139198,72.80963,0,NULL
VESAVA-YARI_ROAD_BUS_STATION_BUS,VESAVA-YARI ROAD BUS STATION,19.139513,72.80845100000001,0,NULL
SAROTAPADA_ANDHERI-W_BUS,SAROTAPADA (ANDHERI-W),19.133157,72.837647,0,NULL
DNYANSAGAR_VIDAYALAYA_BUS,DNYANSAGAR VIDAYALAYA,19.145892,72.83310400000001,0,NULL
KALA_VIDYALAYA_BUS,KALA VIDYALAYA,19.181679,72.813671,0,NULL
DHARIVALI_VILLAGE_BUS,DHARIVALI VILLAGE,19.169558,72.795665,0,NULL
SAI_SHRADDHA_SHOPPING_COMPLEX_MALVANI_BUS,SAI SHRADDHA SHOPPING COMPLEX (MALVANI),19.178565,72.81645899999999,0,NULL
HIRADEVI_MANDIR_BUS,HIRADEVI MANDIR,19.157399,72.786618,0,NULL
MADH_SONAPUR_BUS,MADH SONAPUR,19.141914,72.79585400000001,0,NULL
"MALVANI_BLOCK_NO5,_POLICE_STATION_BUS","MALVANI BLOCK NO.5, POLICE STATION",19.191966,72.821972,0,NULL
SIR_JPPRIMARY_SCHOOL_BUS,SIR J.P.PRIMARY SCHOOL,19.170725,72.79687199999999,0,NULL
KHAR_TELEPHONE_EXCHANGE_BUS,KHAR TELEPHONE EXCHANGE,19.070232,72.834264,0,NULL
PALI_MARKET_BUS,PALI MARKET,19.062053,72.829519,0,NULL
PERI_CROSS_ROAD_BUS,PERI CROSS ROAD,19.059934,72.82368700000001,0,NULL
SHERLEY_VILLAGE_BUS,SHERLEY VILLAGE,19.071181,72.82208199999999,0,NULL
SHITALADEVI_TEMPLE_MAHIM_BUS,SHITALADEVI TEMPLE (MAHIM),19.034046,72.84223299999999,0,NULL
JOHN_BAPTIST_ROAD_BUS,JOHN BAPTIST ROAD,19.047667,72.82555000000001,0,NULL
UNIT_TRUST_OF_INDIA_BANDRA-W_BUS,UNIT TRUST OF INDIA (BANDRA-W),19.049747,72.828265,0,NULL
"AAREY_UNIT_NO6,_MARKET_BUS","AAREY UNIT NO.6, MARKET",19.158048,72.874353,0,NULL
APPAPADA_BUS,APPAPADA,19.189727,72.86664399999999,0,NULL
BIMBISAR_NAGAR_BUS,BIMBISAR NAGAR,19.146295,72.856317,0,NULL
GOKULDHAM_BUS,GOKULDHAM,19.174388,72.867566,0,NULL
GOREGAON_STATION_E_BUS,GOREGAON STATION (E),19.163691,72.850925,0,NULL
BANDRA_TALAO_BUS,BANDRA TALAO,19.056131,72.83703,0,NULL
D_MONTE_GARDEN_BUS,D MONTE GARDEN,19.059683,72.826167,0,NULL
"HILL_ROAD_GARDEN,_MEHBOOB_STUDIO_BUS","HILL ROAD GARDEN, MEHBOOB STUDIO",19.052653,72.82414900000001,0,NULL
KHAR_STATION_W_ROAD_BUS,KHAR STATION (W) ROAD,19.070216,72.83731400000001,0,NULL
MAHIM_BUS,MAHIM,19.040171,72.841307,0,NULL
MAHIM_PHATAK_BUS,MAHIM PHATAK,19.042893,72.84554199999999,0,NULL
OLD_KHAR_BUS,OLD KHAR,19.066683,72.83725,0,NULL
GALAXY_APARTMENTS_BUS,GALAXY APARTMENTS,19.054369,72.823055,0,NULL
SHITALADEVI_TEMPLE_MAHIM_BUS,SHITALADEVI TEMPLE (MAHIM),19.033965,72.842299,0,NULL
SHITALADEVI_TEMPLE_MAHIM_BUS,SHITALADEVI TEMPLE (MAHIM),19.03533,72.843695,0,NULL
CHITRANAGRI_ENTRY_GATE_BUS,CHITRANAGRI ENTRY GATE,19.165557,72.87817099999999,0,NULL
HIRA_PARK_BUS,HIRA PARK,19.186319,72.860472,0,NULL
AGARKAR_CHOWK_ANDHERI-E_BUS,AGARKAR CHOWK (ANDHERI-E),19.119323,72.848455,0,NULL
"AMRUT_SHAKTI,_CALILIO_BUILDING_BUS","AMRUT SHAKTI, CALILIO BUILDING",19.107702,72.89716900000001,0,NULL
B_CROSS_ROAD_BUS,B CROSS ROAD,19.114582,72.86819800000001,0,NULL
BAMAN_PADA_BUS,BAMAN PADA,19.104378,72.858548,0,NULL
CHAKALA_BUS,CHAKALA,19.115934,72.86123000000001,0,NULL
CHANDIVALI_JUNCTION_BUS,CHANDIVALI JUNCTION,19.111682,72.888329,0,NULL
"GARWARE_CHOWK,_KOLDONGRI_NO2_BUS","GARWARE CHOWK, KOLDONGRI NO.2",19.110363,72.851388,0,NULL
"GUJRAT_SOCIETY,_DAYALDAS_ROAD_BUS","GUJRAT SOCIETY, DAYALDAS ROAD",19.09702,72.851054,0,NULL
"CHANDIVALI_STUDIO,_PETROL_PUMP_BUS","CHANDIVALI STUDIO, PETROL PUMP",19.114603,72.895769,0,NULL
JUNGLESHWAR_MAHADEO_MANDIR_BUS,JUNGLESHWAR MAHADEO MANDIR,19.100836,72.898454,0,NULL
MAROL_DEPOT_BUS,MAROL DEPOT,19.118447,72.86505,0,NULL
MAROL_PIPELINE_BUS,MAROL PIPELINE,19.110916,72.872191,0,NULL
JANKALYAN_NAGAR_POLICE_CHOWKY_BUS,JANKALYAN NAGAR POLICE CHOWKY,19.199183,72.820635,0,NULL
ZUNKA_BHAKAR_KENDRA_MALVANI_BUS,ZUNKA BHAKAR KENDRA (MALVANI),19.1903833,72.82535,0,NULL
ABHYUDAYA_BANK_BUS,ABHYUDAYA BANK,19.226147,72.857513,0,NULL
MAHINDRA_COMPANY_GATE_BHAD_COLONY_BUS,MAHINDRA COMPANY GATE (B.H.A.D. COLONY),19.205545,72.865561,0,NULL
BALAJI_BUILDING_BUS,BALAJI BUILDING,19.286467,72.858351,0,NULL
BISHOP_SCHOOL_BUS,BISHOP SCHOOL,19.295163,72.851657,0,NULL
BORIVALI_E_STATION_BUS,BORIVALI (E) STATION,19.229697,72.857634,0,NULL
BORIVALI_E_STATION_BUS,BORIVALI (E) STATION,19.231017,72.85868000000001,0,NULL
MIRA_ROAD_STATION_BUS,MIRA ROAD STATION,19.281462,72.858059,0,NULL
NLCOMPLEX_JUNCTION_DAHISAR-E_BUS,N.L.COMPLEX JUNCTION (DAHISAR-E),19.259504,72.864997,0,NULL
NENSEY_COLONY_BUS,NENSEY COLONY,19.238328,72.864439,0,NULL
NOVELTY_SILK_MILL_DAHISAR-E_BUS,NOVELTY SILK MILL (DAHISAR-E),19.254808,72.867026,0,NULL
KANDIVALI_BUS_STATION_E_BUS,KANDIVALI BUS STATION (E),19.201625,72.853408,0,NULL
KURAR_VILLAGE_BUS,KURAR VILLAGE,19.184989,72.858603,0,NULL
MAHINDRA_GATE_NO4_BUS,MAHINDRA GATE NO.4,19.200364,72.875434,0,NULL
NAAGRI_NIWARA_1_&_2_BUS,NAAGRI NIWARA 1 & 2,19.17228,72.88101,0,NULL
PATHANWADI_BUS,PATHANWADI,19.179397,72.858683,0,NULL
PRABHU_HOTEL_KURAR_VILLAGE_MARG_JUNCTION_BUS,PRABHU HOTEL (KURAR VILLAGE MARG JUNCTION),19.179165,72.864378,0,NULL
RAMESH_HOTELMALAD-E_BUS,RAMESH HOTEL(MALAD-E),19.187075,72.861904,0,NULL
SANGITA_TALKIES_BUS,SANGITA TALKIES,19.189999,72.851725,0,NULL
STATE_BANK_COLONY_MALAD-E_BUS,STATE BANK COLONY (MALAD-E),19.180361,72.854337,0,NULL
AAREY_UNIT_NO7_BUS,AAREY UNIT NO.7,19.158421,72.878621,0,NULL
"AAREY_HOSPITAL,_MUNICIPAL_SCHOOL_BUS","AAREY HOSPITAL, MUNICIPAL SCHOOL",19.14832,72.876563,0,NULL
"TRACTOR_GATE_NO3,_VASA_HOSPITAL_BUS","TRACTOR GATE NO.3, VASA HOSPITAL",19.200697,72.872429,0,NULL
KOKANI_PADA_MALAD-E_BUS,KOKANI PADA (MALAD-E),19.184287,72.86387999999999,0,NULL
MALAD_POST_OFFICE_BUS,MALAD POST OFFICE,19.179464,72.85023,0,NULL
"AAREY_POLICE_STATION,_CHHOTA_KASHMIR_BUS","AAREY POLICE STATION, CHHOTA KASHMIR",19.16251,72.871308,0,NULL
PUSHPA_PARK_MALAD-E_BUS,PUSHPA PARK (MALAD-E),19.187816,72.858459,0,NULL
SAMBHAJI_NAGAR_KANDIVALI-E_BUS,SAMBHAJI NAGAR (KANDIVALI-E),19.201947,72.861502,0,NULL
SMALLSCALE_INDUSTRIES_BUS,SMALLSCALE INDUSTRIES,19.160975,72.857125,0,NULL
TAPOVAN_PATHANWADI_BUS,TAPOVAN (PATHANWADI),19.179984,72.859471,0,NULL
OLD_PUSHPA_PARK_BUS,OLD PUSHPA PARK,19.188583,72.856347,0,NULL
ADARSH_HIGH_SCHOOL_ANIK_BUS,ADARSH HIGH SCHOOL (ANIK),19.024218,72.87688199999999,0,NULL
"LOKSHAHIR_SATHE_UDYAN,_SUMAN_NAGAR_BUS","LOKSHAHIR SATHE UDYAN, SUMAN NAGAR",19.053573,72.884439,0,NULL
VASHI_NAKA_CHEMBUR_BUS,VASHI NAKA (CHEMBUR),19.03307,72.89619,0,NULL
SHANKAR_MANDIR_MAHUL_BUS,SHANKAR MANDIR (MAHUL),19.029267,72.89699899999999,0,NULL
MAROL_VILLAGE_BUS,MAROL VILLAGE,19.110603,72.878607,0,NULL
HANUMAN_SOCIETY_BUILDING_NO5_VILE_PARLE-E_BUS,HANUMAN SOCIETY BUILDING NO.5 (VILE PARLE-E),19.103733,72.85283699999999,0,NULL
PARLE_TILAK_VIDYALAYA_BUS,PARLE TILAK VIDYALAYA,19.103252,72.84837,0,NULL
PARSIWADA_CHAKALA_BUS,PARSIWADA (CHAKALA),19.108785,72.855637,0,NULL
SAHAR_CARGO_COMPLEX_BUS,SAHAR CARGO COMPLEX,19.097326,72.86536599999999,0,NULL
SAHAR_VILLAGE_BUS,SAHAR VILLAGE,19.098464,72.865004,0,NULL
SUBHASH_NAGAR_KHAIRANI_ROAD_BUS,SUBHASH NAGAR (KHAIRANI ROAD),19.096807,72.8978,0,NULL
DOMESTIC_AIRPORT_TERMINAL_1-A_BUS,DOMESTIC AIRPORT TERMINAL 1-A,19.093409,72.85571299999999,0,NULL
VILE_PARLE_POLICE_STATION_E_BUS,VILE PARLE POLICE STATION (E),19.096118,72.854257,0,NULL
SAVITRIBAI_PHULE_NAGAR_BUS,SAVITRIBAI PHULE NAGAR,19.100577,72.863919,0,NULL
ANUSHAKTI_NAGAR_BUS_STATION_BUS,ANUSHAKTI NAGAR BUS STATION,19.042654,72.926805,0,NULL
BARC_GATE_NO6_BUS,B.A.R.C GATE NO.6,19.042141,72.933075,0,NULL
WOOD_HOUSE_COLABA_BUS,WOOD HOUSE (COLABA),18.91527,72.824224,0,NULL
FIVE_GARDENS_BUS,FIVE GARDENS,19.019735,72.854544,0,NULL
MADKEBUWA_CHOWK_PAREL_BUS,MADKEBUWA CHOWK (PAREL),19.006119,72.838472,0,NULL
ICI_SEWREE_BUS,I.C.I. (SEWREE),18.980994,72.851624,0,NULL
GOL_MANDIR_BHULESHWAR_BUS,GOL MANDIR (BHULESHWAR),18.958087,72.82883200000001,0,NULL
KALINA_BUS,KALINA,19.077404,72.862165,0,NULL
SANTACRUZ_STATION_E_BUS,SANTACRUZ STATION (E),19.081141,72.842456,0,NULL
BAIL_BAZAR_BUS,BAIL BAZAR,19.086402,72.881004,0,NULL
KVYADAV_CHOWK_BUS,K.V.YADAV CHOWK,18.999065,72.827973,0,NULL
RUBY_MILL_BUS,RUBY MILL,19.023939,72.845156,0,NULL
SHREE_RAM_MILL_BUS,SHREE RAM MILL,18.9985,72.82125000000001,0,NULL
"DRAMBEDKAR_HOSPITAL,_PAREKH_NAGAR_BUS","DR.AMBEDKAR HOSPITAL, PAREKH NAGAR",19.208454,72.850534,0,NULL
MAITREYEE_SOCIETY_BUS,MAITREYEE SOCIETY,19.174168,72.88122799999999,0,NULL
"MALAD_STATION_E,_PODDAR_PARK_BUS","MALAD STATION (E), PODDAR PARK",19.186854,72.85018700000001,0,NULL
ANIK_DEPOT_BUS,ANIK DEPOT,19.046371,72.87857200000001,0,NULL
BHAKTI_BHAVAN_CHEMBUR_BUS,BHAKTI BHAVAN (CHEMBUR),19.052419,72.891081,0,NULL
JIJAMATA_NAGAR_MAHUL_BUS,JIJAMATA NAGAR (MAHUL),19.028261,72.888384,0,NULL
CHUNABHATTI_PHATAK_BUS,CHUNABHATTI PHATAK,19.052935,72.87092,0,NULL
GAWANGAON_REFINERIES_BUS,GAWANGAON REFINERIES,19.010901,72.898364,0,NULL
HIGHWAY_APARTMENT_SION_BUS,HIGHWAY APARTMENT (SION),19.04801,72.868168,0,NULL
NAIK_NAGAR_KURLA-E_BUS,NAIK NAGAR (KURLA-E),19.060077,72.88342900000001,0,NULL
PRIYADARSHINI_CHUNABHATTI_BUS,PRIYADARSHINI (CHUNABHATTI),19.05246,72.879794,0,NULL
UMARSHI_BAPPA_CHOWK_BUS,UMARSHI BAPPA CHOWK,19.053845,72.88707100000001,0,NULL
BHAKTI_PARK_MONO_RAIL_STATION_BUS,BHAKTI PARK MONO RAIL STATION,19.029512,72.87782,0,NULL
SINDHI_SOCIETY_GYMKHANA_CHEMBUR_BUS,SINDHI SOCIETY GYMKHANA (CHEMBUR),19.050721,72.89024499999999,0,NULL
MMRDACOLONY_BUILDING_NO31_MAHUL_BUS,M.M.R.D.A.COLONY BUILDING NO.31 (MAHUL),19.017393,72.889357,0,NULL
HPCL_NORTH_GATE_MAHUL_BUS,HPCL NORTH GATE (MAHUL),19.022258,72.90057299999999,0,NULL
ANDHERI_STATION_W_BUS,ANDHERI STATION (W),19.119448,72.84586,0,NULL
FOUR_BUNGALOWS_BUS,FOUR BUNGALOWS,19.128776,72.825579,0,NULL
CHEMBUR_COLONY_BUS,CHEMBUR COLONY,19.044552,72.893269,0,NULL
CHUNABHATTI_PHATAK_BUS,CHUNABHATTI PHATAK,19.052998,72.870445,0,NULL
EVEREST_SOCIETY_KURLA-E_BUS,EVEREST SOCIETY (KURLA-E),19.061336,72.890973,0,NULL
MAHUL_VILLAGE_BUS,MAHUL VILLAGE,19.014024,72.890365,0,NULL
PRIYADARSHINI_CHUNABHATTI_BUS,PRIYADARSHINI (CHUNABHATTI),19.052343,72.879519,0,NULL
GEETANJALI_ANDHERI-W_BUS,GEETANJALI (ANDHERI-W),19.131209,72.842601,0,NULL
SHREE_SWAMI_SAMARTH_NAGAR_BUS,SHREE SWAMI SAMARTH NAGAR,19.139237,72.825504,0,NULL
CHILDRENS_HOME_BUS,CHILDRENS HOME,19.042727,72.928667,0,NULL
"AROGYA_HOSPITAL,_D_MART_BUS","AROGYA HOSPITAL, D MART",19.01907,73.015754,0,NULL
DATTAGURU_CO-OPERATIVE_HOUSING_SOCIETY_BUS,DATTAGURU CO-OPERATIVE HOUSING SOCIETY,19.047929,72.92020100000001,0,NULL
GAVDEVI_CHOWK_SARSOLE_BUS,GAVDEVI CHOWK (SARSOLE),19.043137,73.01478400000001,0,NULL
"RCFCOLONY_CHEMBUR,_GOLF_CLUB_BUS","R.C.F.COLONY (CHEMBUR), GOLF CLUB",19.046125,72.89865500000001,0,NULL
JUHU_VILLAGE_NAVI_MUMBAI_BUS,JUHU VILLAGE (NAVI MUMBAI),19.086685,73.002949,0,NULL
"JUI_NAGAR,_GAONDEVI_CHOWK_BUS","JUI NAGAR, GAONDEVI CHOWK",19.049713,73.017038,0,NULL
KALAMBOLI_COLONY_BUS,KALAMBOLI COLONY,19.02206,73.10057,0,NULL
KOPAR_KHAIRANE_BUS,KOPAR KHAIRANE,19.10937,73.001852,0,NULL
"MAHATMA_GANDHI_HOSPITAL,_PANVEL_NAKA_BUS","MAHATMA GANDHI HOSPITAL, PANVEL NAKA",19.019157,73.105136,0,NULL
NARMADESHWAR_MANDIR_BUS,NARMADESHWAR MANDIR,19.040868,72.939772,0,NULL
NERUL_GYMKHANA_BUS,NERUL GYMKHANA,19.026306,73.015833,0,NULL
DOMESTIC_AIRPORT_JUNCTION_BUS,DOMESTIC AIRPORT JUNCTION,19.094346,72.851721,0,NULL
JBNAGAR_ANDHERI-E_BUS,J.B.NAGAR (ANDHERI-E),19.111439,72.868437,0,NULL
YBCHAVAN_MARG_JUNCTION_VASHI_BUS,Y.B.CHAVAN MARG JUNCTION (VASHI),19.067796,72.997471,0,NULL
VASUDEO_BALWANT_PHADKE_CHOWK_DHOBI_TALAO_BUS,VASUDEO BALWANT PHADKE CHOWK (DHOBI TALAO),18.943767,72.828653,0,NULL
RAM_BAUG_GOREGAON-W_BUS,RAM BAUG (GOREGAON-W),19.163362,72.84399500000001,0,NULL
BANDRA_E_BUS_STATION_BUS,BANDRA (E) BUS STATION,19.055631,72.84548599999999,0,NULL
MAHIM_BUS_STATION_BUS,MAHIM BUS STATION,19.043116,72.84177,0,NULL
AAREY_UNIT_NO32_BUS,AAREY UNIT NO.32,19.164027,72.870262,0,NULL
DRAMBEDKAR_CHOWK_GOREGAON-E_BUS,DR.AMBEDKAR CHOWK (GOREGAON-E),19.173506,72.85688,0,NULL
BPCL_SPORTS_CLUB_BUS,BPCL SPORTS CLUB,19.027884,72.896002,0,NULL
UMARSHI_BAPPA_CHOWK_BUS,UMARSHI BAPPA CHOWK,19.055924,72.888153,0,NULL
PICNIC_COTTAGE_VERSOVA_BUS,PICNIC COTTAGE (VERSOVA),19.130402,72.81416299999999,0,NULL
MMRDACOLONY_MAHUL_BUS,M.M.R.D.A.COLONY (MAHUL),19.017538,72.890354,0,NULL
PINK_CORNER_BUS,PINK CORNER,19.051687,72.889979,0,NULL
GANESH_NAGAR_VEER_ABDUL_HAMID_ROAD_JUNCTION_BUS,GANESH NAGAR VEER ABDUL HAMID ROAD JUNCTION,19.02429,72.876825,0,NULL
ANDHERI_STATION_W_BUS,ANDHERI STATION (W),19.119276,72.845347,0,NULL
ANDHERI_MARKET_BUS,ANDHERI MARKET,19.123668,72.84667399999999,0,NULL
AZAD_NAGAR_ANDHERI_BUS,AZAD NAGAR (ANDHERI),19.130717,72.83757300000001,0,NULL
GANGA_BHAVAN_BUS,GANGA BHAVAN,19.135034,72.81034699999999,0,NULL
HIGHLAND_GARDEN_BUS,HIGHLAND GARDEN,19.145618,72.828836,0,NULL
JEEVAN_NAGAR_BUS,JEEVAN NAGAR,19.1313,72.83134699999999,0,NULL
LOKHANDWALA_COMPLEX_JUNCTION_JOGESHWARI-W_BUS,LOKHANDWALA COMPLEX JUNCTION (JOGESHWARI-W),19.142376,72.83138599999999,0,NULL
TELEPHONE_EXCHANGE_ANDHERI-W_BUS,TELEPHONE EXCHANGE (ANDHERI-W),19.133898,72.825632,0,NULL
SHREE_SWAMI_SAMARTH_NAGAR_BUS,SHREE SWAMI SAMARTH NAGAR,19.139852,72.825941,0,NULL
AMIRA_APARTMENTS_BUS,AMIRA APARTMENTS,19.18113,72.816638,0,NULL
JJHOSPITAL_NURSING_SOCIETY_MADH_BUS,J.J.HOSPITAL NURSING SOCIETY (MADH),19.185135,72.79769400000001,0,NULL
KHARODI_VILLAGE_BUS,KHARODI VILLAGE,19.196354,72.818431,0,NULL
MADH_JETTY_BUS,MADH JETTY,19.14454,72.80198300000001,0,NULL
MADH_TEMPLE_BUS,MADH TEMPLE,19.140654,72.791217,0,NULL
SHIVAJIRAJE_COMPLEX_KANDIVALI-W_EXTENSION_BUS,SHIVAJIRAJE COMPLEX (KANDIVALI-W) (EXTENSION),19.202084,72.821983,0,NULL
MARSHAL_WADI_BUS,MARSHAL WADI,19.180302,72.797765,0,NULL
MADH_TEMPLE_BUS,MADH TEMPLE,19.140663,72.79119799999999,0,NULL
ANAND_NAGAR_DAHISAR_BUS,ANAND NAGAR (DAHISAR),19.258167,72.864665,0,NULL
MAHINDRA_COMPANY_GATE_BHAD_COLONY_BUS,MAHINDRA COMPANY GATE (B.H.A.D. COLONY),19.2069,72.866311,0,NULL
BHAIDAYA_NAGAR_BUS,BHAIDAYA NAGAR,19.310397,72.857651,0,NULL
BORIVALI_E_STATION_BUS,BORIVALI (E) STATION,19.230629,72.858794,0,NULL
BHANDUP_STATION_W_BUS,BHANDUP STATION (W),19.144263,72.93767800000001,0,NULL
BHANDUP_STATION_W_ROAD_BUS,BHANDUP STATION (W) ROAD,19.146115,72.935852,0,NULL
PUNJAB_WADI_DEONAR_BUS,PUNJAB WADI (DEONAR),19.045353,72.914796,0,NULL
RAJ_KAPOOR_CHOWK_ANUSHAKTI_NAGAR_BUS,RAJ KAPOOR CHOWK (ANUSHAKTI NAGAR),19.043548,72.921256,0,NULL
SANPADA_STATION_BUS,SANPADA STATION,19.06754,73.00966099999999,0,NULL
SEAWOOD_DARAVE_RAILWAY_PHATAK_BUS,SEAWOOD DARAVE RAILWAY PHATAK,19.023443,73.01513799999999,0,NULL
"NERUL_SECTOR_46,_48_BUS","NERUL SECTOR 46, 48",19.007831,73.016321,0,NULL
SHIVAJI_CHOWK_KHARGHAR_SECTOR_8_BUS,SHIVAJI CHOWK (KHARGHAR SECTOR 8),19.043457,73.06743299999999,0,NULL
TATA_PRESS_NERUL_BUS,TATA PRESS (NERUL),19.039158,73.02886100000001,0,NULL
TERNA_ENGINEERING_COLLEGE_KOPAR_KHAIRANE_BUS,TERNA ENGINEERING COLLEGE (KOPAR KHAIRANE),19.111023,73.003563,0,NULL
VIVEKANAND_SCHOOL_JUI_NAGAR_BUS,VIVEKANAND SCHOOL (JUI NAGAR),19.062959,73.013166,0,NULL
CRISIL_HOUSE_BUS,CRISIL HOUSE,19.117336,72.910651,0,NULL
SHIVAJI_NAGAR_MADH_BUS,SHIVAJI NAGAR (MADH),19.141524,72.794077,0,NULL
ASHIRWAD_HOSPITAL_BUS,ASHIRWAD HOSPITAL,19.257101,72.86496099999999,0,NULL
DAHISAR_CHECK_NAKA_BUS,DAHISAR CHECK NAKA,19.258568,72.871837,0,NULL
GAIMUKH_GHODBUNDER_RD_BUS,GAIMUKH (GHODBUNDER RD),19.285419,72.936431,0,NULL
GOKULANAND_HOTEL_BUS,GOKULANAND HOTEL,19.244887,72.86475799999999,0,NULL
HANUMAN_TEKDI_BORIVALI_-E_BUS,HANUMAN TEKDI (BORIVALI -E),19.240319,72.86985900000001,0,NULL
HANUMAN_TEKDI_BORIVALI_-E_BUS,HANUMAN TEKDI (BORIVALI -E),19.240418,72.869812,0,NULL
KASHIMIRA_BUS,KASHIMIRA,19.2715,72.882266,0,NULL
MAGATHANE_DEPOT_BUS,MAGATHANE DEPOT,19.220397,72.865448,0,NULL
JAI_MAHAKALI_MANDIR_BUS,JAI MAHAKALI MANDIR,19.241454,72.86434199999999,0,NULL
"MAHAVISHNU,_SAMRAT_HOTEL_BUS","MAHAVISHNU, SAMRAT HOTEL",19.265219,72.87536299999999,0,NULL
FISH_MARKET_BUS,FISH MARKET,19.24797,72.868799,0,NULL
VESAVA-YARI_ROAD_BUS_STATION_BUS,VESAVA-YARI ROAD BUS STATION,19.13945,72.808233,0,NULL
AKSA_VILLAGE_BUS,AKSA VILLAGE,19.176516,72.79762599999999,0,NULL
AMIRA_APARTMENTS_BUS,AMIRA APARTMENTS,19.181112,72.81683700000001,0,NULL
JANKALYAN_NAGAR_BUS,JANKALYAN NAGAR,19.199796,72.818618,0,NULL
MADH_MARKET_BUS,MADH MARKET,19.141584,72.789838,0,NULL
"JANTA_COLONY,_SHIV_MANDIR_BUS","JANTA COLONY, SHIV MANDIR",19.200132,72.83387999999999,0,NULL
MALVANI_BLOCK_NO6_BUS,MALVANI BLOCK NO.6,19.1892,72.819788,0,NULL
"MALVANI_DEPOT,_GAIKWAD_NAGAR_BUS","MALVANI DEPOT, GAIKWAD NAGAR",19.183418,72.819079,0,NULL
MARVE_BEACH-ESSEL_WORLD_BUS,MARVE BEACH-ESSEL WORLD,19.198976,72.79880300000001,0,NULL
RETREAT_HOTEL_MADH_BUS,RETREAT HOTEL (MADH),19.153896,72.78917800000001,0,NULL
"FIRE_BRIGADE,_KHARODI_COLONY_BUS","FIRE BRIGADE, KHARODI COLONY",19.196573,72.821759,0,NULL
"BHAYANDER_PHATAK,_JANAKI_RESIDENCY_BUS","BHAYANDER PHATAK, JANAKI RESIDENCY",19.298298,72.85238699999999,0,NULL
"HEMGIRI_SOCIETY,_GANESH_MANDIR_BUS","HEMGIRI SOCIETY, GANESH MANDIR",19.235627,72.864098,0,NULL
BLOOD_BANK_BUS,BLOOD BANK,19.2743,72.86139300000001,0,NULL
KAJUPADA_BORIVALI_-E_BUS,KAJUPADA (BORIVALI -E),19.234,72.86960000000001,0,NULL
SHREE_KOTESHWARI_MANDIR_BUS,SHREE KOTESHWARI MANDIR,19.214029,72.868865,0,NULL
"ANGAN_WADI,_MANALI_VILLAGE_BUS","ANGAN WADI, MANALI VILLAGE",19.235402,72.86620000000001,0,NULL
MAGATHANE_TELEPHONE_EXCHANGE_BUS,MAGATHANE TELEPHONE EXCHANGE,19.216034,72.867048,0,NULL
PUNJAB_FOUNDRY_MIRA_ROAD_BUS,PUNJAB FOUNDRY (MIRA ROAD),19.275963,72.881703,0,NULL
RUSHIVAN_BUS,RUSHIVAN,19.2364667,72.8729833,0,NULL
SAIKRUPA_COMPLEX_BUS,SAIKRUPA COMPLEX,19.2715167,72.8860667,0,NULL
"SHEETAL_NAGAR,_MTNL_MIRA_ROAD_BUS","SHEETAL NAGAR, MTNL (MIRA ROAD)",19.283535,72.866106,0,NULL
STXAVIER_S_HIGH_SCHOOL_KASHIMIRA_BUS,ST.XAVIER S HIGH SCHOOL (KASHIMIRA),19.2696,72.8882333,0,NULL
VERSOVA_BRIDGE_GHODBUNDER_RD_BUS,VERSOVA BRIDGE (GHODBUNDER RD),19.284987,72.90481699999999,0,NULL
GHATKOPAR_PIPE_LINE_BUS,GHATKOPAR PIPE LINE,19.08819,72.90251600000001,0,NULL
GHATKOPAR_POST_OFFICE_BUS,GHATKOPAR POST OFFICE,19.087468,72.90590899999999,0,NULL
GHATKOPAR_STATION_W_BUS,GHATKOPAR STATION (W),19.08792,72.90875,0,NULL
HANUMAN_MANDIR_BARVE_NAGAR_BUS,HANUMAN MANDIR (BARVE NAGAR),19.093737,72.90388299999999,0,NULL
HIRANANDANI_GARDEN_POWAI_BUS,HIRANANDANI GARDEN (POWAI),19.116215,72.909302,0,NULL
IITMARKET_POWAI_BUS,I.I.T.MARKET (POWAI),19.128152,72.919117,0,NULL
JAIN_MANDIR_BHANDUP-W_BUS,JAIN MANDIR (BHANDUP-W),19.149792,72.937763,0,NULL
JAMBHULPADA_BUS,JAMBHULPADA,19.094242,72.899816,0,NULL
MEENATAI_THACKERAY_MAIDAN_ANACIN_COMPANY_BUS,MEENATAI THACKERAY MAIDAN (ANACIN COMPANY),19.098637,72.9171,0,NULL
MILIND_NAGAR_BHANDUP-W_BUS,MILIND NAGAR (BHANDUP-W),19.158446,72.93207700000001,0,NULL
SAIBABA_MANDIR_AMRUT_NAGAR_BUS,SAIBABA MANDIR (AMRUT NAGAR),19.098734,72.907768,0,NULL
SUBHASH_NAGAR_BHANDUP-W_BUS,SUBHASH NAGAR (BHANDUP-W),19.15926,72.944131,0,NULL
PLEASANT_PARK_MIRA_ROAD_BUS,PLEASANT PARK (MIRA ROAD),19.275428,72.877118,0,NULL
RAJASHREE_CINEMA_BUS,RAJASHREE CINEMA,19.250967,72.863709,0,NULL
RAJASHREE_CINEMA_BUS,RAJASHREE CINEMA,19.251102,72.863547,0,NULL
SAIKRUPA_COMPLEX_BUS,SAIKRUPA COMPLEX,19.2715833,72.88586669999999,0,NULL
"MUNICIPAL_MARKET,_SAIBABA_MANDIR-BORIVALI_-E_BUS","MUNICIPAL MARKET, SAIBABA MANDIR-(BORIVALI -E)",19.241357,72.86860299999999,0,NULL
"SAMATA_NAGAR,_BUILDING_NO3&5_BUS","SAMATA NAGAR, BUILDING NO.3&5",19.205943,72.86751,0,NULL
SHREE_KRISHNA_NAGAR_BORIVALI_-E_BUS,SHREE KRISHNA NAGAR (BORIVALI -E),19.233169,72.86317699999999,0,NULL
SILVER_PARK_MIRA_ROAD_BUS,SILVER PARK (MIRA ROAD),19.282157,72.87420299999999,0,NULL
THAKUR_CINEMA_KANDIVALI-E_BUS,THAKUR CINEMA (KANDIVALI-E),19.210002,72.87311800000001,0,NULL
THAKUR_COMPLEX_KANDIVALI-E_BUS,THAKUR COMPLEX (KANDIVALI-E),19.208896,72.863885,0,NULL
VITTHAL_RAKHUMAI_MANDIR_DAHISAR-E_BUS,VITTHAL RAKHUMAI MANDIR (DAHISAR-E),19.257409,72.86544600000001,0,NULL
DAHISAR_BUS_STATION_BUS,DAHISAR BUS STATION,19.258985,72.873549,0,NULL
CHHATRAPATI_SHIVAJI_MAHARAJ_TERMINUSCSMT_BUS,CHHATRAPATI SHIVAJI MAHARAJ TERMINUS(CSMT),18.940654,72.833412,0,NULL
JOHAR_CHOWK_BHENDI_BAZAAR_BUS,JOHAR CHOWK (BHENDI BAZAAR),18.958875,72.83165099999999,0,NULL
LOHA_BHAVAN_BUS,LOHA BHAVAN,18.952006,72.841313,0,NULL
NAVY_NAGAR_COLABA_BUS,NAVY NAGAR (COLABA),18.90748,72.808967,0,NULL
SANDHURST_ROAD_STATION_BUS,SANDHURST ROAD STATION,18.96084,72.838819,0,NULL
SWAMI_DAYANAND_SARASWATI_CHOWK_FORT_BUS,SWAMI DAYANAND SARASWATI CHOWK (FORT),18.936979,72.836899,0,NULL
WADI_BUNDER_BUS,WADI BUNDER,18.957508,72.84203100000001,0,NULL
"BHOIWADA,_MANE_MASTER_CHOWK_BUS","BHOIWADA, MANE MASTER CHOWK",19.005491,72.844979,0,NULL
"BYCULLA_STATION_EAST,_GLORIA_CHURCH_BUS","BYCULLA STATION (EAST), GLORIA CHURCH",18.975563,72.834383,0,NULL
KHODADAD_CIRCLE_DADAR_TT_BUS,KHODADAD CIRCLE (DADAR TT),19.019533,72.848949,0,NULL
DARUKHANA_BUS,DARUKHANA,18.972028,72.84521100000001,0,NULL
"RAJA_SHIVAJI_HIGH_SCHOOL,_HINDU_COLONY_DADAR-E_BUS","RAJA SHIVAJI HIGH SCHOOL, HINDU COLONY (DADAR-E)",19.021402,72.847114,0,NULL
KANHERI_CAVES_BASE_BUS,KANHERI CAVES BASE,19.208875,72.901115,0,NULL
"MAHARASHTRA_NATURE_PARK,_PMGP_COLONY_DHARAVI_BUS","MAHARASHTRA NATURE PARK, P.M.G.P COLONY (DHARAVI)",19.051801,72.86169599999999,0,NULL
DATTA_MANDIR_INCOME_TAX_COLONY_BUS,DATTA MANDIR (INCOME TAX COLONY),19.13131,72.862343,0,NULL
KALPATARU_ESTATE_MAJAS_BUS,KALPATARU ESTATE (MAJAS),19.139841,72.86776500000001,0,NULL
MORARJI_NAGAR_POWAI_BUS,MORARJI NAGAR (POWAI),19.133783,72.897548,0,NULL
RAMWADI_JOGESHWARI-E_BUS,RAMWADI (JOGESHWARI-E),19.140388,72.858554,0,NULL
SANJAY_NAGAR_JOGESHWARI-E_BUS,SANJAY NAGAR (JOGESHWARI-E),19.137685,72.855191,0,NULL
SEEPZ_VILLAGE_BUS,SEEPZ VILLAGE,19.129701,72.878711,0,NULL
SHANKARWADI_JOGESHWARI-E_BUS,SHANKARWADI (JOGESHWARI-E),19.129581,72.85550000000001,0,NULL
PANDEY_NAGAR_BUS,PANDEY NAGAR,19.213293,72.877605,0,NULL
"JAGATDEV_NVARMA_CHOWK,_KAPOLE_NIWAS_BUS","JAGATDEV N.VARMA CHOWK, KAPOLE NIWAS",19.023871,72.85229,0,NULL
RANI_LAXMIBAI_CHOWK_SION_BUS,RANI LAXMIBAI CHOWK (SION),19.043247,72.86425699999999,0,NULL
GHATKOPAR_STATION_W_BUS,GHATKOPAR STATION (W),19.087541,72.907962,0,NULL
HIRANANDANI_TELEPHONE_EXCHANGE_POWAI_BUS,HIRANANDANI TELEPHONE EXCHANGE (POWAI),19.118232,72.915204,0,NULL
AMAR_MAHAL_BUS,AMAR MAHAL,19.066263,72.90031,0,NULL
BHANDUP_VILLAGE_E_JUNCTION_BUS,BHANDUP VILLAGE (E) JUNCTION,19.155665,72.94896,0,NULL
GHATKOPAR_BUS_STATION_BUS,GHATKOPAR BUS STATION,19.088004,72.918272,0,NULL
"PESTOM_SAGAR,_GLASS_FACTORY_BUS","PESTOM SAGAR, GLASS FACTORY",19.069552,72.900898,0,NULL
KANNAMWAR_NAGAR_NO2_BUS,KANNAMWAR NAGAR NO.2,19.120426,72.938723,0,NULL
NAHUR_STATION_E_BUS,NAHUR STATION (E),19.154373,72.94704,0,NULL
ODEON_CINEMA_BUS,ODEON CINEMA,19.079438,72.91068199999999,0,NULL
PANT_NAGAR_BUS,PANT NAGAR,19.083567,72.914063,0,NULL
RTOGHATKOPAR-E_BUS,R.T.O.(GHATKOPAR-E),19.073403,72.911035,0,NULL
RAMABAI_NAGAR_GHATKOPAR-E_BUS,RAMABAI NAGAR (GHATKOPAR-E),19.0784,72.91594600000001,0,NULL
SANJAY_GANDHI_UDYAN_NATIONAL_PARK_BUS,SANJAY GANDHI UDYAN (NATIONAL PARK),19.228248,72.867735,0,NULL
PICNIC_POINT_ROAD_BUS,PICNIC POINT ROAD,19.225247,72.883905,0,NULL
CHECK_POST_BUS,CHECK POST,19.209651,72.899165,0,NULL
NGPARK_BUS,N.G.PARK,19.242985,72.87151299999999,0,NULL
SIDDHARTH_NAGAR_KANDIVALI-E_BUS,SIDDHARTH NAGAR (KANDIVALI-E),19.214645,72.871433,0,NULL
PANDEY_NAGAR_BUS,PANDEY NAGAR,19.21341,72.877719,0,NULL
KALAKILLA_BUS,KALAKILLA,19.048014,72.85915199999999,0,NULL
RANI_LAXMIBAI_CHOWK_SION_BUS,RANI LAXMIBAI CHOWK (SION),19.044448,72.86268800000001,0,NULL
RANI_LAXMIBAI_CHOWK_SION_BUS,RANI LAXMIBAI CHOWK (SION),19.046979,72.86542300000001,0,NULL
RANI_LAXMIBAI_CHOWK_SION_BUS,RANI LAXMIBAI CHOWK (SION),19.043527,72.864351,0,NULL
LOKMANYA_TILAK_HOSPITAL_SION_BUS,LOKMANYA TILAK HOSPITAL (SION),19.035347,72.857412,0,NULL
DHARAVI_KOLIWADA_BUS,DHARAVI KOLIWADA,19.048482,72.855428,0,NULL
"MAHARANA_PRATAP_CHOWK,_MAZGAON_POST_OFFICE_BUS","MAHARANA PRATAP CHOWK, MAZGAON POST OFFICE",18.971411,72.84053900000001,0,NULL
PRABODHANKAR_THACKERAY_UDYAN_BUS_STATION_SEWREE_BUS,PRABODHANKAR THACKERAY UDYAN BUS STATION (SEWREE),18.998213,72.85156600000001,0,NULL
SEWREE_NAKA_BUS,SEWREE NAKA,18.998809,72.849751,0,NULL
TANK_BUNDER_BUS,TANK BUNDER,18.98895,72.846215,0,NULL
WADALA_STATION_W_BUS,WADALA STATION (W),19.01784,72.85937,0,NULL
DADASAHEB_SARFARE_CHOWK_BUS,DADASAHEB SARFARE CHOWK,19.012757,72.84884,0,NULL
HINDUSTAN_PETROLEUM_REAY_ROAD_BUS,HINDUSTAN PETROLEUM (REAY ROAD),18.981259,72.855755,0,NULL
AHANSARI_CHOWK_NAGPADA_BUS,A.H.ANSARI CHOWK (NAGPADA),18.970881,72.831794,0,NULL
NEW_AGRIPADA_BUS,NEW AGRIPADA,18.976281,72.827298,0,NULL
"MAHARASHTRA_COLLEGE,_ALEXANDRA_CINEMA_BUS","MAHARASHTRA COLLEGE, ALEXANDRA CINEMA",18.96749,72.827125,0,NULL
KASTURBA_GANDHI_CHOWK_CPTANK_BUS,KASTURBA GANDHI CHOWK (C.P.TANK),18.954426,72.825948,0,NULL
KASTURBA_GANDHI_CHOWK_CPTANK_BUS,KASTURBA GANDHI CHOWK (C.P.TANK),18.955121,72.82552,0,NULL
GANDHI_MARKET_KINGS_CIRCLE_BUS,GANDHI MARKET (KINGS CIRCLE),19.033578,72.859398,0,NULL
CENTRAL_LABOUR_INSTITUTE_BUS,CENTRAL LABOUR INSTITUTE,19.049102,72.86584000000001,0,NULL
BHULESHWAR_BUS,BHULESHWAR,18.952685,72.830004,0,NULL
CHHATRAPATI_SHIVAJI_MAHARAJ_TERMINUSCSMT_BUS,CHHATRAPATI SHIVAJI MAHARAJ TERMINUS(CSMT),18.94087,72.833099,0,NULL
DHOBI_GHAT_NAVY_NAGAR_BUS,DHOBI GHAT (NAVY NAGAR),18.906932,72.812916,0,NULL
DR_SHYAMAPRASAD_MUKHERJEE_CHOWKMUSEUM_BUS,DR. SHYAMAPRASAD MUKHERJEE CHOWK(MUSEUM),18.923786,72.831963,0,NULL
CHHATRAPATI_SHIVAJI_MAHARAJ_TERMINUS_GPO_BUS,CHHATRAPATI SHIVAJI MAHARAJ TERMINUS (GPO),18.938542,72.836376,0,NULL
KALBADEVI_BUS,KALBADEVI,18.946884,72.82885,0,NULL
MAHATMA_PHULE_MARKET_CRAWFORD_MARKET_BUS,MAHATMA PHULE MARKET (CRAWFORD MARKET),18.944973,72.834264,0,NULL
MANDVI_POST_OFFICE_BUS,MANDVI POST OFFICE,18.956129,72.83263100000001,0,NULL
RAILWAY_ACCIDENT_COURT_BUS,RAILWAY ACCIDENT COURT,18.943729,72.839258,0,NULL
"SASOON_DOCK,_COLABA_FIRE_STATION_BUS","SASOON DOCK, COLABA FIRE STATION",18.916067,72.826387,0,NULL
TAGORE_NAGAR_NO3_VIKHROLI-E_BUS,TAGORE NAGAR NO.3 (VIKHROLI-E),19.119726,72.932378,0,NULL
MUNICIPAL_SCHOOL_KURLA-E_BUS,MUNICIPAL SCHOOL (KURLA-E),19.067556,72.893275,0,NULL
JOGESHWARI_VIKHROLI_LINK_ROAD_KANJURMARG-E_BUS,JOGESHWARI VIKHROLI LINK ROAD (KANJURMARG-E),19.12493,72.938755,0,NULL
BABULNATH_JUNCTION_BUS,BABULNATH JUNCTION,18.959192,72.80993599999999,0,NULL
AHILYABAI_HOLKAR_CHOWK_CHURCHGATE_BUS,AHILYABAI HOLKAR CHOWK (CHURCHGATE),18.933088,72.826848,0,NULL
DRAMBEDKAR_STATUE_FORT_BUS,DR.AMBEDKAR STATUE (FORT),18.927055,72.829644,0,NULL
"DRAMBEDKAR_NAGAR,_DHOBI_GHAT_COLABA_BUS","DR.AMBEDKAR NAGAR, DHOBI GHAT COLABA",18.911481,72.819281,0,NULL
GDSOMANI_SCHOOL_BUS,G.D.SOMANI SCHOOL,18.916513,72.81856500000001,0,NULL
GYMKHANA_BUS,GYMKHANA,18.9464,72.82143499999999,0,NULL
MANTRALAYA_BUS,MANTRALAYA,18.929129,72.824564,0,NULL
JEEVAN_BIMA_MARG_CHURCHGATE_BUS,JEEVAN BIMA MARG (CHURCHGATE),18.928145,72.82562799999999,0,NULL
MUMBAI_GYMKHANA_BUS,MUMBAI GYMKHANA,18.939278,72.82998600000001,0,NULL
SHALIMAR_INDUSTRIES_LIMITED_BUS,SHALIMAR INDUSTRIES LIMITED,19.034718,72.85326000000001,0,NULL
LABOUR_CAMP_DHARAVI_BUS,LABOUR CAMP (DHARAVI),19.037375,72.853279,0,NULL
MAHIM_PHATAK_BUS,MAHIM PHATAK,19.043229,72.848848,0,NULL
GREEN_FIELDS_BUS,GREEN FIELDS,19.139689,72.86917200000001,0,NULL
"GUNDAVALI,_LION_S_CLUB_BUS","GUNDAVALI, LION S CLUB",19.120873,72.855867,0,NULL
"IES_SCHOOL,_JVLR_BUS","I.E.S SCHOOL, (J.V.L.R)",19.128431,72.887247,0,NULL
KOKAN_NAGAR_JOGESHWARI-E_BUS,KOKAN NAGAR (JOGESHWARI-E),19.134383,72.86480299999999,0,NULL
MHBCOLONY_JOGESHWARI-E_BUS,M.H.B.COLONY (JOGESHWARI-E),19.133768,72.862883,0,NULL
MILIND_NAGAR_POWAI_BUS,MILIND NAGAR (POWAI),19.126318,72.890584,0,NULL
NAMASKAR_BUS,NAMASKAR,19.138235,72.870704,0,NULL
"SEEPZ_VILLAGE,_RELIANCE_ENERGY_TRAINING_CENTRE_BUS","SEEPZ VILLAGE, RELIANCE ENERGY TRAINING CENTRE",19.129504,72.882418,0,NULL
SANJAY_NAGAR_JOGESHWARI-E_BUS,SANJAY NAGAR (JOGESHWARI-E),19.13689,72.85579,0,NULL
MAHARANA_PRATAP_CHOWK_MAZGAON_BUS,MAHARANA PRATAP CHOWK (MAZGAON),18.969117,72.84075,0,NULL
NAVJEEVAN_SOCIETY_TARDEO_BUS,NAVJEEVAN SOCIETY (TARDEO),18.965154,72.819711,0,NULL
PETIT_HALL_BUS,PETIT HALL,18.955235,72.798631,0,NULL
PTPALUSKAR_CHOWK_OPERA_HOUSE-_MARWADI_VIDYALAYA_BUS,PT.PALUSKAR CHOWK (OPERA HOUSE)- MARWADI VIDYALAYA,18.957555,72.818169,0,NULL
VASANTRAO_NAIK_CHOWK_TARDEO_BUS,VASANTRAO NAIK CHOWK (TARDEO),18.968764,72.815387,0,NULL
SAIDHAM_BUS,SAIDHAM,18.957951,72.816954,0,NULL
CHANDAN_CINEMA_BUS,CHANDAN CINEMA,19.114738,72.827701,0,NULL
DAULAT_NAGAR_SANTACRUZ-W_BUS,DAULAT NAGAR (SANTACRUZ-W),19.089944,72.833327,0,NULL
JUHU_KOLIWADA_BUS,JUHU KOLIWADA,19.085956,72.82806600000001,0,NULL
JUHU_TARA_ROAD_BUS,JUHU TARA ROAD,19.090066,72.827597,0,NULL
RAMKRISHNA_MISSION_KHAR-W_BUS,RAMKRISHNA MISSION (KHAR-W),19.076014,72.834231,0,NULL
STTERESA_CONVENT_SCHOOL_SANTACRUZ-W_BUS,ST.TERESA CONVENT SCHOOL (SANTACRUZ-W),19.076468,72.837718,0,NULL
SWADESHI_MARKET_BUS,SWADESHI MARKET,18.948565,72.82884900000001,0,NULL
VASUDEO_BALWANT_PHADKE_CHOWK_DHOBI_TALAO_BUS,VASUDEO BALWANT PHADKE CHOWK (DHOBI TALAO),18.943226,72.829821,0,NULL
VIJAY_VALLABH_CHOWK_PYDHONIE_BUS,VIJAY VALLABH CHOWK (PYDHONIE),18.954313,72.83194899999999,0,NULL
CHINCH_BUNDER_BUS,CHINCH BUNDER,18.958382,72.838536,0,NULL
NIRMAN_BHAVAN_BUS,NIRMAN BHAVAN,18.963546,72.846518,0,NULL
RCCHURCH_BUS,R.C.CHURCH,18.900202,72.81389900000001,0,NULL
KHODADAD_CIRCLE_DADAR_TT_BUS,KHODADAD CIRCLE (DADAR TT),19.019433,72.848826,0,NULL
KHODADAD_CIRCLE_DADAR_TT_BUS,KHODADAD CIRCLE (DADAR TT),19.016732,72.84953,0,NULL
DNYANESHWAR_NAGAR_BUS,DNYANESHWAR NAGAR,19.005406,72.85384999999999,0,NULL
HINDU_CEMETARYREAY_ROAD_BUS,HINDU CEMETARY(REAY ROAD),18.977784,72.84721999999999,0,NULL
JAIHIND_CINEMA_BUS,JAIHIND CINEMA,18.985284,72.835601,0,NULL
JIJAMATA_UDYAN_BYCULLA_BUS,JIJAMATA UDYAN (BYCULLA),18.980902,72.834521,0,NULL
NCPA_BUS,N.C.P.A.,18.925161,72.822621,0,NULL
THAKURDWAR_GIRGAON_BUS,THAKURDWAR (GIRGAON),18.951027,72.823482,0,NULL
WILSON_COLLEGE_BUS,WILSON COLLEGE,18.956185,72.810698,0,NULL
AHILYABAI_HOLKAR_CHOWK_CHURCHGATE_BUS,AHILYABAI HOLKAR CHOWK (CHURCHGATE),18.932872,72.82850999999999,0,NULL
PTPALUSKAR_CHOWK_BUS,PT.PALUSKAR CHOWK,18.954409,72.815656,0,NULL
AYYAPA_MANDIR_GOREGAON_BUS,AYYAPA MANDIR (GOREGAON),19.165179,72.831948,0,NULL
"BEST_NAGAR,_OSHIWARA_STAFF_QUARTERS_BUS","BEST NAGAR, OSHIWARA STAFF QUARTERS",19.153782,72.838944,0,NULL
GOREGAON_W_BUS_STATION_BUS,GOREGAON (W) BUS STATION,19.163582,72.84918500000001,0,NULL
"GOREGAON,_OSHIWARA_DEPOT_BUS","GOREGAON, OSHIWARA DEPOT",19.152633,72.835779,0,NULL
JAWAHAR_NAGAR_GOREGAON-W_BUS,JAWAHAR NAGAR (GOREGAON-W),19.162198,72.846154,0,NULL
JOGESHWARI_W_BUS_STATION_BUS,JOGESHWARI (W) BUS STATION,19.133976,72.84773199999999,0,NULL
MOTILAL_NAGAR_POST_OFFICE_BUS,MOTILAL NAGAR POST OFFICE,19.159095,72.84049,0,NULL
SEEPZ_BUS_STATION_BUS,SEEPZ BUS STATION,19.124594,72.87267799999999,0,NULL
SEEPZ_VILLAGE_BUS,SEEPZ VILLAGE,19.129953,72.87662,0,NULL
SHIVAJI_CHOWK_ANDHERI-E_BUS,SHIVAJI CHOWK (ANDHERI-E),19.111952,72.849239,0,NULL
"SIDDHESHWAR_SOCIETY,_GHARONDA_BUS","SIDDHESHWAR SOCIETY, GHARONDA",19.118874,72.999146,0,NULL
VIVEKANAND_SCHOOL_JUI_NAGAR_BUS,VIVEKANAND SCHOOL (JUI NAGAR),19.062995,73.013261,0,NULL
BHANDUP_STATION_W_BUS,BHANDUP STATION (W),19.144317,72.937611,0,NULL
"ISHWAR_NAGAR,_BHANDUP_W_BUS","ISHWAR NAGAR, BHANDUP (W)",19.144425,72.93444599999999,0,NULL
SHETTY_VIDYALAYA_POWAI_BUS,SHETTY VIDYALAYA (POWAI),19.115636,72.905985,0,NULL
GHATKOPAR_BUS_STATION_BUS,GHATKOPAR BUS STATION,19.088158,72.918053,0,NULL
KANNAMWAR_NAGAR_NO1_BUS,KANNAMWAR NAGAR NO.1,19.1137,72.93560100000001,0,NULL
GOREGAON_POLICE_STATION_BUS,GOREGAON POLICE STATION,19.156985,72.845834,0,NULL
CHARAT_SINGH_COLONY_BUS,CHARAT SINGH COLONY,19.11122,72.864512,0,NULL
KURLA_DEPOT_BUS,KURLA DEPOT,19.075351,72.87661900000001,0,NULL
NAVJEEVAN_SOCIETY_KURLA-W_BUS,NAVJEEVAN SOCIETY (KURLA-W),19.077873,72.880228,0,NULL
OLD_AGRA_ROAD_KURLA-W_BUS,OLD AGRA ROAD (KURLA-W),19.078957,72.879819,0,NULL
VILE_PARLE_W_BUS,VILE PARLE (W),19.10218,72.83944700000001,0,NULL
JUHU_HOTEL_BUS,JUHU HOTEL,19.105171,72.82708100000001,0,NULL
AIR_INDIA_QUARTERS_BUS,AIR INDIA QUARTERS,19.080244,72.868692,0,NULL
HOLY_CROSS_SCHOOL_KURLA-W_BUS,HOLY CROSS SCHOOL (KURLA-W),19.08242,72.88574699999999,0,NULL
KAMANI_BUS,KAMANI,19.08382,72.885034,0,NULL
SUNDAR_BAUG_KAMANI_BUS,SUNDAR BAUG (KAMANI),19.086684,72.88713300000001,0,NULL
VAKOLA_MASJID_BUS,VAKOLA MASJID,19.081565,72.85512199999999,0,NULL
VAKOLA_POLICE_STATION_HANUMAN_MANDIR_BUS,VAKOLA POLICE STATION (HANUMAN MANDIR),19.078714,72.846676,0,NULL
BABASAHEB_WORLIKAR_CHOWK_CENTURY_BAZAAR_BUS,BABASAHEB WORLIKAR CHOWK (CENTURY BAZAAR),19.012759,72.82552099999999,0,NULL
PARSIWADA_CHAKALA_BUS,PARSIWADA (CHAKALA),18.99295,72.842822,0,NULL
KIDWAI_NAGAR_BUS,KIDWAI NAGAR,19.008767,72.85418,0,NULL
NAIGAON_POLICE_COLONY_BUS,NAIGAON POLICE COLONY,19.008203,72.847285,0,NULL
MADKEBUWA_CHOWK_PAREL_BUS,MADKEBUWA CHOWK (PAREL),19.002768,72.83851300000001,0,NULL
SEWREE_NAKA_BUS,SEWREE NAKA,18.997824,72.849923,0,NULL
SEWREE_STATION_W_BUS,SEWREE STATION (W),18.998458,72.853227,0,NULL
SHINDEWADI_DADAR-E_BUS,SHINDEWADI (DADAR-E),19.011516,72.843464,0,NULL
TBHOSPITAL_KIDWAI_NAGAR_BUS,T.B.HOSPITAL (KIDWAI NAGAR),19.005043,72.851827,0,NULL
WADIA_MATERNITY_HOSPITAL_BUS,WADIA MATERNITY HOSPITAL,19.002725,72.842834,0,NULL
SEWREE_STORE_BUS,SEWREE STORE,18.987583,72.85686200000001,0,NULL
"ORDNANCE_DEPOT,_REAY_ROAD_E_BUS","ORDNANCE DEPOT, REAY ROAD (E)",18.981356,72.852355,0,NULL
RAMBHAU_BHOGALE_MUNICIPAL_SCHOOL_BUS,RAMBHAU BHOGALE MUNICIPAL SCHOOL,18.981999,72.84079800000001,0,NULL
SAHARA_GOREGAON-W_BUS,SAHARA (GOREGAON-W),19.15403,72.845332,0,NULL
NEW_SIDDHARTH_NAGAR_GOREGAON-W_BUS,NEW SIDDHARTH NAGAR (GOREGAON-W),19.1592167,72.8390833,0,NULL
TECHNICAL_SCHOOL_BANDRA-E_BUS,TECHNICAL SCHOOL (BANDRA-E),19.063672,72.846867,0,NULL
DANDPADA_BUS,DANDPADA,19.074753,72.826583,0,NULL
"DRAMBEDKAR_ROAD,_KHAR_BUS","DR.AMBEDKAR ROAD, KHAR",19.070066,72.829266,0,NULL
HILL_ROAD_GARDEN_BUS,HILL ROAD GARDEN,19.05287,72.824054,0,NULL
KAPDA_BAZAR_MAHIM_BUS,KAPDA BAZAR (MAHIM),19.035824,72.83941,0,NULL
KHAR_STATION_W_ROAD_BUS,KHAR STATION (W) ROAD,19.07074,72.837456,0,NULL
MAHIM_BUS,MAHIM,19.0413,72.840879,0,NULL
MAHIM_BUS,MAHIM,19.040415,72.841221,0,NULL
"MACCHIMAR_NAGAR,_RAHEJA_HOSPITAL_MAHIM_BUS","MACCHIMAR NAGAR, RAHEJA HOSPITAL (MAHIM)",19.046117,72.843554,0,NULL
"PADMASHREE_MOHAMMED_RAFI_CHOWK,_BANDRA_W_BUS","PADMASHREE MOHAMMED RAFI CHOWK, BANDRA (W)",19.052961,72.837991,0,NULL
"VILE_PARLE_STATION_E,_DINANATH_NATYAGRUH_BUS","VILE PARLE STATION (E), DINANATH NATYAGRUH",19.100629,72.844618,0,NULL
"DRDATTA_SAMANT_CHOWK,_SAKINAKA_BUS","DR.DATTA SAMANT CHOWK, SAKINAKA",19.105682,72.88515700000001,0,NULL
"GARWARE_CHOWK,_KOLDONGRI_NO2_BUS","GARWARE CHOWK, KOLDONGRI NO.2",19.10993,72.851911,0,NULL
KAMANI_OIL_INDUSTRIES_CHANDIVLI_BUS,KAMANI OIL INDUSTRIES (CHANDIVLI),19.113327,72.890761,0,NULL
MAHILA_SANGH_VILE_PARLE-E_BUS,MAHILA SANGH (VILE PARLE-E),19.106904,72.852017,0,NULL
MAROL_VILLAGE_BUS,MAROL VILLAGE,19.112727,72.87927999999999,0,NULL
MITTAL_ESTATE_MAROL_BUS,MITTAL ESTATE (MAROL),19.107623,72.880623,0,NULL
SAHAR_P_&_T_COLONY_NO1_BUS,SAHAR P & T COLONY NO.1,19.103747,72.862055,0,NULL
SAHAR_CARGO_COMPLEX_BUS,SAHAR CARGO COMPLEX,19.097615,72.865309,0,NULL
SHIVAJI_CHOWK_ANDHERI-E_BUS,SHIVAJI CHOWK (ANDHERI-E),19.110516,72.84968600000001,0,NULL
LOKMANYA_TILAK_NAGAR_ASALPHA_BUS,LOKMANYA TILAK NAGAR (ASALPHA),19.101601,72.89035699999999,0,NULL
SANGHARSH_NAGAR_CHANDIVALI_BUS,SANGHARSH NAGAR (CHANDIVALI),19.107911,72.901113,0,NULL
"CATERING_COLLEGE,_SURYAVANSHI_HALL_BUS","CATERING COLLEGE, SURYAVANSHI HALL",19.024059,72.83516299999999,0,NULL
DADAR_POLICE_STATION_BUS,DADAR POLICE STATION,19.01423,72.835465,0,NULL
NARAYAN_PUJARI_NAGAR_WORLI_BUS,NARAYAN PUJARI NAGAR (WORLI),18.994763,72.81394899999999,0,NULL
POLICE_CAMP_WORLI_BUS,POLICE CAMP (WORLI),19.008252,72.814697,0,NULL
SIDDHIVINAYAK_MANDIR_PRABHADEVI_BUS,SIDDHIVINAYAK MANDIR (PRABHADEVI),19.01907,72.83171900000001,0,NULL
"DRRAVINDRA_KULKARNI_CHOWK,_SASMIRA_WORLI_BUS","DR.RAVINDRA KULKARNI CHOWK, SASMIRA (WORLI)",19.011464,72.82105799999999,0,NULL
"AMBIKA_MILL_BUS_STATION,_HURAKHANGI_CHOWK_BUS","AMBIKA MILL BUS STATION, H.U.RAKHANGI CHOWK",18.989376,72.82232999999999,0,NULL
"JARIMARI_MATA_MANDIR,_STOFFICE_WORLI_BUS","JARIMARI MATA MANDIR, S.T.OFFICE (WORLI)",18.99462,72.81522200000001,0,NULL
MUNICIPAL_GARAGE_WORLI_BUS,MUNICIPAL GARAGE (WORLI),18.995337,72.81903,0,NULL
"PODDAR_HOSPITAL_WORLI,_SIDDHARTH_NAGAR_BUS","PODDAR HOSPITAL (WORLI), SIDDHARTH NAGAR",19.000376,72.816442,0,NULL
DURGA_PARMESHWARI_MANDIR_BUS,DURGA PARMESHWARI MANDIR,19.219302,72.833409,0,NULL
WADALA_STATION_W_BUS,WADALA STATION (W),19.017009,72.858896,0,NULL
AIR_CONDITION_MARKET_BUS,AIR CONDITION MARKET,18.973064,72.81451,0,NULL
AUGUST_KRANTI_MAIDAN_BUS,AUGUST KRANTI MAIDAN,18.963005,72.810568,0,NULL
BREACH_CANDY_HOSPITAL_BUS,BREACH CANDY HOSPITAL,18.970689,72.804693,0,NULL
CUMBALA_HILL_POST_OFFICE_BUS,CUMBALA HILL POST OFFICE,18.969364,72.808796,0,NULL
MAFATLAL_PARK_BUS,MAFATLAL PARK,18.9734833,72.80581669999999,0,NULL
DOCKYARD_ROAD_RAILWAY_STATION_BUS,DOCKYARD ROAD RAILWAY STATION,18.968369,72.843647,0,NULL
GODREJ_CHOWK_KEMPS_CORNER_BUS,GODREJ CHOWK (KEMPS CORNER),18.96388,72.80853500000001,0,NULL
VATSALABAI_DESAI_CHOWK_HAJI_ALI_BUS,VATSALABAI DESAI CHOWK (HAJI ALI),18.979693,72.812415,0,NULL
HYDERABAD_ESTATE_BUS,HYDERABAD ESTATE,18.956167,72.800814,0,NULL
JOHAR_CHOWK_BHENDI_BAZAAR_BUS,JOHAR CHOWK (BHENDI BAZAAR),18.958169,72.830854,0,NULL
MUMBAI_CENTRAL_STATION_BUS,MUMBAI CENTRAL STATION,18.96902,72.818843,0,NULL
MOTI_MAHAL_BANDRA-W_BUS,MOTI MAHAL (BANDRA-W),19.06043,72.834338,0,NULL
NATIONAL_COLLEGE_BANDRA-W_BUS,NATIONAL COLLEGE (BANDRA-W),19.062869,72.834554,0,NULL
RIZVI_COMPLEX_CARTER_ROAD_BUS,RIZVI COMPLEX (CARTER ROAD),19.066538,72.822884,0,NULL
SHITALADEVI_TEMPLE_MAHIM_BUS,SHITALADEVI TEMPLE (MAHIM),19.035303,72.843951,0,NULL
UNIT_TRUST_OF_INDIA_BANDRA-W_BUS,UNIT TRUST OF INDIA (BANDRA-W),19.050054,72.828417,0,NULL
KHERWADI_POLICE_STATION_BUS,KHERWADI POLICE STATION,19.064794,72.85019200000001,0,NULL
RESERVE_BANK_OF_INDIA_BKC_BUS,RESERVE BANK OF INDIA (BKC),19.057596,72.853094,0,NULL
HANUMAN_MANDIR_KHERWADI_BUS,HANUMAN MANDIR (KHERWADI),19.06164,72.847667,0,NULL
BANDRA_W_BUS_STATION_BUS,BANDRA (W) BUS STATION,19.054561,72.838959,0,NULL
"BHAYANDER_PHATAK,_JANAKI_RESIDENCY_BUS","BHAYANDER PHATAK, JANAKI RESIDENCY",19.295163,72.85224700000001,0,NULL
GENERAL_ARUN_KUMAR_VAIDYA_MARG_JUNCTION_GOREGAON-E_BUS,GENERAL ARUN KUMAR VAIDYA MARG JUNCTION (GOREGAON-E),19.174493,72.861205,0,NULL
AAREY_PUMP_HOUSE_BUS,AAREY PUMP HOUSE,19.154399,72.875068,0,NULL
"AMARNATH_PATIL_SPORT_COMPLEX,_BANGANGA_BUS","AMARNATH PATIL SPORT COMPLEX, BANGANGA",19.050819,72.914348,0,NULL
AGARWADI_MANKHURD_BUS,AGARWADI (MANKHURD),19.045401,72.925883,0,NULL
APNA_BAZAR_VASHI_BUS,APNA BAZAR (VASHI),19.07112,72.99751000000001,0,NULL
BANUBAI_TANDEL_MARKET_BUS,BANUBAI TANDEL MARKET,19.014182,73.01657,0,NULL
DEONAR_BEST_STAFF_QUARTERS_BUS,DEONAR BEST STAFF QUARTERS,19.047196,72.91405399999999,0,NULL
CHEETA_CAMP_BUS,CHEETA CAMP,19.038266,72.94476899999999,0,NULL
NERUL_NAKA_BUS,NERUL NAKA,19.04598,73.024513,0,NULL
GAVDEVI_CHOWK_SARSOLE_BUS,GAVDEVI CHOWK (SARSOLE),19.04302,73.01467,0,NULL
NERUL_NAKA_BUS,NERUL NAKA,19.0471,73.024219,0,NULL
NERUL_RAILWAY_STATION_BUS,NERUL RAILWAY STATION,19.033967,73.016975,0,NULL
RKSTUDIO_BUS,R.K.STUDIO,19.04779,72.907005,0,NULL
SANPADA_STATION_BUS,SANPADA STATION,19.06689,73.00898599999999,0,NULL
"HINDUSTAN_NAKA,_CCHARANSINGH_CHOWK_BUS","HINDUSTAN NAKA, C.CHARANSINGH CHOWK",19.207971,72.829443,0,NULL
CHARKOP_SECTOR_8_BUS,CHARKOP SECTOR 8,19.214858,72.813174,0,NULL
PUSHPA_HERITAGE_KANDIVALI-W_BUS,PUSHPA HERITAGE (KANDIVALI-W),19.210675,72.838722,0,NULL
SAIBABA_MANDIR_KANDIVALI-W_BUS,SAIBABA MANDIR (KANDIVALI-W),19.21717,72.847362,0,NULL
HANUMAN_MANDIR_KANDIVALI-W_BUS,HANUMAN MANDIR (KANDIVALI-W),19.210578,72.824315,0,NULL
SHIMPAVALI_TELEPHONE_EXCHANGE_BUS,SHIMPAVALI TELEPHONE EXCHANGE,19.223228,72.840805,0,NULL
AMBASSADOR_HOTEL_SAHAR_BUS,AMBASSADOR HOTEL (SAHAR),19.103176,72.875227,0,NULL
BAMANDAYA_PADA_BUS,BAMANDAYA PADA,19.123047,72.88709799999999,0,NULL
C-CROSS_ROAD_SEEPZ__BUS,C-CROSS ROAD (SEEPZ ),19.122878,72.872061,0,NULL
CHANDIVALI_JUNCTION_BUS,CHANDIVALI JUNCTION,19.11114,72.88819599999999,0,NULL
"DARPAN_CINEMA,_SAI_SERVICE_BUS","DARPAN CINEMA, SAI SERVICE",19.114584,72.854664,0,NULL
EKTA_SOCIETY_BUS,EKTA SOCIETY,19.1065,72.87506399999999,0,NULL
"MUMBAI_CENTRAL_STATION,_RESERVE_BANK_BUS","MUMBAI CENTRAL STATION, RESERVE BANK",18.969952,72.821387,0,NULL
"NANA_CHOWK,_SHASTRI_HALL_BUS","NANA CHOWK, SHASTRI HALL",18.963586,72.813407,0,NULL
NOORBAUG_BUS,NOORBAUG,18.962419,72.836434,0,NULL
PLAY_HOUSE_BUS,PLAY HOUSE,18.962166,72.822619,0,NULL
PRIYADARSHINI_PARK_NAPEAN_SEA_ROAD_BUS,PRIYADARSHINI PARK (NAPEAN SEA ROAD),18.956265,72.799218,0,NULL
"RAILWAY_HOTEL,_CHARNI_ROAD_JUNCTION_BUS","RAILWAY HOTEL, CHARNI ROAD JUNCTION",18.961034,72.819913,0,NULL
TWO_TANKS_BUS,TWO TANKS,18.96245,72.82854399999999,0,NULL
VASANTRAO_NAIK_CHOWK_TARDEO_BUS,VASANTRAO NAIK CHOWK (TARDEO),18.968782,72.814988,0,NULL
PARSI_GENERAL_HOSPITAL_BUS,PARSI GENERAL HOSPITAL,18.968203,72.803432,0,NULL
MAHALAXMI_STATION_BUS,MAHALAXMI STATION,18.982231,72.82363700000001,0,NULL
ANDHERI_FIRE_BRIGADE_BUS,ANDHERI FIRE BRIGADE,19.112155,72.84147400000001,0,NULL
ARYA_SAMAJ_MANDIR_BUS,ARYA SAMAJ MANDIR,19.079031,72.834352,0,NULL
NAGRI_NIWARA_BUILDING_NO16-C_BUS,NAGRI NIWARA BUILDING NO.16-C,19.175152,72.87990600000001,0,NULL
DAIRY_RESEARCH_INSTITUTE_BUS,DAIRY RESEARCH INSTITUTE,19.152327,72.867234,0,NULL
GOREGAON_CHECK_NAKA_NO1_BUS,GOREGAON CHECK NAKA NO.1,19.166386,72.856323,0,NULL
HANUMAN_NAGAR_GOREGAON-E_BUS,HANUMAN NAGAR (GOREGAON-E),19.173045,72.874269,0,NULL
HICKSON_&_DADAJEE_BUS,HICKSON & DADAJEE,19.168002,72.854164,0,NULL
KANDIVALI_BUS_STATION_E_BUS,KANDIVALI BUS STATION (E),19.201807,72.853658,0,NULL
KURAR_VILLAGE_BUS,KURAR VILLAGE,19.184654,72.858518,0,NULL
MAHANANDA_DAIRY_BUS,MAHANANDA DAIRY,19.150478,72.856694,0,NULL
RADHA_MAHESHWARI_CHOWK_BUS,RADHA MAHESHWARI CHOWK,19.183701,72.85032200000001,0,NULL
NIMBORPADA_BUS,NIMBORPADA,19.164285,72.88220200000001,0,NULL
OBEROI_WOODS_GOREGAON-E_BUS,OBEROI WOODS (GOREGAON-E),19.169155,72.864564,0,NULL
PANDURANG_WADI_BUS,PANDURANG WADI,19.173836,72.850662,0,NULL
"VASHI_SECTOR_9,16,_JUHU_NAGAR_MARKET_BUS","VASHI SECTOR 9,16, JUHU NAGAR MARKET",19.07823,72.99807199999999,0,NULL
"SAURASHTRA_BANK,_STATE_BANK_VASHI_BUS","SAURASHTRA BANK, STATE BANK (VASHI)",19.079691,73.00761199999999,0,NULL
TELECOM_FACTORY_BUS,TELECOM FACTORY,19.044812,72.917665,0,NULL
"VADAVALI_VILLAGE,_BORLA_SOCIETY_BUS","VADAVALI VILLAGE, BORLA SOCIETY",19.046045,72.900812,0,NULL
DHOBI_GHAT_TROMBAY_BUS,DHOBI GHAT (TROMBAY),19.035457,72.946746,0,NULL
GHANSOLI_SECTOR_3_BUS,GHANSOLI SECTOR 3,19.114808,73.003365,0,NULL
AMRUT_NAGAR_VIKHROLI-W_BUS,AMRUT NAGAR (VIKHROLI-W),19.101247,72.91191999999999,0,NULL
BABU_GENU_MARKET_BUS,BABU GENU MARKET,19.095788,72.904167,0,NULL
MHADA_COLONY_HIRANANDANI-POWAI_BUS,MHADA COLONY (HIRANANDANI-POWAI),19.115229,72.90514899999999,0,NULL
EKTA_NAGAR_POLICE_CHOWKY-_BHANDUP-W_BUS,EKTA NAGAR POLICE CHOWKY- BHANDUP-W,19.14072,72.92668999999999,0,NULL
GURU_NANAK_SCHOOL_VIKHROLI-W_BUS,GURU NANAK SCHOOL (VIKHROLI-W),19.10413,72.917621,0,NULL
HINDUSTAN_COMPANY_VIKHROLI-W_BUS,HINDUSTAN COMPANY (VIKHROLI-W),19.121531,72.92558200000001,0,NULL
HANUMAN_ROAD_VILE_PARLE_-E_BUS,HANUMAN ROAD (VILE PARLE -E),19.105378,72.854061,0,NULL
JUMBO_DARSHAN_ANDHERI-E_BUS,JUMBO DARSHAN (ANDHERI-E),19.113869,72.85254500000001,0,NULL
VIJAY_NAGAR_SOCIETY_ANDHERI-E_BUS,VIJAY NAGAR SOCIETY (ANDHERI-E),19.114453,72.847346,0,NULL
WAREHOUSE_SAHAR_BUS,WAREHOUSE (SAHAR),19.102774,72.86693099999999,0,NULL
AGARKAR_CHOWK_ANDHERI-E_BUS,AGARKAR CHOWK (ANDHERI-E),19.118844,72.84798000000001,0,NULL
ANUSHAKTI_NAGAR_BUS_STATION_BUS,ANUSHAKTI NAGAR BUS STATION,19.042772,72.926453,0,NULL
"DHARAN_TALAO,_ASHTAGANDHA_SOCIETY_BUS","DHARAN TALAO, ASHTAGANDHA SOCIETY",19.010831,73.016417,0,NULL
DEONAR_VILLAGE_BUS,DEONAR VILLAGE,19.050251,72.919782,0,NULL
MAROL_MAROSHI_BUS_STATION_BUS,MAROL MAROSHI BUS STATION,19.118066,72.880171,0,NULL
"ESIS_HOSPITAL,_MIDC_POLICE_STATION_BUS","E.S.I.S HOSPITAL, MIDC POLICE STATION",19.117952,72.867901,0,NULL
SAINATH_NAGAR_MIDC_-MAROL_BUS,SAINATH NAGAR (MIDC -MAROL),19.120982,72.875541,0,NULL
SANGHARSH_NAGAR_CHANDIVALI_BUS,SANGHARSH NAGAR (CHANDIVALI),19.108064,72.90110300000001,0,NULL
JUHU_PRABHAT_ANDHERI-E_BUS,JUHU PRABHAT (ANDHERI-E),19.118235,72.828981,0,NULL
NANAVATI_HOSPITAL_BUS,NANAVATI HOSPITAL,19.09498,72.839595,0,NULL
RAHEJA_COLLEGE_SANTACRUZ-W_BUS,RAHEJA COLLEGE (SANTACRUZ-W),19.085417,72.832352,0,NULL
SANTACRUZ_DEPOT_BUS,SANTACRUZ DEPOT,19.089702,72.836264,0,NULL
SANTACRUZ_POLICE_STATION_BUS,SANTACRUZ POLICE STATION,19.08438,72.835688,0,NULL
SHOPPERS_STOP_ANDHERI-W_BUS,SHOPPERS STOP (ANDHERI-W),19.116338,72.842174,0,NULL
VILE_PARLE_W_BUS,VILE PARLE (W),19.102334,72.839466,0,NULL
JUHU_BUS_STATION_BUS,JUHU BUS STATION,19.107899,72.826718,0,NULL
"RAJMATA_AHILYABAI_HOLKAR_UDYAN,_KURLA_LION_S_PARK_BUS","RAJMATA AHILYABAI HOLKAR UDYAN, KURLA LION S PARK",19.061084,72.872702,0,NULL
METRO_PLAYING_CARDS_BUS,METRO PLAYING CARDS,19.073785,72.869028,0,NULL
METRO_PLAYING_CARDS_BUS,METRO PLAYING CARDS,19.073857,72.869731,0,NULL
MOHAMMAD_ESTATE_BUS,MOHAMMAD ESTATE,19.073813,72.870947,0,NULL
PATHANWADI_BUS,PATHANWADI,19.177048,72.858598,0,NULL
"SIR_ALIYAWAR_JUNG,_RANI_SATI_MARG_MALAD-E_BUS","SIR ALIYAWAR JUNG, RANI SATI MARG (MALAD-E)",19.181185,72.857883,0,NULL
SHREE_SAIBABA_COMPLEX_GOREGAON-E_BUS,SHREE SAIBABA COMPLEX (GOREGAON-E),19.168687,72.86735,0,NULL
SANGITA_TALKIES_BUS,SANGITA TALKIES,19.189926,72.851687,0,NULL
DINDOSHI_SESSION_COURT_BUS,DINDOSHI SESSION COURT,19.175706,72.867137,0,NULL
TIPCO_PLAZA_COMPANY_BUS,TIPCO PLAZA COMPANY,19.183514,72.855333,0,NULL
AAREY_UNIT_NO16_BUS,AAREY UNIT NO.16,19.146508,72.87486199999999,0,NULL
"OM_SHIVDARSHAN_SOCIETY,_HANUMAN_NAGAR_BUS","OM SHIVDARSHAN SOCIETY, HANUMAN NAGAR",19.171961,72.87450699999999,0,NULL
GENERAL_ARUN_KUMAR_VAIDYA_MARG_JUNCTION_GOREGAON-E_BUS,GENERAL ARUN KUMAR VAIDYA MARG JUNCTION (GOREGAON-E),19.174112,72.858372,0,NULL
SAMBHAJI_NAGAR_KANDIVALI-E_BUS,SAMBHAJI NAGAR (KANDIVALI-E),19.200917,72.86099,0,NULL
ACHARYA_VIDYANIKETAN_MAHUL_BUS,ACHARYA VIDYANIKETAN (MAHUL),19.027603,72.890702,0,NULL
BHAKTI_BHAVAN_CHEMBUR_BUS,BHAKTI BHAVAN (CHEMBUR),19.052663,72.89054899999999,0,NULL
JAGRUTI_NAGAR_GHATKOPAR-W_BUS,JAGRUTI NAGAR (GHATKOPAR-W),19.092047,72.90174500000001,0,NULL
JANATA_MARKET_BHANDUP-W_BUS,JANATA MARKET (BHANDUP-W),19.142735,72.93303899999999,0,NULL
KRUPA_BUILDING_BUS,KRUPA BUILDING,19.094587,72.90795,0,NULL
MUNICIPAL_GARDEN_VIKHROLI-W_BUS,MUNICIPAL GARDEN (VIKHROLI-W),19.110119,72.917715,0,NULL
MINILAND_SOCIETY_BHANDUP-W_BUS,MINILAND SOCIETY (BHANDUP-W),19.146864,72.933504,0,NULL
"TEMBIPADA_PIPE_LINE,_POLICE_STATION_BHANDUP_BUS","TEMBIPADA PIPE LINE, POLICE STATION (BHANDUP)",19.155075,72.929159,0,NULL
SAHYADRI_NAGAR_BHANDUP-W_BUS,SAHYADRI NAGAR (BHANDUP-W),19.143069,72.92822,0,NULL
"SHIV_DARSHAN,_TERESA_ROAD_BHANDUP-W_BUS","SHIV DARSHAN, TERESA ROAD (BHANDUP-W)",19.149329,72.92724,0,NULL
VIKHROLI_DEPOT_BUS,VIKHROLI DEPOT,19.100941,72.918924,0,NULL
MEENATAI_THACKERAY_MAIDAN_ANACIN_COMPANY_BUS,MEENATAI THACKERAY MAIDAN (ANACIN COMPANY),19.099477,72.91767,0,NULL
ANKUR_HOSPITAL_BUS,ANKUR HOSPITAL,19.13129,72.935636,0,NULL
VIKHROLI_STATION_ROAD_E_BUS,VIKHROLI STATION ROAD (E),19.109381,72.931667,0,NULL
KALAMBOLI_BUS,KALAMBOLI,19.02617,73.101913,0,NULL
MAHALAXMI_MANDIR_DEONAR_BUS,MAHALAXMI MANDIR (DEONAR),19.046863,72.91965,0,NULL
MANKHURD_STATION_SOUTH_BUS,MANKHURD STATION (SOUTH),19.042646,72.930871,0,NULL
RBI_COLONY_CHEMBUR-E_BUS,R.B.I COLONY (CHEMBUR-E),19.051105,72.90333699999999,0,NULL
SARSOLE_BUS_STATION_BUS,SARSOLE BUS STATION,19.039993,73.014697,0,NULL
SHANTARAM_PATIL_CHOWK_VASHI_BUS,SHANTARAM PATIL CHOWK (VASHI),19.072492,73.00260299999999,0,NULL
TALOJA_PHATA_BUS,TALOJA PHATA,19.03246,73.086187,0,NULL
URAN_PHATA_BUS,URAN PHATA,19.034107,73.029372,0,NULL
VASHI_BUS_STATION_BUS,VASHI BUS STATION,19.075529,72.997805,0,NULL
GHANSOLI_SECTOR_3_BUS,GHANSOLI SECTOR 3,19.114754,73.00330700000001,0,NULL
BHANDUP_POLICE_STATION_BUS,BHANDUP POLICE STATION,19.15084,72.93762,0,NULL
MHADA_COLONY_HIRANANDANI-POWAI_BUS,MHADA COLONY (HIRANANDANI-POWAI),19.115148,72.905235,0,NULL
NAVJEEVAN_SOCIETY_KURLA-W_BUS,NAVJEEVAN SOCIETY (KURLA-W),19.077548,72.88024799999999,0,NULL
NEW_AGRIPADA_SANTACRUZ-E_BUS,NEW AGRIPADA (SANTACRUZ-E),19.085381,72.845855,0,NULL
MILITARY_CAMP_KALINA_BUS,MILITARY CAMP (KALINA),19.081901,72.858238,0,NULL
VIDYA_VIHAR_STWORKSHOP_BUS,VIDYA VIHAR S.T.WORKSHOP,19.080859,72.890413,0,NULL
SHEETAL_CINEMA_KURLA-W_BUS,SHEETAL CINEMA (KURLA-W),19.081921,72.881794,0,NULL
VAKOLA_POLICE_STATION_HANUMAN_MANDIR_BUS,VAKOLA POLICE STATION (HANUMAN MANDIR),19.079175,72.847246,0,NULL
VIDYA_NAGARI_CANTEEN_BUS,VIDYA NAGARI (CANTEEN),19.07097,72.859414,0,NULL
BUDDHA_NAGAR_KURLA-W_BUS,BUDDHA NAGAR (KURLA-W),19.073492,72.881637,0,NULL
ACHARYA_ATRE_CHOWK_WORLI_NAKA_BUS,ACHARYA ATRE CHOWK (WORLI NAKA),18.997142,72.816644,0,NULL
ACHARYA_ATRE_CHOWK_WORLI_NAKA_BUS,ACHARYA ATRE CHOWK (WORLI NAKA),18.999672,72.817896,0,NULL
NATASHA_TOWER_BUS,NATASHA TOWER,19.126388,72.821551,0,NULL
BAIL_BAZAR_BUS,BAIL BAZAR,19.086122,72.88094700000001,0,NULL
"CHEMBUR_NAKA,_SWAMI_VIVEKANAND_CHOWK_BUS","CHEMBUR NAKA, SWAMI VIVEKANAND CHOWK",19.052782,72.89423499999999,0,NULL
EVERARD_NAGAR_BUS,EVERARD NAGAR,19.050479,72.874807,0,NULL
MARATHI_VIDNYAN_PARISHAD_CHUNABHATTI_BUS,MARATHI VIDNYAN PARISHAD (CHUNABHATTI),19.053309,72.878834,0,NULL
POSTAL_COLONY_CHEMBUR_BUS,POSTAL COLONY (CHEMBUR),19.061445,72.89338600000001,0,NULL
RCF_CHEMBUR_BUS,R.C.F. (CHEMBUR),19.033872,72.88959699999999,0,NULL
SGBARVE_MARG_NAKA_KURLA-E_BUS,S.G.BARVE MARG NAKA (KURLA-E),19.057035,72.888115,0,NULL
TATA_POWER_CENTRE_MAHUL_BUS,TATA POWER CENTRE (MAHUL),19.004281,72.905148,0,NULL
UMARSHI_BAPPA_CHOWK_BUS,UMARSHI BAPPA CHOWK,19.054831,72.888733,0,NULL
VINAY_HIGH_SCHOOL_BUS,VINAY HIGH SCHOOL,19.030786,72.90030400000001,0,NULL
SCLR_DOUBLE_DECK_FLY_OVER_JUNCTION_KURLA-E_BUS,SCLR DOUBLE DECK FLY OVER JUNCTION (KURLA-E),19.063538,72.885271,0,NULL
NEHRU_NAGAR_KURLA-E_BUS,NEHRU NAGAR (KURLA-E),19.062571,72.883048,0,NULL
VIVEKANAND_SCHOOL_CHEMBUR_BUS,VIVEKANAND SCHOOL (CHEMBUR),19.049085,72.887748,0,NULL
DERASAR_LANE_BUS,DERASAR LANE,19.081822,72.90764,0,NULL
MANSUKH_DYEING_COMPANY_BUS,MANSUKH DYEING COMPANY,19.129483,72.93363100000001,0,NULL
PANT_NAGAR_BUS,PANT NAGAR,19.083549,72.913864,0,NULL
RAMABAI_NAGAR_GHATKOPAR-E_BUS,RAMABAI NAGAR (GHATKOPAR-E),19.077677,72.915547,0,NULL
SOMMAIYA_COLLEGE_VIDYAVIHAR-E_BUS,SOMMAIYA COLLEGE (VIDYAVIHAR-E),19.074666,72.903167,0,NULL
AHILYABAI_HOLKAR_CHOWK_CHURCHGATE_BUS,AHILYABAI HOLKAR CHOWK (CHURCHGATE),18.934019,72.82792999999999,0,NULL
BABULNATH_JUNCTION_BUS,BABULNATH JUNCTION,18.96098,72.808747,0,NULL
BAJAJ_BHAVAN_BUS,BAJAJ BHAVAN,18.926498,72.822249,0,NULL
PRINCESS_STREET_KALBADEVI_BUS,PRINCESS STREET (KALBADEVI),18.946404,72.827246,0,NULL
THAKURDWAR_GIRGAON_BUS,THAKURDWAR (GIRGAON),18.952129,72.823216,0,NULL
VIDHAN_BHAVAN_BUS,VIDHAN BHAVAN,18.925326,72.82463300000001,0,NULL
SHRIMATI_MOTIBEN_DALVI_HOSPITAL_BUS,SHRIMATI MOTIBEN DALVI HOSPITAL,18.958425,72.810582,0,NULL
"DRAMBEDKAR_UDYAN,_POWAI_BUS","DR.AMBEDKAR UDYAN, POWAI",19.125651,72.89487099999999,0,NULL
KINGSTON_SEZ_POWAI_BUS,KINGSTON SEZ (POWAI),19.114232,72.91300699999999,0,NULL
GHATKOPAR_PIPE_LINE_BUS,GHATKOPAR PIPE LINE,19.087557,72.903334,0,NULL
IITMARKET_POWAI_BUS,I.I.T.MARKET (POWAI),19.12742,72.91901300000001,0,NULL
JAMBHULPADA_BUS,JAMBHULPADA,19.093889,72.899692,0,NULL
MAHARASHTRA_NAGAR_BHANDUP-W_BUS,MAHARASHTRA NAGAR (BHANDUP-W),19.139871,72.928382,0,NULL
SARVODAYA_HOSPITAL_GHATKOPAR-W_BUS,SARVODAYA HOSPITAL (GHATKOPAR-W),19.092347,72.90853,0,NULL
VIKHROLI_DEPOT_BUS,VIKHROLI DEPOT,19.100697,72.918734,0,NULL
PRATAP_NAGAR_BHANDUP-W_BUS,PRATAP NAGAR (BHANDUP-W),19.139129,72.923677,0,NULL
ADARSH_VIDYALAYA_KANJURMARG-E_BUS,ADARSH VIDYALAYA (KANJURMARG-E),19.136773,72.934485,0,NULL
GHATKOPAR_STATION_E_BUS,GHATKOPAR STATION (E),19.085074,72.907915,0,NULL
JANATA_MARKET_VIKHROLI-E_BUS,JANATA MARKET (VIKHROLI-E),19.121298,72.940038,0,NULL
STJOSEPH_TECHNICAL_SCHOOL_BUS,ST.JOSEPH TECHNICAL SCHOOL,19.080885,72.888532,0,NULL
GOL_BUILDING_KURLA-W_BUS,GOL BUILDING (KURLA-W),19.067265,72.874875,0,NULL
HOLY_CROSS_SCHOOL_KURLA-W_BUS,HOLY CROSS SCHOOL (KURLA-W),19.08232,72.88589899999999,0,NULL
CITYLIGHT_CINEMA_BUS,CITYLIGHT CINEMA,19.029764,72.84164699999999,0,NULL
COMRADE_PKKURNE_CHOWK_WORLI__BUS,COMRADE P.K.KURNE CHOWK (WORLI ),19.006297,72.821252,0,NULL
DEEPAK_CINEMA_BUS,DEEPAK CINEMA,19.00587,72.830732,0,NULL
DHANMILL_NAKA_BUS,DHANMILL NAKA,19.008219,72.830787,0,NULL
NATIONAL_HINDUJA_HOSPITAL_BUS,NATIONAL (HINDUJA) HOSPITAL,19.032075,72.83959299999999,0,NULL
KVYADAV_CHOWK_BUS,K.V.YADAV CHOWK,18.997511,72.826939,0,NULL
LOWER_PAREL_WORKSHOP_BUS,LOWER PAREL WORKSHOP,19.00232,72.831,0,NULL
COMRADE_PKKURNE_CHOWK_WORLI__BUS,COMRADE P.K.KURNE CHOWK (WORLI ),19.004643,72.82078799999999,0,NULL
PHOENIX_MILL_BUS,PHOENIX MILL,18.995649,72.82619,0,NULL
ADARSH_HIGH_SCHOOL_ANIK_BUS,ADARSH HIGH SCHOOL (ANIK),19.021778,72.875981,0,NULL
ANDHERI_STATION_W_BUS,ANDHERI STATION (W),19.12046,72.845707,0,NULL
ANDHERI_MARKET_BUS,ANDHERI MARKET,19.123359,72.843519,0,NULL
SHAHAJIRAJE_SPORTS_COMPLEX_ANDHERI-W_BUS,SHAHAJIRAJE SPORTS COMPLEX (ANDHERI-W),19.127736,72.837537,0,NULL
MHADA_COLONY_FOUR_BUNGALOWS_BUS,MHADA COLONY (FOUR BUNGALOWS),19.138006,72.822473,0,NULL
DHAKE_COLONY_BUS,DHAKE COLONY,19.127679,72.833241,0,NULL
FOUR_BUNGALOWS_MARKET_BUS,FOUR BUNGALOWS MARKET,19.127926,72.82540899999999,0,NULL
JEEVAN_NAGAR_BUS,JEEVAN NAGAR,19.131535,72.831508,0,NULL
AAI_TULJABHAVANI_CHOWK_BUS,AAI TULJABHAVANI CHOWK,19.141833,72.82952299999999,0,NULL
KAMLAKAR_WALAWALKAR_UDYAN_BUS,KAMLAKAR WALAWALKAR UDYAN,19.152619,72.828384,0,NULL
NANA-NANI_PARK_VERSOVA_BUS,NANA-NANI PARK (VERSOVA),19.127407,72.818861,0,NULL
NAVRANG_TALKIES_ANDHERI-W_BUS,NAVRANG TALKIES (ANDHERI-W),19.124342,72.841313,0,NULL
AHILYABAI_HOLKAR_CHOWK_CHURCHGATE_BUS,AHILYABAI HOLKAR CHOWK (CHURCHGATE),18.935798,72.827482,0,NULL
"BHAGATSINGH_NAGAR,_SEJAL_PARK_BUS","BHAGATSINGH NAGAR, SEJAL PARK",19.155145,72.83689,0,NULL
GOREGAON_POLICE_STATION_BUS,GOREGAON POLICE STATION,19.158503,72.846014,0,NULL
JOGESHWARI_TELEPHONE_EXCHANGE_BUS,JOGESHWARI TELEPHONE EXCHANGE,19.141463,72.843259,0,NULL
SINDHI_COLONY_JOGESHWARI-W_BUS,SINDHI COLONY (JOGESHWARI-W),19.144001,72.84219299999999,0,NULL
FREE_PRESS_JOURNAL_MARG_BUS,FREE PRESS JOURNAL MARG,18.924531,72.82490900000001,0,NULL
MANGALDAS_MARKET_BUS,MANGALDAS MARKET,18.948205,72.831498,0,NULL
PRESIDENT_HOTEL_BUS,PRESIDENT HOTEL,18.9146,72.82187,0,NULL
INCOME_TAX_OFFICE_MARINE_LINES_BUS,INCOME TAX OFFICE (MARINE LINES),18.940044,72.826814,0,NULL
KCCOLLEGE_BUS,K.C.COLLEGE,18.92765,72.82810600000001,0,NULL
MAKER_TOWER_BUS,MAKER TOWER,18.916232,72.817616,0,NULL
VASUDEO_BALWANT_PHADKE_CHOWK_DHOBI_TALAO_BUS,VASUDEO BALWANT PHADKE CHOWK (DHOBI TALAO),18.943632,72.82878599999999,0,NULL
RALIWAY_POLICE_GROUND_BUS,RALIWAY POLICE GROUND,19.077451,72.913723,0,NULL
SHIVAI_VIDYALAYA_BHANDUP-E_BUS,SHIVAI VIDYALAYA (BHANDUP-E),19.152765,72.94647000000001,0,NULL
MUNICIPAL_SCHOOL_KURLA-E_BUS,MUNICIPAL SCHOOL (KURLA-E),19.067514,72.89340199999999,0,NULL
SAHAKAR_NAGAR_SCLR-_KURLA-E_BUS,SAHAKAR NAGAR (SCLR- KURLA-E),19.065041,72.894296,0,NULL
BABULNATH_JUNCTION_BUS,BABULNATH JUNCTION,18.959364,72.809679,0,NULL
CRICKET_CLUB_OF_INDIA_BUS,CRICKET CLUB OF INDIA,18.930274,72.82218,0,NULL
AHILYABAI_HOLKAR_CHOWK_CHURCHGATE_BUS,AHILYABAI HOLKAR CHOWK (CHURCHGATE),18.932465,72.827808,0,NULL
WALKESHWAR_BUS,WALKESHWAR,18.946587,72.79615099999999,0,NULL
MEHRABAD_BAUG_BUS,MEHRABAD BAUG,19.1438,72.83900800000001,0,NULL
BANGUR_NAGAR_BUS,BANGUR NAGAR,19.168794,72.835206,0,NULL
MAHATMA_GANDHI_VIDYALAYA_JOGESHWARI-W_BUS,MAHATMA GANDHI VIDYALAYA (JOGESHWARI-W),19.143355,72.83668,0,NULL
MADINA_MANZIL_MALAD-W_BUS,MADINA MANZIL (MALAD-W),19.172035,72.845225,0,NULL
POLICE_COLONY_WORLI_BUS,POLICE COLONY (WORLI),19.004387,72.8168,0,NULL
PRABODHANKAR_THACKERAY_CHOWK_DADAR-W_BUS,PRABODHANKAR THACKERAY CHOWK (DADAR-W),19.019832,72.836534,0,NULL
RANADE_ROAD_DADAR-W_BUS,RANADE ROAD (DADAR-W),19.021612,72.837549,0,NULL
RAGHUVANSHI_MILL_BUS,RAGHUVANSHI MILL,18.99169,72.82395200000001,0,NULL
"PRABHADEVI,_RAVINDRA_NATYA_MANDIR_BUS","PRABHADEVI, RAVINDRA NATYA MANDIR",19.014786,72.830231,0,NULL
"PAREL_STDEPOT,_SANT_ROHIDAS_CHOWK_BUS","PAREL S.T.DEPOT, SANT ROHIDAS CHOWK",19.00898,72.833721,0,NULL
"PAREL_STDEPOT,_SANT_ROHIDAS_CHOWK_BUS","PAREL S.T.DEPOT, SANT ROHIDAS CHOWK",19.00879,72.833113,0,NULL
SHARDASHRAM_VIDYAMANDIR_BUS,SHARDASHRAM VIDYAMANDIR,19.015279,72.836984,0,NULL
VEER_HUTATMA_BHAI_KOTWAL_UDYAN_PLAZA_BUS,VEER HUTATMA BHAI KOTWAL UDYAN (PLAZA),19.023359,72.84179399999999,0,NULL
WORLI_SEA_FACE_S_BUS,WORLI SEA FACE (S),19.003734,72.812944,0,NULL
"CHAITYABHUMI,_BHAGOJI_KEER_CREMETORI_BUS","CHAITYABHUMI, BHAGOJI KEER CREMETORI",19.025107,72.835571,0,NULL
KANDIVALI_STATION_W_BUS,KANDIVALI STATION (W),19.205167,72.85127799999999,0,NULL
NANAVATI_HOSPITAL_BUS,NANAVATI HOSPITAL,19.096317,72.839518,0,NULL
SANTACRUZ_STATION_W_ROAD_BUS,SANTACRUZ STATION (W) ROAD,19.081843,72.83798899999999,0,NULL
SHOPPERS_STOP_ANDHERI-W_BUS,SHOPPERS STOP (ANDHERI-W),19.115345,72.843135,0,NULL
UTPAL_SANGHAVI_SCHOOL_BUS,UTPAL SANGHAVI SCHOOL,19.11267,72.82820599999999,0,NULL
JUHU_BUS_STATION_BUS,JUHU BUS STATION,19.107815,72.826527,0,NULL
MITHIBAI_COLLEGE_BUS,MITHIBAI COLLEGE,19.103353,72.836833,0,NULL
JUHU_SHOPPING_CENTRE_JVPD_BUS,JUHU SHOPPING CENTRE (JVPD),19.115891,72.835227,0,NULL
VESAVA_LINK_ROAD_BUS,VESAVA LINK ROAD,19.123237,72.824253,0,NULL
D_SOUZA_NAGAR_BUS,D SOUZA NAGAR,19.0958,72.88768899999999,0,NULL
KALINA_BUS,KALINA,19.077313,72.862128,0,NULL
KURLA_STATION_W_BUS,KURLA STATION (W),19.067565,72.87902699999999,0,NULL
KURLA_DEPOT_BUS,KURLA DEPOT,19.074863,72.876581,0,NULL
600_TENAMENT_GATE_BUS,600 TENAMENT GATE,19.054371,72.921035,0,NULL
SHATABDI_HOSPITAL_DEONAR_BUS,SHATABDI HOSPITAL (DEONAR),19.049508,72.91014,0,NULL
GOVANDI_STATION_ROAD_W_BUS,GOVANDI STATION ROAD (W),19.055995,72.915154,0,NULL
M-EAST_WARD_OFFICE_GOVANDI-WEST_BUS,M-EAST WARD OFFICE (GOVANDI-WEST),19.056187,72.92134900000001,0,NULL
GHATLA_VILLAGE_BUS,GHATLA VILLAGE,19.053951,72.905312,0,NULL
"ACHARYA_GARDEN,_DIAMOND_GARDEN_BUS","ACHARYA GARDEN, DIAMOND GARDEN",19.053805,72.900837,0,NULL
RBISTAFF_QUARTERS_BUS,R.B.I.STAFF QUARTERS,19.053038,72.90357400000001,0,NULL
SHIVAJI_NAGAR_DEPOT_BUS,SHIVAJI NAGAR DEPOT,19.066342,72.928482,0,NULL
"AIROLI_SEWERAGE_PLANT,_PREMDAN_BUS","AIROLI SEWERAGE PLANT, PREMDAN",19.154849,72.993184,0,NULL
AIROLI_SECTOR_16_BUS,AIROLI SECTOR 16,19.149917,72.992755,0,NULL
AIROLI_SECTOR_16_BUS,AIROLI SECTOR 16,19.150793,72.99291700000001,0,NULL
AIROLI_SECTOR_17_BUS,AIROLI SECTOR 17,19.152004,72.992822,0,NULL
AIROLI_SECTOR_5_BUS,AIROLI SECTOR 5,19.148136,72.998734,0,NULL
POST_&_TELEGRAPHS_MULUND-W_BUS,POST & TELEGRAPHS (MULUND-W),19.171284,72.943417,0,NULL
PARSIK_NAGAR_BUS,PARSIK NAGAR,19.205744,73.008342,0,NULL
PAWAR_NAGAR_THANE_BUS,PAWAR NAGAR (THANE),19.2284667,72.96778329999999,0,NULL
"SHIVAJI_CHOWK,_KALWA_NAKA_BUS","SHIVAJI CHOWK, KALWA NAKA",19.196136,72.987763,0,NULL
STMARY_SCHOOL_MULUND-W_BUS,ST.MARY SCHOOL (MULUND-W),19.165033,72.947087,0,NULL
VRINDAVAN_SOCIETY_THANE_BUS,VRINDAVAN SOCIETY (THANE),19.208188,72.982658,0,NULL
WAGLE_WARD_COMMITTEE_OFFICE_BUS,WAGLE WARD COMMITTEE OFFICE,19.187727,72.955338,0,NULL
ESISHOSPITAL_THANE_BUS,E.S.I.S.HOSPITAL (THANE),19.2036,72.954026,0,NULL
MHADA_COLONY_BUS_STATION_MULUND-E_BUS,MHADA COLONY BUS STATION (MULUND-E),19.169433,72.96805000000001,0,NULL
SIWSCHOOL_WADALA__BUS,S.I.W.SCHOOL (WADALA ),19.020921,72.86008099999999,0,NULL
LOKMANYA_TILAK_HOSPITAL_SION_BUS,LOKMANYA TILAK HOSPITAL (SION),19.037653,72.86080200000001,0,NULL
"DRAMBEDKAR_UDYAN,_CHEMBUR_BUS","DR.AMBEDKAR UDYAN, CHEMBUR",19.058268,72.900418,0,NULL
KHERWADI_BANDRA-E_BUS,KHERWADI (BANDRA-E),19.062,72.846222,0,NULL
CRESCENZO_BUS,CRESCENZO,19.061715,72.867913,0,NULL
BANDRA_W_BUS_STATION_BUS,BANDRA (W) BUS STATION,19.054145,72.83915,0,NULL
BANDRA_W_BUS_STATION_BUS,BANDRA (W) BUS STATION,19.054787,72.839862,0,NULL
KHAR_DANDA_BUS,KHAR DANDA,19.074488,72.822687,0,NULL
MAHIM_KOLIWADA_BUS,MAHIM KOLIWADA,19.045888,72.838548,0,NULL
SHERLEY_VILLAGE_BUS,SHERLEY VILLAGE,19.070215,72.82271900000001,0,NULL
KFC_MARKET_BANDRA-W_BUS,K.F.C. MARKET (BANDRA-W),19.065688,72.834267,0,NULL
GENERAL_ARUN_KUMAR_VAIDYA_MARG_JUNCTION_GOREGAON-E_BUS,GENERAL ARUN KUMAR VAIDYA MARG JUNCTION (GOREGAON-E),19.174556,72.861243,0,NULL
ALIKA_NAGAR_JUNCTION_BUS,ALIKA NAGAR JUNCTION,19.197734,72.872602,0,NULL
GOREGAON_CHECK_NAKA_NO1_BUS,GOREGAON CHECK NAKA NO.1,19.165737,72.85832000000001,0,NULL
LASHYACHANDI_SOCIETY_BUS,LASHYACHANDI SOCIETY,19.172113,72.871199,0,NULL
MILAN_SUBWAY_BUS,MILAN SUBWAY,19.090059,72.843666,0,NULL
VILE_PARLE_SUBWAY_BUS,VILE PARLE SUBWAY,19.091939,72.845879,0,NULL
SHEETAL_CINEMA_KURLA-W_BUS,SHEETAL CINEMA (KURLA-W),19.08193,72.881804,0,NULL
VAKOLA_PIPE_LINE_BUS,VAKOLA PIPE LINE,19.080569,72.85212,0,NULL
VIDYA_NAGARI_KALINA_BUS,VIDYA NAGARI (KALINA),19.072516,72.861266,0,NULL
ACHARYA_VINOBA_BHAVE_NAGAR_KURLA-W_BUS,ACHARYA VINOBA BHAVE NAGAR (KURLA-W),19.073691,72.88153200000001,0,NULL
ACHARYA_ATRE_CHOWK_WORLI_NAKA_BUS,ACHARYA ATRE CHOWK (WORLI NAKA),18.997331,72.816654,0,NULL
CENTURY_MILL_BUS,CENTURY MILL,19.006346,72.82631499999999,0,NULL
COMRADE_PKKURNE_CHOWK_WORLI__BUS,COMRADE P.K.KURNE CHOWK (WORLI ),19.00627,72.821974,0,NULL
GANDHI_MAIDAN_WORLI_BUS,GANDHI MAIDAN (WORLI),19.00166,72.819053,0,NULL
"JAKHADEVI,_DADAR_POLICE_STATION_BUS","JAKHADEVI, DADAR POLICE STATION",19.015015,72.83429599999999,0,NULL
KASTURBA_GANDHI_HOSPITAL_SAATRASTA_BUS,KASTURBA GANDHI HOSPITAL (SAATRASTA),18.983807,72.82930500000001,0,NULL
AMRUT_ANGAN_BUS,AMRUT ANGAN,19.20894,73.012851,0,NULL
"ANAND_NAGAR,_KOPRI_BUS","ANAND NAGAR, KOPRI",19.179009,72.967119,0,NULL
ANAND_NAGAR_KOPRI_POLICE_CHOWKY_BUS,ANAND NAGAR (KOPRI) POLICE CHOWKY,19.17357,72.968278,0,NULL
ANNABHAU_SATHE_CHOWK_THANE_BUS,ANNABHAU SATHE CHOWK (THANE),19.200736,72.949157,0,NULL
ATRIA_SOCIETY_BUS,ATRIA SOCIETY,19.245497,72.982294,0,NULL
BALKUM_NAKA_BUS,BALKUM NAKA,19.221485,72.989555,0,NULL
BHANDUP_PUMPING_CENTRE_BUS,BHANDUP PUMPING CENTRE,19.154997,72.95582400000001,0,NULL
DRKBHEDGEWAR_CHOWK_BUS,DR.K.B.HEDGEWAR CHOWK,19.163903,72.937181,0,NULL
BHANDUP_VILLAGE_E_JUNCTION_BUS,BHANDUP VILLAGE (E) JUNCTION,19.156216,72.95053799999999,0,NULL
BHANDUP_VILLAGE_E_JUNCTION_BUS,BHANDUP VILLAGE (E) JUNCTION,19.156144,72.95053799999999,0,NULL
BRAHMAND_AZAD_NAGAR_BUS,BRAHMAND AZAD NAGAR,19.239463,72.980637,0,NULL
BRAHMAND_AZAD_NAGAR_BUS,BRAHMAND AZAD NAGAR,19.239554,72.980665,0,NULL
BRAHMAND_PHASE-3_BUS,BRAHMAND PHASE-3,19.241153,72.981521,0,NULL
SHIVAJI_NAGAR_DEPOT_BUS,SHIVAJI NAGAR DEPOT,19.066261,72.92795,0,NULL
MALAD_DEPOT_BUS,MALAD DEPOT,19.184098,72.83511900000001,0,NULL
MALAD_STATION_W_BUS,MALAD STATION (W),19.187963,72.847286,0,NULL
MALAD_DEPOT_BUS,MALAD DEPOT,19.182807,72.835909,0,NULL
MOVIE_TIME_CINEMA_MALAD-W_BUS,MOVIE TIME CINEMA (MALAD-W),19.188985,72.83503,0,NULL
MARIAMMAN_MANDIR_BUS,MARIAMMAN MANDIR,19.189104,72.83714999999999,0,NULL
RANI_SATI_NAGAR_MALAD-W_BUS,RANI SATI NAGAR (MALAD-W),19.180718,72.84685399999999,0,NULL
AJARA_BANK_BUS,AJARA BANK,19.23114,72.825069,0,NULL
BABHAI_NAKA_BUS,BABHAI NAKA,19.228545,72.84848599999999,0,NULL
BORIVALI_W_BUS_STATION_BUS,BORIVALI (W) BUS STATION,19.231675,72.856882,0,NULL
BORIVALI_W_STATION_BUS,BORIVALI (W) STATION,19.229624,72.856436,0,NULL
BORIVALI_W_STATION_BUS,BORIVALI (W) STATION,19.229904,72.856388,0,NULL
NAGRI_NIWARA_VIDYALAYA_BUS,NAGRI NIWARA VIDYALAYA,19.174989,72.87813800000001,0,NULL
SAMBHAJI_NAGAR_KANDIVALI-E_BUS,SAMBHAJI NAGAR (KANDIVALI-E),19.200955,72.863595,0,NULL
SHANTARAM_TALAO_MALAD-E_BUS,SHANTARAM TALAO (MALAD-E),19.185913,72.859623,0,NULL
"SHIVSHAHI_PRAKALP,_MANTRI_PARK_BUS","SHIVSHAHI PRAKALP, MANTRI PARK",19.167709,72.88145900000001,0,NULL
UDYOG_BHAVAN_BUS,UDYOG BHAVAN,19.162616,72.85118199999999,0,NULL
"AAREY_UNIT_NO6,_MARKET_BUS","AAREY UNIT NO.6, MARKET",19.157649,72.87406900000001,0,NULL
KURLA_STDEPOT_BUS,KURLA S.T.DEPOT,19.056681,72.884077,0,NULL
BHAKTI_PARK_GATE_ANIK_BUS,BHAKTI PARK GATE (ANIK),19.033886,72.87943300000001,0,NULL
HP_NAGAR_MAHUL_BUS,H.P. NAGAR (MAHUL),19.027667,72.89289599999999,0,NULL
PRIYADARSHINI_CHUNABHATTI_BUS,PRIYADARSHINI (CHUNABHATTI),19.052569,72.88005099999999,0,NULL
THAKKAR_BAPPA_COLONY_KURLA-E_BUS,THAKKAR BAPPA COLONY (KURLA-E),19.05782,72.886689,0,NULL
WADALA_ROAD_MAHUL_BUS,WADALA ROAD (MAHUL),19.021269,72.89011499999999,0,NULL
MATUNGA_STATION_W_BUS,MATUNGA STATION (W),19.031294,72.847497,0,NULL
NATIONAL_ASSOCIATION_FOR_BLIND_NAB_BUS,NATIONAL ASSOCIATION FOR BLIND (NAB),19.011162,72.816186,0,NULL
GOPIKRISHNA_PIRAMAL_HOSPITAL_BUS,GOPIKRISHNA PIRAMAL HOSPITAL,18.998332,72.825267,0,NULL
PRABODHANKAR_THACKERAY_CHOWK_DADAR-W_BUS,PRABODHANKAR THACKERAY CHOWK (DADAR-W),19.018033,72.83569900000001,0,NULL
"AMBIKA_MILL_BUS_STATION,_HURAKHANGI_CHOWK_BUS","AMBIKA MILL BUS STATION, H.U.RAKHANGI CHOWK",18.989666,72.823204,0,NULL
RUPAREL_COLLEGE_DADAR-W_BUS,RUPAREL COLLEGE (DADAR-W),19.027038,72.84612300000001,0,NULL
"PAREL_STDEPOT,_SANT_ROHIDAS_CHOWK_BUS","PAREL S.T.DEPOT, SANT ROHIDAS CHOWK",19.010388,72.83136500000001,0,NULL
"SASMIRA_MARG,_MUNICIPAL_COLONY_BUS","SASMIRA MARG, MUNICIPAL COLONY",19.011834,72.820232,0,NULL
WORLI_SEA_FACE_N_BUS,WORLI SEA FACE (N),19.016205,72.818376,0,NULL
"HANUMAN_MANDIR_DADAR-W,_D_SILVA_SCHOOL_BUS","HANUMAN MANDIR (DADAR-W), D SILVA SCHOOL",19.020088,72.840932,0,NULL
BEST_RECEIVING_CENTRE_WORLI_BUS,BEST RECEIVING CENTRE (WORLI),18.998447,72.822598,0,NULL
CHIKOOWADI_BUS,CHIKOOWADI,19.219514,72.839467,0,NULL
CADBURY_JUNCTION_THANE_BUS,CADBURY JUNCTION (THANE),19.203934,72.968546,0,NULL
DADLANI_PARK_THANE-W_BUS,DADLANI PARK (THANE-W),19.222396,72.995822,0,NULL
DHANVANTARI_HOSPITAL_BUS,DHANVANTARI HOSPITAL,19.176163,72.953418,0,NULL
AIROLI_SECTOR_9_BUS,AIROLI SECTOR 9,19.148236,72.993487,0,NULL
"DIVA_VILLAGE,_SECTOR_8_BUS","DIVA VILLAGE, SECTOR 8",19.148263,72.994704,0,NULL
DNYAN_SARITA_THANE_BUS,DNYAN SARITA (THANE),19.202669,72.949442,0,NULL
DNYAN_SARITA_THANE_BUS,DNYAN SARITA (THANE),19.202678,72.949499,0,NULL
DONGARI_PADA_BUS,DONGARI PADA,19.250856,72.97322800000001,0,NULL
DUNCAN_COMPANY_BUS,DUNCAN COMPANY,19.168149,72.93928099999999,0,NULL
DUNCAN_COMPANY_BUS,DUNCAN COMPANY,19.168185,72.939148,0,NULL
EDENWOOD_BUS,EDENWOOD,19.2278333,72.9699,0,NULL
FOREST_OFFICE_THANE_BUS,FOREST OFFICE (THANE),19.189073,72.964609,0,NULL
GARIB_NAGAR_BUS,GARIB NAGAR,19.27196,72.963555,0,NULL
GOMANT_NAGAR_DAHISAR-W_BUS,GOMANT NAGAR (DAHISAR-W),19.243493,72.858796,0,NULL
ICCOLONY_BORIVALI_-W_BUS,I.C.COLONY (BORIVALI -W),19.247461,72.84696099999999,0,NULL
KALPANA_CHAWLA_CHOWK_BORIVALI_-W_BUS,KALPANA CHAWLA CHOWK (BORIVALI -W),19.240983,72.846233,0,NULL
PRASANNA_JEEVAN_SOCIETY_BUS,PRASANNA JEEVAN SOCIETY,19.230107,72.847724,0,NULL
RAMESHWAR_BANK_BORIVALI_-W_BUS,RAMESHWAR BANK (BORIVALI -W),19.224682,72.84077499999999,0,NULL
DR_SHYAMAPRASAD_MUKHERJEE_CHOWKMUSEUM_BUS,DR. SHYAMAPRASAD MUKHERJEE CHOWK(MUSEUM),19.230796,72.850748,0,NULL
SHANTI_ASHRAM_BORIVALI-W_BUS,SHANTI ASHRAM (BORIVALI-W),19.242952,72.84596500000001,0,NULL
TECHNICAL_SCHOOL_BORIVALI_-W_BUS,TECHNICAL SCHOOL (BORIVALI -W),19.242912,72.853898,0,NULL
KARUNA_HOSPITAL_BUS,KARUNA HOSPITAL,19.241566,72.85342300000001,0,NULL
GOVIND_NAGAR_BUS,GOVIND NAGAR,19.234139,72.851421,0,NULL
NILDHARA_BUILDING_BUS,NILDHARA BUILDING,19.237445,72.85141900000001,0,NULL
ANTOP_HILL_POLICE_STATION_BUS,ANTOP HILL POLICE STATION,19.031068,72.863257,0,NULL
ADARSH_HIGH_SCHOOL_ANIK_BUS,ADARSH HIGH SCHOOL (ANIK),19.022103,72.8758,0,NULL
ADARSH_NAGAR_JOGESHWARI-W_BUS,ADARSH NAGAR (JOGESHWARI-W),19.145041,72.831289,0,NULL
ANDHERI_STATION_W_BUS,ANDHERI STATION (W),19.118346,72.846155,0,NULL
FILMALAYA_AMBOLI_BUS,FILMALAYA (AMBOLI),19.127966,72.843687,0,NULL
DADAR_STATION_W_BUS,DADAR STATION (W),19.016663,72.84057300000001,0,NULL
JAY_GANGA_BUS,JAY GANGA,19.212084,72.820852,0,NULL
AGARKAR_CHOWK_ANDHERI-E_BUS,AGARKAR CHOWK (ANDHERI-E),19.117625,72.84795200000001,0,NULL
YBCHAVAN_MARG_JUNCTION_VASHI_BUS,Y.B.CHAVAN MARG JUNCTION (VASHI),19.067796,72.997281,0,NULL
SAHYADRI_GUEST_HOUSE_MALABAR_HILL_BUS,SAHYADRI GUEST HOUSE (MALABAR HILL),18.953098,72.802886,0,NULL
PARIJAT_BUS,PARIJAT,19.050932,72.830203,0,NULL
MHADA_COLONY_KANDIVALI-E_BUS,MHADA COLONY (KANDIVALI-E),19.195701,72.87231800000001,0,NULL
"VIRWANI_ESTATE,_SARVODAYA_NAGAR_BUS","VIRWANI ESTATE, SARVODAYA NAGAR",19.17058,72.85909700000001,0,NULL
DENA_BANK_KANDIVALI-W_BUS,DENA BANK (KANDIVALI-W),19.204253,72.848749,0,NULL
GANESH_MANDIR_KANDIVALI-W_BUS,GANESH MANDIR (KANDIVALI-W),19.215482,72.822266,0,NULL
INDIAN_EDUCATION_SCHOOL_KANDIVALI-W_BUS,INDIAN EDUCATION SCHOOL (KANDIVALI-W),19.213098,72.824085,0,NULL
KAMRAJ_NAGAR_KANDIVALI-W_BUS,KAMRAJ NAGAR (KANDIVALI-W),19.208661,72.83511900000001,0,NULL
POISAR_DEPOT_BUS,POISAR DEPOT,19.21467,72.85096799999999,0,NULL
RENUKA_NAGAR_BUS,RENUKA NAGAR,19.211426,72.835764,0,NULL
SAI_SIDDHI_SOCIETY_KANDIVALI-W_BUS,SAI SIDDHI SOCIETY (KANDIVALI-W),19.215044,72.81610999999999,0,NULL
AGARKAR_CHOWK_ANDHERI-E_BUS,AGARKAR CHOWK (ANDHERI-E),19.119152,72.848512,0,NULL
AMBASSADOR_HOTEL_SAHAR_BUS,AMBASSADOR HOTEL (SAHAR),19.103238,72.873516,0,NULL
ASHOK_NAGAR_MAROL_MAROSHI_BUS,ASHOK NAGAR (MAROL MAROSHI),19.118999,72.88536000000001,0,NULL
BAMAN_PADA_CHAKALA_BUS,BAMAN PADA (CHAKALA),19.104088,72.858177,0,NULL
BOROSIL_GLASS_FACTORY_BUS,BOROSIL GLASS FACTORY,19.117471,72.88331700000001,0,NULL
GAWANPADA_FIRE_BRIGADE_MULUND-E_BUS,GAWANPADA FIRE BRIGADE (MULUND-E),19.17245,72.96652899999999,0,NULL
GHANSOLI_VILLAGE_BUS,GHANSOLI VILLAGE,19.126118,73.004632,0,NULL
ESISHOSPITAL_MULUND_BUS,E.S.I.S.HOSPITAL (MULUND),19.179514,72.94563100000001,0,NULL
HANUMAN_CHOWK_MULUND-E_BUS,HANUMAN CHOWK (MULUND-E),19.170237,72.95909399999999,0,NULL
HANUMAN_CHOWK_MULUND-E_BUS,HANUMAN CHOWK (MULUND-E),19.168864,72.960121,0,NULL
HARI_NIWAS_THANE_BUS,HARI NIWAS (THANE),19.191711,72.968536,0,NULL
HIGHLAND_PARK_MULUND-W_BUS,HIGHLAND PARK (MULUND-W),19.169982,72.93221699999999,0,NULL
HINDUSTAN_CHOWK_MULUND-W_BUS,HINDUSTAN CHOWK (MULUND-W),19.176903,72.938596,0,NULL
HIRANANDANI_ESTATE_THANE-W_BUS,HIRANANDANI ESTATE (THANE-W),19.258199,72.98433,0,NULL
HIRANANDANI_GATE_THANE-W_BUS,HIRANANDANI GATE (THANE-W),19.249789,72.979544,0,NULL
HIRANANDANI_GATE_THANE-W_BUS,HIRANANDANI GATE (THANE-W),19.249916,72.97933500000001,0,NULL
"NIRMAL_LIFE_STYLE,_HOECHST_COMPANY_BUS","NIRMAL LIFE STYLE, HOECHST COMPANY",19.16589,72.93839699999999,0,NULL
JAY_SHASTRI_NAGAR_BUS,JAY SHASTRI NAGAR,19.171446,72.933966,0,NULL
BARKAT_ALI_DARGAH_BUS,BARKAT ALI DARGAH,19.019976,72.865685,0,NULL
INDIAN_HUME_PIPE_COMPANY_BUS,INDIAN HUME PIPE COMPANY,19.021674,72.866235,0,NULL
JAIN_SOCIETY_SION_BUS,JAIN SOCIETY (SION),19.039677,72.861751,0,NULL
KHALSA_COLLEGE_MATUNGA-E_BUS,KHALSA COLLEGE (MATUNGA-E),19.025021,72.857067,0,NULL
MAHESHWARI_UDYAN_KINGS_CIRCLE_BUS,MAHESHWARI UDYAN (KINGS CIRCLE),19.02849,72.856742,0,NULL
RANI_LAXMIBAI_CHOWK_SION_BUS,RANI LAXMIBAI CHOWK (SION),19.041051,72.862966,0,NULL
"SAMAJ_MANDIR_HALL_SION_KOLIWADA,_SARDAR_NAGAR_BUS","SAMAJ MANDIR HALL (SION KOLIWADA), SARDAR NAGAR",19.038279,72.86587400000001,0,NULL
LOKMANYA_TILAK_HOSPITAL_SION_BUS,LOKMANYA TILAK HOSPITAL (SION),19.037734,72.861125,0,NULL
WADALA_CHURCH_BUS,WADALA CHURCH,19.019212,72.857232,0,NULL
ANTOP_HILL_BUS,ANTOP HILL,19.026282,72.866822,0,NULL
SHIVAJI_NAGAR_GOVANDI_POST_OFFICE_BUS,SHIVAJI NAGAR (GOVANDI) POST OFFICE,19.062429,72.92128099999999,0,NULL
SHIVAJI_NAGAR_GOVANDI_ROAD_NO12_BUS,SHIVAJI NAGAR (GOVANDI) ROAD NO.12,19.068211,72.92339800000001,0,NULL
SEVEN_BUNGALOWS_BUS_STATION_BUS,SEVEN BUNGALOWS BUS STATION,19.130398,72.820331,0,NULL
ANDHERI_STATION_W_BUS,ANDHERI STATION (W),19.121011,72.84592499999999,0,NULL
BHATI_VILLAGE_BUS,BHATI VILLAGE,19.158618,72.78616,0,NULL
"FIRE_BRIGADE,_KHARODI_COLONY_BUS","FIRE BRIGADE, KHARODI COLONY",19.195237,72.822131,0,NULL
"KAMAL_BAUG,_14TH_BUNGALOWS_-MADH_BUS","KAMAL BAUG, 14TH BUNGALOWS -(MADH)",19.155828,72.787893,0,NULL
EKTA_NAGAR_KANDIVALI-W_BUS,EKTA NAGAR (KANDIVALI-W),19.201032,72.827984,0,NULL
ASMITA_JYOTI_BUS,ASMITA JYOTI,19.196324,72.826904,0,NULL
JANKALYAN_NAGAR_POLICE_CHOWKY_BUS,JANKALYAN NAGAR POLICE CHOWKY,19.199283,72.82053000000001,0,NULL
BORIVALI_E_STATION_BUS,BORIVALI (E) STATION,19.231279,72.858546,0,NULL
CHENA_BRIDGE_BUS,CHENA BRIDGE,19.275703,72.916151,0,NULL
EVERSHINE_MILLENIUM_PARADISE_BUS,EVERSHINE MILLENIUM PARADISE,19.21023,72.877093,0,NULL
JAIN_MANDIR_SAMATA_NAGAR-KANDIVALI-E_BUS,JAIN MANDIR (SAMATA NAGAR-KANDIVALI-E),19.213354,72.872651,0,NULL
SHANKARWADI_JOGESHWARI-E_BUS,SHANKARWADI (JOGESHWARI-E),19.128578,72.855244,0,NULL
SHER-E-PUNJAB_ANDHERI-E_BUS,SHER-E-PUNJAB (ANDHERI-E),19.125862,72.861091,0,NULL
SHYAM_NAGAR_MAJAS_BUS,SHYAM NAGAR (MAJAS),19.138954,72.863517,0,NULL
GURUNANAK_VIDYALAYA_ANDHERI-E_BUS,GURUNANAK VIDYALAYA (ANDHERI-E),19.129847,72.86317099999999,0,NULL
TOLANI_COLLEGE_BUS,TOLANI COLLEGE,19.128846,72.865148,0,NULL
TOLANI_NAKA_BUS,TOLANI NAKA,19.129966,72.86548999999999,0,NULL
TOLANI_NAKA_BUS,TOLANI NAKA,19.129876,72.865414,0,NULL
VIHAR_LAKE_BUS,VIHAR LAKE,19.139637,72.898117,0,NULL
VIKAS_NAGAR_SOCIETY_ANDHERI-E_BUS,VIKAS NAGAR SOCIETY (ANDHERI-E),19.128852,72.86032899999999,0,NULL
OLD_NAGARDAS_ROAD_BUS,OLD NAGARDAS ROAD,19.12376,72.85059,0,NULL
GORAI_AAKASHVANI_BUS,GORAI AAKASHVANI,19.231778,72.83262000000001,0,NULL
ATMARAM_TOWER_BUS,ATMARAM TOWER,19.245852,72.845297,0,NULL
BEST_OFFICER_QUARTERS_GORAI_BUS,BEST OFFICER QUARTERS (GORAI),19.225437,72.833946,0,NULL
KADAM_PADA_MULUND-W_BUS,KADAM PADA (MULUND-W),19.17853,72.94811300000001,0,NULL
KALWA_BRIDGE_BUS,KALWA BRIDGE,19.197356,72.983475,0,NULL
KAPUR_BAWDI_BUS,KAPUR BAWDI,19.22117,72.977981,0,NULL
KAPUR_BAWDI_BUS,KAPUR BAWDI,19.217538,72.979883,0,NULL
KASARVADAVALI_BUS,KASARVADAVALI,19.269755,72.96547700000001,0,NULL
KHAREGAON_NAKA_BUS,KHAREGAON NAKA,19.201833,73.00164700000001,0,NULL
KHINDIPADA_DARGAH_BUS,KHINDIPADA (DARGAH),19.16625,72.9284833,0,NULL
KHOPAT_STTERMINUS_BUS,KHOPAT S.T.TERMINUS,19.200717,72.973186,0,NULL
FORTIS_HOSPITAL_BUS,FORTIS HOSPITAL,19.16272,72.941801,0,NULL
L_I_C_CLY_BUS,L I C CLY,19.164717,72.95451199999999,0,NULL
LAXMINARAYAN_RESIDENCY_BUS,LAXMINARAYAN RESIDENCY,19.219355,72.95979800000001,0,NULL
LOKIM_COMPANY_BUS,LOKIM COMPANY,19.230186,72.976955,0,NULL
MANPADA_BUS,MANPADA,19.235236,72.97631800000001,0,NULL
"AIROLI_SEWERAGE_PLANT,_PREMDAN_BUS","AIROLI SEWERAGE PLANT, PREMDAN",19.154587,72.992994,0,NULL
AIROLI_SECTOR_10_BUS,AIROLI SECTOR 10,19.149041,72.990093,0,NULL
"ASHOK_NAGAR_THANE,_VILO_S_SOCIETY_BUS","ASHOK NAGAR (THANE), VILO S SOCIETY",19.222351,72.994091,0,NULL
"BRAHMAND,_AZAD_NAGAR_BUS_STATION_BUS","BRAHMAND, AZAD NAGAR BUS STATION",19.247648,72.98602099999999,0,NULL
CONTAINER_CORPORATION_OF_INDIA_BUS,CONTAINER CORPORATION OF INDIA,19.15562,72.953048,0,NULL
GANDHI_NAGAR_THANE_BUS,GANDHI NAGAR (THANE),19.2181333,72.9701333,0,NULL
GAWANPADA_FIRE_BRIGADE_MULUND-E_BUS,GAWANPADA FIRE BRIGADE (MULUND-E),19.172333,72.966567,0,NULL
"VEENA_NAGAR,_GOVARDHAN_NAGAR_BUS","VEENA NAGAR, GOVARDHAN NAGAR",19.182053,72.94701000000001,0,NULL
HIRA_MONGI_NAVNEET_HOSPITAL_BUS,HIRA MONGI NAVNEET HOSPITAL,19.171086,72.95044300000001,0,NULL
"NIRMAL_LIFE_STYLE,_HOECHST_COMPANY_BUS","NIRMAL LIFE STYLE, HOECHST COMPANY",19.166125,72.938255,0,NULL
KALIDAS_NATYAGRUH_MULUND-W_BUS,KALIDAS NATYAGRUH (MULUND-W),19.173001,72.949197,0,NULL
KAPUR_BAWDI_BUS,KAPUR BAWDI,19.217854,72.98001600000001,0,NULL
MIDC_MIRA_ROAD_BUS,M.I.D.C (MIRA ROAD),19.266692,72.87689399999999,0,NULL
POUSHMATA_MANDIR_BUS,POUSHMATA MANDIR,19.281111,72.955117,0,NULL
"SWATANTRAVEER_SAVARKAR_CHOWK,_BHAYANDER_E_BUS","SWATANTRAVEER SAVARKAR CHOWK, BHAYANDER (E)",19.293848,72.859821,0,NULL
SHITAL_GARDEN_MIRA_ROAD_BUS,SHITAL GARDEN (MIRA ROAD),19.283516,72.86371800000001,0,NULL
SIDDHARAJ_SOCIETY_BUS,SIDDHARAJ SOCIETY,19.2350833,72.87215,0,NULL
VIDYA_MANDIR_DAHISAR-E_BUS,VIDYA MANDIR (DAHISAR-E),19.254851,72.862498,0,NULL
MIRA_GAONTHAN_BUS,MIRA GAONTHAN,19.26755,72.876998,0,NULL
SUNFLOWER_SOCIETY_BUS,SUNFLOWER SOCIETY,19.214502,72.87401,0,NULL
MAHESHWARI_UDYAN_KINGS_CIRCLE_BUS,MAHESHWARI UDYAN (KINGS CIRCLE),19.028282,72.856571,0,NULL
LOKMANYA_TILAK_HOSPITAL_SION_BUS,LOKMANYA TILAK HOSPITAL (SION),19.037409,72.861011,0,NULL
KUMBHARWADA_DHARAVI_BUS,KUMBHARWADA (DHARAVI),19.037541,72.854884,0,NULL
DHARAVI_DEPOT_BUS,DHARAVI DEPOT,19.051239,72.85798200000001,0,NULL
BHAGWATI_HOSPITAL_BUS,BHAGWATI HOSPITAL,19.240573,72.854479,0,NULL
BHAKTI_PALACE_DAHISAR_BUS,BHAKTI PALACE (DAHISAR),19.2559,72.84958,0,NULL
BORIVALI_JAIL_W_BUS,BORIVALI JAIL (W),19.224447,72.854271,0,NULL
BORIVALI_W_STATION_BUS,BORIVALI (W) STATION,19.230031,72.856616,0,NULL
BORIVALI_W_STATION_BUS,BORIVALI (W) STATION,19.230772,72.855969,0,NULL
BORIVALI_W_STATION_BUS,BORIVALI (W) STATION,19.228711,72.854981,0,NULL
BORIVALI_W_STATION_BUS,BORIVALI (W) STATION,19.229525,72.856217,0,NULL
BORIVALI_W_STATION_BUS,BORIVALI (W) STATION,19.228621,72.854829,0,NULL
BORIVALI_TELEPHONE_EXCHANGE_BUS,BORIVALI TELEPHONE EXCHANGE,19.231802,72.856216,0,NULL
BORIVALI_TELEPHONE_EXCHANGE_BUS,BORIVALI TELEPHONE EXCHANGE,19.231829,72.85622499999999,0,NULL
DAHISAR_BRIDGE_BUS,DAHISAR BRIDGE,19.254883,72.856572,0,NULL
DAHISAR_BRIDGE_BUS,DAHISAR BRIDGE,19.255182,72.85704800000001,0,NULL
DAHISAR_BRIDGE_LINK_ROAD_BUS,DAHISAR BRIDGE (LINK ROAD),19.258142,72.85372700000001,0,NULL
LOKPURAM_BUS,LOKPURAM,19.2247167,72.97,0,NULL
MAHARSHI_ARVIND_CHOWK_MULUND-W_BUS,MAHARSHI ARVIND CHOWK (MULUND-W),19.175883,72.951536,0,NULL
MAHARSHI_ARVIND_CHOWK_MULUND-W_BUS,MAHARSHI ARVIND CHOWK (MULUND-W),19.174781,72.951013,0,NULL
MADHANI_CIRCLE_BUS,MADHANI CIRCLE,19.257498,72.97819,0,NULL
"MAHARANA_PRATAP_CHOWK_MULUND-W,_R_MALL_BUS","MAHARANA PRATAP CHOWK (MULUND-W), R MALL",19.183671,72.952562,0,NULL
MAHARANA_PRATAP_CHOWK_MULUND_CHECK_NAKA-W_BUS,MAHARANA PRATAP CHOWK (MULUND CHECK NAKA-W),19.184312,72.954283,0,NULL
MAJIWADA_BUS,MAJIWADA,19.214313,72.977524,0,NULL
MANISHA_NAGAR_KALWA_BUS,MANISHA NAGAR (KALWA),19.196894,72.990996,0,NULL
MARATHON_CHOWK_TEEN_HATH_NAKA_BUS,MARATHON CHOWK (TEEN HATH NAKA),19.189452,72.963221,0,NULL
MARATHON_CHOWK_TEEN_HATH_NAKA_BUS,MARATHON CHOWK (TEEN HATH NAKA),19.187456,72.964124,0,NULL
"NAHUR_VILLAGE,_MEHUL_CINEMA_BUS","NAHUR VILLAGE, MEHUL CINEMA",19.165891,72.949093,0,NULL
MERIND_COMPANY_BUS,MERIND COMPANY,19.161835,72.94414999999999,0,NULL
MHADA_OFFICE_MULUND-E_BUS,MHADA OFFICE (MULUND-E),19.166099,72.965502,0,NULL
LOKMANYA_NAGAR_THANE_BUS,LOKMANYA NAGAR (THANE),19.208857,72.951505,0,NULL
"MAHARANA_PRATAP_CHOWK_MULUND-W,_R_MALL_BUS","MAHARANA PRATAP CHOWK (MULUND-W), R MALL",19.183652,72.95211500000001,0,NULL
MHADA_OFFICE_MULUND-E_BUS,MHADA OFFICE (MULUND-E),19.166226,72.96557799999999,0,NULL
MITHAGAR_BUS,MITHAGAR,19.163407,72.95484500000001,0,NULL
MITHAGAR_MULUND-E_BUS,MITHAGAR (MULUND-E),19.165431,72.964152,0,NULL
MAHARANA_PRATAP_CHOWK_MULUND_CHECK_NAKA-W_BUS,MAHARANA PRATAP CHOWK (MULUND CHECK NAKA-W),19.183074,72.95371299999999,0,NULL
MULUND_DEPOT_BUS,MULUND DEPOT,19.175865,72.947999,0,NULL
MUNICIPAL_SCHOOL_MULUND-W_BUS,MUNICIPAL SCHOOL (MULUND-W),19.180897,72.95386499999999,0,NULL
NAVGHAR_ROAD_MULUND-E_BUS,NAVGHAR ROAD (MULUND-E),19.16787,72.961718,0,NULL
AIROLI_OCTROI_NAKA_BUS,AIROLI OCTROI NAKA,19.153741,72.96172799999999,0,NULL
PARSIK_SHIV_MANDIR_BUS,PARSIK SHIV MANDIR,19.203197,73.00469,0,NULL
RTO_THANE_BUS,R.T.O. (THANE),19.199009,72.981193,0,NULL
JOGESHWARI_E_POLICE_STATION_BUS,JOGESHWARI (E) POLICE STATION,19.139419,72.854677,0,NULL
KOKAN_NAGAR_JOGESHWARI-E_BUS,KOKAN NAGAR (JOGESHWARI-E),19.134401,72.86479300000001,0,NULL
MODEL_TOWN_JOGESHWARI-E_BUS,MODEL TOWN (JOGESHWARI-E),19.132696,72.869804,0,NULL
POONAM_NAGAR_MAJAS_BUS,POONAM NAGAR (MAJAS),19.135859,72.870125,0,NULL
SATYA_SAIBABA_MANDIR_MAHAKALI_CAVES_RD_BUS,SATYA SAIBABA MANDIR (MAHAKALI CAVES RD),19.129688,72.869967,0,NULL
STRAND_CINEMA_BUS,STRAND CINEMA,18.917215,72.82737400000001,0,NULL
AZAD_NAGAR_WADALA_BUS,AZAD NAGAR (WADALA),19.014405,72.85569599999999,0,NULL
SANT_JAGNADE_CHOWK_LALBAUG_BUS,SANT JAGNADE CHOWK (LALBAUG),18.993145,72.836288,0,NULL
"TATA_OIL_MILL,_HINDUSTAN_LEVER_LIMITED_BUS","TATA OIL MILL, HINDUSTAN LEVER LIMITED",18.980907,72.85737899999999,0,NULL
PAREL_STATION_E_BUS,PAREL STATION (E),19.007076,72.836961,0,NULL
DRMIQBAL_CHOWK_J_J_HOSPITAL_BUS,DR.M.IQBAL CHOWK (J J HOSPITAL),18.962066,72.834165,0,NULL
DRCOOPER_HOSPITAL_BUS,DR.COOPER HOSPITAL,19.107155,72.83497699999999,0,NULL
DHARAMSHI_HALL_BUS,DHARAMSHI HALL,19.226435,72.855268,0,NULL
DON_BOSCO_SCHOOL_BORIVALI__BUS,DON BOSCO SCHOOL (BORIVALI ),19.229688,72.84235099999999,0,NULL
DON_BOSCO_SCHOOL_BORIVALI__BUS,DON BOSCO SCHOOL (BORIVALI ),19.229353,72.84099999999999,0,NULL
EKSAR_VILLAGE_BUS,EKSAR VILLAGE,19.237649,72.845398,0,NULL
GANPAT_PATIL_NAGAR_BUS,GANPAT PATIL NAGAR,19.253134,72.84714700000001,0,NULL
GORAI_BRIDGE_BUS,GORAI BRIDGE,19.226426,72.827631,0,NULL
GORAI_DEPOT_BUS,GORAI DEPOT,19.232102,72.83151599999999,0,NULL
HOLY_CROSS_ROAD_BORIVALI_-W_BUS,HOLY CROSS ROAD (BORIVALI -W),19.248691,72.850146,0,NULL
ICCOLONY_BORIVALI_-W_BUS,I.C.COLONY (BORIVALI -W),19.247561,72.847978,0,NULL
KALPANA_CHAWLA_CHOWK_BORIVALI_-W_BUS,KALPANA CHAWLA CHOWK (BORIVALI -W),19.240866,72.846204,0,NULL
KANDAR_PADA_DAHISAR_BRIDGE_BUS,KANDAR PADA (DAHISAR BRIDGE),19.254738,72.854546,0,NULL
KANDAR_PADA_DAHISAR_BRIDGE_BUS,KANDAR PADA (DAHISAR BRIDGE),19.254702,72.85453699999999,0,NULL
KARUNA_HOSPITAL_BUS,KARUNA HOSPITAL,19.24153,72.853499,0,NULL
MODEL_TOWN_MULUND-W_BUS,MODEL TOWN (MULUND-W),19.1846667,72.9443167,0,NULL
MUCHHALA_COLLEGE_BUS,MUCHHALA COLLEGE,19.262763,72.968264,0,NULL
MAHARANA_PRATAP_CHOWK_MULUND_CHECK_NAKA-W_BUS,MAHARANA PRATAP CHOWK (MULUND CHECK NAKA-W),19.183147,72.95364600000001,0,NULL
MULUND_COLONY_BUS,MULUND COLONY,19.174617,72.93716999999999,0,NULL
MULUND_COLONY_BUS,MULUND COLONY,19.174942,72.936942,0,NULL
MAHATMA_JYOTIBA_PHULE_CHOWK_MULUND-W_BUS,MAHATMA JYOTIBA PHULE CHOWK (MULUND-W),19.173162,72.934727,0,NULL
MULUND_DEPOT_BUS,MULUND DEPOT,19.175702,72.94658200000001,0,NULL
MULUND_RAILWAY_STATION_W_BUS,MULUND RAILWAY STATION (W),19.17285,72.95574999999999,0,NULL
MULUND_RAILWAY_STATION_W_BUS,MULUND RAILWAY STATION (W),19.17386,72.95597600000001,0,NULL
MULUND_RAILWAY_STATION_W_BUS,MULUND RAILWAY STATION (W),19.173833,72.95594699999999,0,NULL
"MULUND_E_TOLL_NAKA,_MHADA_COLONY_BUS","MULUND (E) TOLL NAKA, MHADA COLONY",19.16989,72.967106,0,NULL
"MULUND_E_TOLL_NAKA,_MHADA_COLONY_BUS","MULUND (E) TOLL NAKA, MHADA COLONY",19.169686,72.96758199999999,0,NULL
MUNICIPAL_SCHOOL_MULUND-W_BUS,MUNICIPAL SCHOOL (MULUND-W),19.18115,72.95386499999999,0,NULL
RABODI_POLICE_STATION_BUS,RABODI POLICE STATION,19.206047,72.981697,0,NULL
SAINATH_NAGAR_THANE-W_BUS,SAINATH NAGAR (THANE-W),19.2669,72.966808,0,NULL
"AIROLI_SECTOR_4,_SAI_CLINIC_BUS","AIROLI SECTOR 4, SAI CLINIC",19.155553,72.99571299999999,0,NULL
STPIUS_SCHOOL_MULUND-W_BUS,ST.PIUS SCHOOL (MULUND-W),19.166496,72.945033,0,NULL
STANFORD_SOCIETY_THANE_BUS,STANFORD SOCIETY (THANE),19.256378,72.97959400000001,0,NULL
STANFORD_SOCIETY_THANE_BUS,STANFORD SOCIETY (THANE),19.256803,72.97936300000001,0,NULL
SWASTIK_PARK_THANE_BUS,SWASTIK PARK (THANE),19.243411,72.98279599999999,0,NULL
AIROLI_TOLL_NAKA_BUS,AIROLI TOLL NAKA,19.153217,72.964855,0,NULL
VANDANA_CINEMA_BUS,VANDANA CINEMA,19.194069,72.970485,0,NULL
WAGLE_ESTATE_POST_OFFICE_BUS,WAGLE ESTATE POST OFFICE,19.185649,72.957887,0,NULL
MAHARANA_PRATAP_CHOWK_MULUND_CHECK_NAKA-W_BUS,MAHARANA PRATAP CHOWK (MULUND CHECK NAKA-W),19.18311,72.953732,0,NULL
MALAD_STATION_W_BUS,MALAD STATION (W),19.184531,72.84833500000001,0,NULL
SHASTRI_NAGAR_JUHU_BUS,SHASTRI NAGAR (JUHU),19.089908,72.83465700000001,0,NULL
AMAR_BRASS_&_STEEL_COMPANY_BUS,AMAR BRASS & STEEL COMPANY,19.072157,72.86577,0,NULL
METRO_PLAYING_CARDS_BUS,METRO PLAYING CARDS,19.073866,72.869455,0,NULL
"MAHAPOUR_NIWAS,_SHIVAJI_PARK_BUS","MAHAPOUR NIWAS, SHIVAJI PARK",19.028984,72.83762900000001,0,NULL
"MAHARASHTRA_NAGAR_KANDIVALI-W,_YADAV_NAGAR_BUS","MAHARASHTRA NAGAR (KANDIVALI-W), YADAV NAGAR",19.206971,72.83338000000001,0,NULL
SAIDHAM_SOCIETY_NERUL_BUS,SAIDHAM SOCIETY (NERUL),19.011689,73.014793,0,NULL
TROMBAY_BUS,TROMBAY,19.033939,72.949871,0,NULL
VIKHROLI_STATION_W_BUS,VIKHROLI STATION (W),19.110754,72.927513,0,NULL
MANGATRAM_PETROLPUMP_BUS,MANGATRAM PETROLPUMP,19.140115,72.93135700000001,0,NULL
VIKHROLI_DEPOT_BUS,VIKHROLI DEPOT,19.10198,72.91951299999999,0,NULL
VIKHROLI_PARK_SITE_BUS,VIKHROLI PARK SITE,19.105077,72.913145,0,NULL
VIKHROLI_STATION_ROAD_W_BUS,VIKHROLI STATION ROAD (W),19.110184,72.925347,0,NULL
LIC_OFFICERS_TRAINING_CENTRE_BORIVALI_-W_BUS,LIC OFFICERS TRAINING CENTRE (BORIVALI -W),19.24279,72.846954,0,NULL
MHBPOLICE_STATION_BORIVALI_-W_BUS,M.H.B.POLICE STATION (BORIVALI -W),19.23247,72.840732,0,NULL
MHBPOLICE_STATION_BORIVALI_-W_BUS,M.H.B.POLICE STATION (BORIVALI -W),19.232777,72.84061699999999,0,NULL
MADHUBAN_SOCIETY_BUS,MADHUBAN SOCIETY,19.224011,72.836401,0,NULL
MAHARASHTRA_NAGAR_BORIVALI_-W_BUS,MAHARASHTRA NAGAR (BORIVALI -W),19.228682,72.851282,0,NULL
MOUNT_POINSUR_CHURCH_BUS,MOUNT POINSUR CHURCH,19.244474,72.851975,0,NULL
PRABHODHANKAR_THACKERAY_NAGAR_BUS_STATION_CHARKOP_BUS,PRABHODHANKAR THACKERAY NAGAR BUS STATION (CHARKOP),19.221115,72.828852,0,NULL
PAI_NAGAR_BORIVALI_-W_BUS,PAI NAGAR (BORIVALI -W),19.234547,72.85513,0,NULL
PEPSI_GARDEN_BUS,PEPSI GARDEN,19.229847,72.823339,0,NULL
PRAGATI_HIGH_SCHOOL_GORAI_BUS,PRAGATI HIGH SCHOOL (GORAI),19.227352,72.822095,0,NULL
RAJHANS_SOCIETY_BORIVALI_-W_BUS,RAJHANS SOCIETY (BORIVALI -W),19.236898,72.85779100000001,0,NULL
RAM_MANDIR_BORIVALI_-W_BUS,RAM MANDIR (BORIVALI -W),19.237194,72.85500500000001,0,NULL
MUNICIPAL_HOSPITAL_MULUND-E_BUS,MUNICIPAL HOSPITAL (MULUND-E),19.171999,72.959959,0,NULL
NANE_PADA_JUNCTION_BUS,NANE PADA JUNCTION,19.167174,72.953951,0,NULL
NEW_SHAKTI_MILL_BUS,NEW SHAKTI MILL,19.200735,72.975525,0,NULL
VOLTAS_BUS,VOLTAS,19.2169667,72.97185,0,NULL
VOLTAS_BUS,VOLTAS,19.217162,72.971688,0,NULL
OVALE_BUS,OVALE,19.274218,72.96032099999999,0,NULL
POST_&_TELEGRAPHS_MULUND-W_BUS,POST & TELEGRAPHS (MULUND-W),19.169749,72.946183,0,NULL
"SARVODAYA,_PARSHWANATH_NAGAR_MULUND-W_BUS","SARVODAYA, PARSHWANATH NAGAR (MULUND-W)",19.164084,72.947249,0,NULL
"MIDC,_PASSPORT_OFFICE_BUS","M.I.D.C, PASSPORT OFFICE",19.192208,72.955186,0,NULL
PATLI_PADA_BUS,PATLI PADA,19.245724,72.97562499999999,0,NULL
MAHARASHTRA_NAGAR_THANE_BUS,MAHARASHTRA NAGAR (THANE),19.2285,72.96813330000001,0,NULL
ADISHAKTI_NAGAR_PIPE_LINE_BUS,ADISHAKTI NAGAR (PIPE LINE),19.1853667,72.9463667,0,NULL
PIPE_LINE_MULUND-W_BUS,PIPE LINE (MULUND-W),19.184971,72.947827,0,NULL
CHINCHVALI_BUNDER_ROAD_BUS,CHINCHVALI BUNDER ROAD,19.179347,72.835902,0,NULL
"MARVE_ROAD_NAKA,_SWAMI_SHIVANAND_CHOWK_BUS","MARVE ROAD NAKA, SWAMI SHIVANAND CHOWK",19.191468,72.845962,0,NULL
"MITH_CHOWKY,_KAVIVRKANT_CHOWK_BUS","MITH CHOWKY, KAVI.V.R.KANT CHOWK",19.194604,72.83387500000001,0,NULL
BPT_COLONY_DOCKYARD_RD_BUS,B.P.T COLONY (DOCKYARD RD),19.017626,72.864186,0,NULL
BAINGANWADI_BUS,BAINGANWADI,19.058717,72.92511,0,NULL
DEONAR_MUNICIPAL_COLONY_BUS,DEONAR MUNICIPAL COLONY,19.054326,72.923468,0,NULL
DRAMBEDKAR_NAGAR_CHEMBUR_BUS,DR.AMBEDKAR NAGAR (CHEMBUR),19.063292,72.902734,0,NULL
"DRAMBEDKAR_UDYAN,_CHEMBUR_BUS","DR.AMBEDKAR UDYAN, CHEMBUR",19.05909,72.900493,0,NULL
"KRISHNA_BAUG,_FINE_ARTS_SOCIETY_CHEMBUR_BUS","KRISHNA BAUG, FINE ARTS SOCIETY (CHEMBUR)",19.060941,72.897604,0,NULL
JAFRI_ENGLISH_SCHOOL_BUS,JAFRI ENGLISH SCHOOL,19.067488,72.92090899999999,0,NULL
SAMRAT_ASHOK_NAGAR_DEONAR_BUS,SAMRAT ASHOK NAGAR (DEONAR),19.055497,72.91053700000001,0,NULL
SHANTI_BAUG_CHEMBUR_BUS,SHANTI BAUG (CHEMBUR),19.057607,72.895449,0,NULL
PHANASWADI_BUS,PHANASWADI,18.953269,72.82582600000001,0,NULL
JOGESHWARI_TELEPHONE_EXCHANGE_BUS,JOGESHWARI TELEPHONE EXCHANGE,19.141309,72.843193,0,NULL
BANDRA_TALKIES_BUS,BANDRA TALKIES,19.05932,72.835887,0,NULL
DHIRAJ_VALLEY_SOCIETY_BUS,DHIRAJ VALLEY SOCIETY,19.168327,72.869347,0,NULL
BPCL_SPORTS_CLUB_BUS,BPCL SPORTS CLUB,19.027785,72.895765,0,NULL
NAVJEEVAN_SOCIETY_CHEMBUR_BUS,NAVJEEVAN SOCIETY (CHEMBUR),19.047533,72.89342000000001,0,NULL
VESAVA-YARI_ROAD_BUS_STATION_BUS,VESAVA-YARI ROAD BUS STATION,19.139495,72.808356,0,NULL
PASCALWADI_BUS,PASCALWADI,19.142693,72.79786900000001,0,NULL
DATTAPADA_PHATAK_BUS,DATTAPADA PHATAK,19.224277,72.856725,0,NULL
GHODBUNDER_VILLAGE_JUNCTION_BUS,GHODBUNDER VILLAGE JUNCTION,19.286817,72.893305,0,NULL
"BORIVALI_MARKET_E,_CARTER_ROAD_BUS","BORIVALI MARKET (E), CARTER ROAD",19.229455,72.860174,0,NULL
RAJENDRA_NAGAR_BUS,RAJENDRA NAGAR,19.22118,72.860664,0,NULL
DR_SHYAMAPRASAD_MUKHERJEE_CHOWKMUSEUM_BUS,DR. SHYAMAPRASAD MUKHERJEE CHOWK(MUSEUM),19.230841,72.85073800000001,0,NULL
SAI_AMRUT_SOCIETY_DAHISAR-W_BUS,SAI AMRUT SOCIETY (DAHISAR-W),19.240647,72.858569,0,NULL
SAIBABA_NAGAR_KANDARPADA_BUS,SAIBABA NAGAR (KANDARPADA),19.261313,72.852345,0,NULL
SARDAR_VALLABHBHAI_PATEL_COLLEGE_BORIVALI_-W_BUS,SARDAR VALLABHBHAI PATEL COLLEGE (BORIVALI -W),19.250179,72.845798,0,NULL
SHANTI_ASHRAM_BORIVALI-W_BUS,SHANTI ASHRAM (BORIVALI-W),19.240939,72.847184,0,NULL
SHIVAJI_NAGAR_BORIVALI_-W_BUS,SHIVAJI NAGAR (BORIVALI -W),19.245433,72.85420000000001,0,NULL
SHIVDHAM_RUSHI_COMPLEX_BUS,SHIVDHAM (RUSHI COMPLEX),19.253741,72.849677,0,NULL
SUVIDHYA_SCHOOL_GORAI_BUS,SUVIDHYA SCHOOL (GORAI),19.229896,72.828703,0,NULL
SWAMI_VIVEKANAND_VIDYALAYA_BORIVALI_-W_BUS,SWAMI VIVEKANAND VIDYALAYA (BORIVALI -W),19.225914,72.83117900000001,0,NULL
TECHNICAL_SCHOOL_BORIVALI_-W_BUS,TECHNICAL SCHOOL (BORIVALI -W),19.242975,72.853955,0,NULL
THAKUR_PAKHADI_BUS,THAKUR PAKHADI,19.234759,72.846009,0,NULL
VAZIRA_NAKA_BUS,VAZIRA NAKA,19.228976,72.84455800000001,0,NULL
PIPE_LINE_MULUND-W_BUS,PIPE LINE (MULUND-W),19.177581,72.940155,0,NULL
RTO_THANE_BUS,R.T.O. (THANE),19.198937,72.981088,0,NULL
RREDUCATION_VIDYALAYA_BUS,R.R.EDUCATION VIDYALAYA,19.167581,72.96661400000001,0,NULL
MULUND_RAILWAY_STATION_W_BUS,MULUND RAILWAY STATION (W),19.173327,72.956613,0,NULL
RABODI_POLICE_STATION_BUS,RABODI POLICE STATION,19.206029,72.981916,0,NULL
RALLI_WOLF_BUS,RALLI WOLF,19.170769,72.94016499999999,0,NULL
RIDDHI_SIDDHI_SOCIETY_MULUND_-E_BUS,RIDDHI SIDDHI SOCIETY (MULUND -E),19.169415,72.955006,0,NULL
RUNWAL_PLAZA_THANE-W_BUS,RUNWAL PLAZA (THANE-W),19.207511,72.957506,0,NULL
RUNWAL_PLAZA_THANE-W_BUS,RUNWAL PLAZA (THANE-W),19.208126,72.958733,0,NULL
SAIDHAM_MULUND-W_BUS,SAIDHAM (MULUND-W),19.167644,72.944738,0,NULL
SAIDHAM_MULUND-W_BUS,SAIDHAM (MULUND-W),19.167571,72.944738,0,NULL
SAINATH_NAGAR_THANE-W_BUS,SAINATH NAGAR (THANE-W),19.266828,72.966713,0,NULL
SANTOSHI_MATA_MANDIR_MULUND-W_BUS,SANTOSHI MATA MANDIR (MULUND-W),19.183083,72.948464,0,NULL
SHIVAJI_NAGAR_BUS_STATION_BUS,SHIVAJI NAGAR BUS STATION,19.066198,72.92788299999999,0,NULL
"BRAMHALA_TALAO,_MANORPADA_BUS","BRAMHALA TALAO, MANORPADA",19.202641,72.97636199999999,0,NULL
KADAM_PADA_MULUND-W_BUS,KADAM PADA (MULUND-W),19.178602,72.94732399999999,0,NULL
GHATI_PADA_BUS,GHATI PADA,19.1869833,72.94185,0,NULL
MALAD_DEPOT_BUS,MALAD DEPOT,19.183791,72.835785,0,NULL
USHMA_NAGAR_BUS,USHMA NAGAR,19.19397,72.83256299999999,0,NULL
NEW_ERA_TALKIES_BUS,NEW ERA TALKIES,19.183798,72.84689899999999,0,NULL
LOKMANYA_TILAK_CHOWK_MALAD-W_BUS,LOKMANYA TILAK CHOWK (MALAD-W),19.184682,72.844836,0,NULL
CHHATRAPATI_SHIVAJI_MAHARAJ_TERMINUSCSMT_BUS,CHHATRAPATI SHIVAJI MAHARAJ TERMINUS(CSMT),18.940881,72.834836,0,NULL
"ELECTRIC_HOUSE,_COLABA_DEPOT_BUS","ELECTRIC HOUSE, COLABA DEPOT",18.921138,72.830798,0,NULL
DR_SHYAMAPRASAD_MUKHERJEE_CHOWKMUSEUM_BUS,DR. SHYAMAPRASAD MUKHERJEE CHOWK(MUSEUM),18.925865,72.83314799999999,0,NULL
JOHAR_CHOWK_BHENDI_BAZAAR_BUS,JOHAR CHOWK (BHENDI BAZAAR),18.959552,72.83183099999999,0,NULL
SARASWATI_COMPLEX_DAHISAR_BUS,SARASWATI COMPLEX (DAHISAR),19.264,72.86,0,NULL
SIDDHARTH_NAGAR_BUS,SIDDHARTH NAGAR,19.215404,72.871156,0,NULL
PINKY_CINEMA_BUS,PINKY CINEMA,19.121952,72.84781599999999,0,NULL
MAJAS_DEPOT_BUS,MAJAS DEPOT,19.139262,72.86537,0,NULL
JARIMARI_SAKINAKA_BUS,JARIMARI (SAKINAKA),19.093919,72.883195,0,NULL
GANDHI_MAIDAN_WORLI_BUS,GANDHI MAIDAN (WORLI),19.002221,72.819233,0,NULL
ODEON_CINEMA_BUS,ODEON CINEMA,19.079619,72.91067200000001,0,NULL
SHIV_MANDIR_BUS,SHIV MANDIR,19.128607,72.84317299999999,0,NULL
VERSOVA_VIEW_ANDHERI-W_BUS,VERSOVA VIEW (ANDHERI-W),19.153045,72.83028400000001,0,NULL
TUNGA_VILLAGE_BUS,TUNGA VILLAGE,19.120239,72.890863,0,NULL
BABHAI_NAKA_BUS,BABHAI NAKA,19.228608,72.84848599999999,0,NULL
GANPAT_PATIL_NAGAR_BUS,GANPAT PATIL NAGAR,19.255937,72.849913,0,NULL
YOGI_NAGAR_BORIVALI_-W_BUS,YOGI NAGAR (BORIVALI -W),19.235072,72.842299,0,NULL
SHIVSHAKTI_SOCIETY_BUS,SHIVSHAKTI SOCIETY,19.261765,72.852069,0,NULL
KANDARPADA_BUS_STATION_BUS,KANDARPADA BUS STATION,19.262604,72.85124999999999,0,NULL
KANDARPADA_BUS_STATION_BUS,KANDARPADA BUS STATION,19.263608,72.852001,0,NULL
GOVIND_NAGAR_JUNCTION_BUS,GOVIND NAGAR JUNCTION,19.233,72.851393,0,NULL
SHRIMAD_GOKUL_BUS,SHRIMAD GOKUL,19.235439,72.851277,0,NULL
NILDHARA_BUILDING_BUS,NILDHARA BUILDING,19.23758,72.85136199999999,0,NULL
VRUNDAS_HOTEL_BUS,VRUNDAS HOTEL,19.229496,72.85353499999999,0,NULL
PRABODHANKAR_THACKERAY_NAGAR_BUS_STATION_CHARKOP_BUS,PRABODHANKAR THACKERAY NAGAR BUS STATION (CHARKOP),19.220654,72.829204,0,NULL
GORAI_DEPOT_BUS,GORAI DEPOT,19.232093,72.831174,0,NULL
AMULAKH_HIGH_SCHOOL_BUS,AMULAKH HIGH SCHOOL,19.026224,72.86029600000001,0,NULL
MAHESHWARI_UDYAN_KINGS_CIRCLE_BUS,MAHESHWARI UDYAN (KINGS CIRCLE),19.027893,72.85624799999999,0,NULL
ANTOP_HILL_EXTENSION_BUS,ANTOP HILL EXTENSION,19.024973,72.86957700000001,0,NULL
"AIROLI_SECTOR_4,_SAI_CLINIC_BUS","AIROLI SECTOR 4, SAI CLINIC",19.155508,72.99586499999999,0,NULL
SHIVRAM_SOCIETY_BUS,SHIVRAM SOCIETY,19.175729,72.944433,0,NULL
SIDDHARTH_NAGAR_THANE_BUS,SIDDHARTH NAGAR (THANE),19.182496,72.97044699999999,0,NULL
STMARY_SCHOOL_MULUND-W_BUS,ST.MARY SCHOOL (MULUND-W),19.165024,72.947039,0,NULL
STPIUS_SCHOOL_MULUND-W_BUS,ST.PIUS SCHOOL (MULUND-W),19.166523,72.94496700000001,0,NULL
STXAVIERS_HIGH_SCHOOL_THANE_BUS,ST.XAVIERS HIGH SCHOOL (THANE),19.240376,72.97758399999999,0,NULL
SUBHASH_NAGAR_THANE_BUS,SUBHASH NAGAR (THANE),19.2162833,72.9738333,0,NULL
SUBHASH_NAGAR_THANE_BUS,SUBHASH NAGAR (THANE),19.216309,72.974214,0,NULL
SUBHASH_TOWER_BUS,SUBHASH TOWER,19.207766,73.0115,0,NULL
SWAMI_VIVEKANAND_CHOWK_THANE_BUS,SWAMI VIVEKANAND CHOWK (THANE),19.181692,72.967651,0,NULL
SWAPNA_NAGARI_YOGI_HILL_BUS,SWAPNA NAGARI (YOGI HILL),19.1828,72.94213329999999,0,NULL
SWASTIK_PARK_THANE_BUS,SWASTIK PARK (THANE),19.243384,72.98291999999999,0,NULL
"TALAVALI_NAKA,_NOCIL_COMPANY_BUS","TALAVALI NAKA, NOCIL COMPANY",19.1306,73.003416,0,NULL
SWADESHI_MARKET_BUS,SWADESHI MARKET,18.949116,72.828801,0,NULL
VASUDEO_BALWANT_PHADKE_CHOWK_DHOBI_TALAO_BUS,VASUDEO BALWANT PHADKE CHOWK (DHOBI TALAO),18.942748,72.83036300000001,0,NULL
HUTATMA_CHOWK_BUS,HUTATMA CHOWK,18.933596,72.83019899999999,0,NULL
INDIRA_DOCK_BUS,INDIRA DOCK,18.935872,72.843565,0,NULL
DNYANESHWAR_NAGAR_BUS,DNYANESHWAR NAGAR,19.004936,72.85357500000001,0,NULL
GHODAPDEV_BUS,GHODAPDEV,18.979679,72.84347699999999,0,NULL
SANT_JAGNADE_CHOWK_LALBAUG_BUS,SANT JAGNADE CHOWK (LALBAUG),18.993099,72.836354,0,NULL
SEWREE_COURT_BUS,SEWREE COURT,18.996489,72.852982,0,NULL
WADALA_STATION_W_BUS,WADALA STATION (W),19.017496,72.85774600000001,0,NULL
CANTEEN_STORES_DEPARTMENT_BUS,CANTEEN STORES DEPARTMENT,18.9817,72.853656,0,NULL
AIR_CONDITION_MARKET_BUS,AIR CONDITION MARKET,18.973289,72.814414,0,NULL
ALANKAR_CINEMA_BUS,ALANKAR CINEMA,18.957453,72.82717100000001,0,NULL
RUSHI_COMPLEX_DAHISAR-W_BUS,RUSHI COMPLEX (DAHISAR-W),19.251493,72.85129499999999,0,NULL
GORAI_CREEK_BUS,GORAI CREEK,19.232893,72.826256,0,NULL
MUNICIPAL_SCHOOL_ANTOP_HILL_BUS,MUNICIPAL SCHOOL (ANTOP HILL),19.025361,72.86866499999999,0,NULL
MATUNGA_POLICE_STATION_KINGS_CIRCLE_STATION_BUS,MATUNGA POLICE STATION (KINGS CIRCLE STATION),19.030541,72.857861,0,NULL
"JAGATDEV_NVARMA_CHOWK,_KAPOLE_NIWAS_BUS","JAGATDEV N.VARMA CHOWK, KAPOLE NIWAS",19.02398,72.85280299999999,0,NULL
MAHESHWARI_UDYAN_KINGS_CIRCLE_BUS,MAHESHWARI UDYAN (KINGS CIRCLE),19.028047,72.856315,0,NULL
WADALA_FLYOVER_BRIDGE_BUS,WADALA FLYOVER BRIDGE,19.018681,72.86041400000001,0,NULL
AMAR_TALKIES_BUS,AMAR TALKIES,19.051802,72.910462,0,NULL
DUKES_COMPANY_DEONAR_BUS,DUKES COMPANY (DEONAR),19.046571,72.909628,0,NULL
PWD_GROUND_CHEMBUR_BUS,P.W.D. GROUND (CHEMBUR),19.06772,72.909555,0,NULL
M-WEST-MCGM_OFFICE_BUS,M-WEST-MCGM OFFICE,19.061294,72.899485,0,NULL
SAHAKAR_NAGAR_CHEMBUR-E_BUS,SAHAKAR NAGAR (CHEMBUR-E),19.063831,72.893879,0,NULL
BARKAT_ALI_DARGAH_BUS,BARKAT ALI DARGAH,19.020003,72.86570399999999,0,NULL
BHARANI_NAKA_ANTOP_HILL_BUS,BHARANI NAKA (ANTOP HILL),19.025616,72.871116,0,NULL
BPT_COLONY_BARKAT_ALI_MARG_BUS,B.P.T. COLONY (BARKAT ALI MARG),19.017617,72.864148,0,NULL
NADKARNI_PARK_WELFARE_CENTRE_BUS,NADKARNI PARK WELFARE CENTRE,19.016144,72.86310400000001,0,NULL
BPT_COLONY_BARKAT_ALI_MARG_BUS,B.P.T. COLONY (BARKAT ALI MARG),19.014536,72.863086,0,NULL
CGSDISPENSARY_BUS,C.G.S.DISPENSARY,19.029803,72.86299099999999,0,NULL
"GODREJ_FOODS_COMPANY,_VEGOILS_WADALA-E_BUS","GODREJ FOODS COMPANY, VEG.OILS (WADALA-E)",19.009485,72.861379,0,NULL
GURU_TEG_BAHADUR_NAGAR_STATION_BUS,GURU TEG BAHADUR NAGAR STATION,19.037474,72.863452,0,NULL
INDIAN_HUME_PIPE_COMPANY_BUS,INDIAN HUME PIPE COMPANY,19.021783,72.86615,0,NULL
IBP_COMPANY_SEWREE_BUS,I.B.P COMPANY (SEWREE),19.004648,72.855569,0,NULL
INDIRA_NAGAR_SEWREE_BUS,INDIRA NAGAR (SEWREE),18.992768,72.854589,0,NULL
KANE_NAGAR_BUS,KANE NAGAR,19.02957,72.865927,0,NULL
KANE_NAGAR_BUS,KANE NAGAR,19.029498,72.865803,0,NULL
TATWADNYAN_VIDYAPITH_BUS,TATWADNYAN VIDYAPITH,19.223727,72.977715,0,NULL
THANE_CIVIL_HOSPITAL_BUS,THANE CIVIL HOSPITAL,19.199064,72.978825,0,NULL
AIROLI_TOLL_NAKA_BUS,AIROLI TOLL NAKA,19.152539,72.96995,0,NULL
VAISHALI_NAGAR_MULUND-W_BUS,VAISHALI NAGAR (MULUND-W),19.1866,72.9456667,0,NULL
VANDANA_CINEMA_BUS,VANDANA CINEMA,19.194457,72.97044699999999,0,NULL
"VIDYABEN_GARDI_SCHOOL,_KESHAVPADA_BUS","VIDYABEN GARDI SCHOOL, KESHAVPADA",19.170932,72.947267,0,NULL
VRINDAVAN_SOCIETY_THANE_BUS,VRINDAVAN SOCIETY (THANE),19.208269,72.98273399999999,0,NULL
WAGHBIL_BUS,WAGHBIL,19.252563,72.97274299999999,0,NULL
WAGLE_CIRCLE_BUS,WAGLE CIRCLE,19.194593,72.949918,0,NULL
"YASHASVI_NAGAR,_VARDHAMAN_GARDEN_BUS","YASHASVI NAGAR, VARDHAMAN GARDEN",19.218405,72.98390499999999,0,NULL
YOGI_HILLS_MULUND-W_BUS,YOGI HILLS (MULUND-W),19.1842833,72.9388,0,NULL
SAHAKAR_BAZAR_AIROLI_BUS,SAHAKAR BAZAR (AIROLI),19.150204,72.99970399999999,0,NULL
MAHARANA_PRATAP_CHOWK_MULUND_CHECK_NAKA-W_BUS,MAHARANA PRATAP CHOWK (MULUND CHECK NAKA-W),19.183273,72.954511,0,NULL
"NOVELTY_CINEMA,_DRBHADKAMKAR_ROAD_BUS","NOVELTY CINEMA, DR.BHADKAMKAR ROAD",18.961937,72.81901999999999,0,NULL
DRMIQBAL_CHOWK_J_J_HOSPITAL_BUS,DR.M.IQBAL CHOWK (J J HOSPITAL),18.962886,72.831762,0,NULL
MAHALAXMI_TEMPLE_BUS,MAHALAXMI TEMPLE,18.976465,72.80828700000001,0,NULL
NAIR_HOSPITAL_BUS,NAIR HOSPITAL,18.973784,72.822666,0,NULL
VATSALABAI_DESAI_CHOWK_HAJI_ALI_BUS,VATSALABAI DESAI CHOWK (HAJI ALI),18.978502,72.813517,0,NULL
HASRAT_MOHANI_CHOWK_BUS,HASRAT MOHANI CHOWK,18.967798,72.828416,0,NULL
JUHU_SHOPPING_CENTRE_JVPD_BUS,JUHU SHOPPING CENTRE (JVPD),19.115466,72.834971,0,NULL
"SANTACRUZ_STATION_W_ROAD,_KASHIBAI_HOSPITAL_BUS","SANTACRUZ STATION (W) ROAD, KASHIBAI HOSPITAL",19.084128,72.837408,0,NULL
PARSI_COLONY_JUHU_BUS,PARSI COLONY (JUHU),19.100157,72.827389,0,NULL
UTPAL_SANGHAVI_SCHOOL_BUS,UTPAL SANGHAVI SCHOOL,19.112625,72.82823500000001,0,NULL
MANO-BINA_APARTMENTS_BUS,MANO-BINA APARTMENTS,19.116309,72.839589,0,NULL
CHIRAG_NAGAR_BUS,CHIRAG NAGAR,19.086544,72.897718,0,NULL
"DNYANSADHANA_COLLEGE,_KOPARI_BUS","DNYANSADHANA COLLEGE, KOPARI",19.184195,72.96517,0,NULL
"DRAMBEDKAR_CHOWK,_INDIRA_NAGAR_THANE_BUS","DR.AMBEDKAR CHOWK, INDIRA NAGAR THANE",19.204747,72.949899,0,NULL
HINDUSTAN_CHOWK_MULUND-W_BUS,HINDUSTAN CHOWK (MULUND-W),19.17712,72.93889,0,NULL
KOLBAD_BUS,KOLBAD,19.204051,72.977171,0,NULL
MULUND_W_MCGM_GARDEN_BUS,MULUND (W) MCGM GARDEN,19.175883,72.94872100000001,0,NULL
MANPADA_BUS,MANPADA,19.235146,72.975966,0,NULL
MULUND_SONAPUR_BUS,MULUND SONAPUR,19.178521,72.953808,0,NULL
MUNICIPAL_HOSPITAL_MULUND-E_BUS,MUNICIPAL HOSPITAL (MULUND-E),19.171935,72.960054,0,NULL
PANCHAMRUT_BUS,PANCHAMRUT,19.256981,72.97066,0,NULL
PAWAR_NAGAR_BUS_STATION_THANE_BUS,PAWAR NAGAR BUS STATION (THANE),19.229003,72.966379,0,NULL
MAHARSHI_ARVIND_CHOWK_MULUND-W_BUS,MAHARSHI ARVIND CHOWK (MULUND-W),19.175603,72.951868,0,NULL
SANTOSHI_MATA_MANDIR_MULUND-W_BUS,SANTOSHI MATA MANDIR (MULUND-W),19.183264,72.94918699999999,0,NULL
"JAGATDEV_NVARMA_CHOWK,_KAPOLE_NIWAS_BUS","JAGATDEV N.VARMA CHOWK, KAPOLE NIWAS",19.024694,72.853458,0,NULL
"JAGATDEV_NVARMA_CHOWK,_KAPOLE_NIWAS_BUS","JAGATDEV N.VARMA CHOWK, KAPOLE NIWAS",19.023347,72.85222400000001,0,NULL
"DON_BOSCO,_KHALSA_COLLEGE_BUS","DON BOSCO, KHALSA COLLEGE",19.024018,72.857068,0,NULL
KORBA_MITHAGAR_BUS,KORBA MITHAGAR,19.016099,72.864481,0,NULL
KORBA_MITHAGAR_BUS,KORBA MITHAGAR,19.015982,72.864234,0,NULL
MAHESHWARI_UDYAN_KINGS_CIRCLE_BUS,MAHESHWARI UDYAN (KINGS CIRCLE),19.026836,72.85479599999999,0,NULL
MAHESHWARI_UDYAN_KINGS_CIRCLE_BUS,MAHESHWARI UDYAN (KINGS CIRCLE),19.027234,72.856904,0,NULL
NADKARNI_PARK_BUS,NADKARNI PARK,19.017806,72.86230500000001,0,NULL
PRATIKSHA_NAGAR_DEPOT_BUS,PRATIKSHA NAGAR DEPOT,19.044616,72.87477199999999,0,NULL
PRATIKSHA_NAGAR_DEPOT_BUS,PRATIKSHA NAGAR DEPOT,19.044716,72.874791,0,NULL
RANI_LAXMIBAI_CHOWK_SION_BUS,RANI LAXMIBAI CHOWK (SION),19.04106,72.86268099999999,0,NULL
SANGAM_NAGAR_WADALA-E_BUS,SANGAM NAGAR (WADALA-E),19.021649,72.869474,0,NULL
SANGAM_NAGAR_WADALA-E_BUS,SANGAM NAGAR (WADALA-E),19.021658,72.86937,0,NULL
MAHARANA_PRATAP_CHOWK_MULUND_CHECK_NAKA-W_BUS,MAHARANA PRATAP CHOWK (MULUND CHECK NAKA-W),19.183381,72.954216,0,NULL
AMBIKA_NAGAR_BUS,AMBIKA NAGAR,19.197646,72.955718,0,NULL
MHADA_COLONY_BUS_STATION_MULUND-E_BUS,MHADA COLONY BUS STATION (MULUND-E),19.168864,72.968231,0,NULL
"MAHARANA_PRATAP_CHOWK_MULUND-W,_R_MALL_BUS","MAHARANA PRATAP CHOWK (MULUND-W), R MALL",19.183643,72.952068,0,NULL
FLOWER_VALLEY_SOCIETY_BUS,FLOWER VALLEY SOCIETY,19.207818,72.972398,0,NULL
"NIRMAL_LIFE_STYLE,_HOECHST_COMPANY_BUS","NIRMAL LIFE STYLE, HOECHST COMPANY",19.1658,72.938321,0,NULL
KHOPAT_BUS,KHOPAT,19.200627,72.973167,0,NULL
"ORLEM_POST_OFFICE,_SNDTCOLLEGE_BUS","ORLEM POST OFFICE, S.N.D.T.COLLEGE",19.19133,72.84206399999999,0,NULL
"CHINCHVALI_PHATAK,_SARVODAYA_BALIKA_VIDYALAYA_BUS","CHINCHVALI PHATAK, SARVODAYA BALIKA VIDYALAYA",19.178729,72.84522,0,NULL
BANK_OF_BARODA_MALAD-W_BUS,BANK OF BARODA (MALAD-W),19.178632,72.834087,0,NULL
"MITH_CHOWKY,_KAVIVRKANT_CHOWK_BUS","MITH CHOWKY, KAVI.V.R.KANT CHOWK",19.195642,72.832685,0,NULL
"ORLEM_CHURCH,_VALNAI_VILLAGE_BUS","ORLEM CHURCH, VALNAI VILLAGE",19.195564,72.837963,0,NULL
KALINA_VILLAGE_BUS,KALINA VILLAGE,19.077812,72.86580499999999,0,NULL
KURLA_STATION_W_BUS,KURLA STATION (W),19.067411,72.878922,0,NULL
SANTACRUZ_STATION_E_BUS,SANTACRUZ STATION (E),19.081241,72.84247499999999,0,NULL
VAKOLA_POLICE_STATION_BUS,VAKOLA POLICE STATION,19.082472,72.846237,0,NULL
ACHARYA_ATRE_CHOWK_WORLI_NAKA_BUS,ACHARYA ATRE CHOWK (WORLI NAKA),18.99669,72.816293,0,NULL
RUBY_MILL_BUS,RUBY MILL,19.024138,72.845156,0,NULL
"PAREL_STDEPOT,_SANT_ROHIDAS_CHOWK_BUS","PAREL S.T.DEPOT, SANT ROHIDAS CHOWK",19.010831,72.83221899999999,0,NULL
WORLI_SEA_FACE_N_BUS,WORLI SEA FACE (N),19.015635,72.817436,0,NULL
WORLI_VILLAGE_BUS,WORLI VILLAGE,19.01673,72.81962900000001,0,NULL
NEHRU_PLANETARIUM_WORLI_BUS,NEHRU PLANETARIUM (WORLI),18.98927,72.813774,0,NULL
"FLORA_HOTEL,_WATUMAL_ENGGCOLLEGE_BUS","FLORA HOTEL, WATUMAL ENGG.COLLEGE",19.003455,72.814483,0,NULL
"JAKHADEVI,_DADAR_POLICE_STATION_BUS","JAKHADEVI, DADAR POLICE STATION",19.014771,72.834372,0,NULL
AIROLI_BUS_STATION_BUS,AIROLI BUS STATION,19.156944,72.998299,0,NULL
ORLEM_WELL_BUS,ORLEM WELL,19.193181,72.840551,0,NULL
SAIBABA_PARK_EVERSHINE_NAGAR_BUS,SAIBABA PARK (EVERSHINE NAGAR),19.19258,72.833353,0,NULL
THAKUR_NAGAR_CAVES_ROAD_BUS,THAKUR NAGAR (CAVES ROAD),19.137876,72.85827999999999,0,NULL
ANTOP_HILL_EXTENSION_BUS,ANTOP HILL EXTENSION,19.024811,72.869568,0,NULL
VJTICOLLEGE_BUS,V.J.T.I.COLLEGE,19.023918,72.854731,0,NULL
"INDIAN_OIL_DEPOT_WADALA-E,_BARKAT_ALI_DARGAH_BUS","INDIAN OIL DEPOT (WADALA-E), BARKAT ALI DARGAH",19.021014,72.863927,0,NULL
"CHEMBUR_NAKA,_SWAMI_VIVEKANAND_CHOWK_BUS","CHEMBUR NAKA, SWAMI VIVEKANAND CHOWK",19.055664,72.895022,0,NULL
JAFRI_ENGLISH_SCHOOL_BUS,JAFRI ENGLISH SCHOOL,19.067669,72.92102300000001,0,NULL
SAMRAT_ASHOK_NAGAR_DEONAR_BUS,SAMRAT ASHOK NAGAR (DEONAR),19.055353,72.911202,0,NULL
GAWANPADA_MULUND-E_BUS,GAWANPADA (MULUND-E),19.172911,72.961414,0,NULL
MULLA_BAUG_BUS,MULLA BAUG,19.239292,72.97579500000001,0,NULL
KARMAVEER_DADASAHEB_GAIKWAD_NAGAR_ANTOP_HILL_BUS,KARMAVEER DADASAHEB GAIKWAD NAGAR (ANTOP HILL),19.037439,72.866046,0,NULL
SARDAR_NAGAR_NO4_GTB_NAGAR_BUS,SARDAR NAGAR NO.4 (GTB NAGAR),19.035253,72.867406,0,NULL
"SAMAJ_MANDIR_HALL_SION_KOLIWADA,_SARDAR_NAGAR_BUS","SAMAJ MANDIR HALL (SION KOLIWADA), SARDAR NAGAR",19.039725,72.867023,0,NULL
SEWREE_RAILWAY_PHATAK_BUS,SEWREE RAILWAY PHATAK,19.000637,72.85571400000001,0,NULL
SEWREE_RAILWAY_PHATAK_BUS,SEWREE RAILWAY PHATAK,19.000637,72.855467,0,NULL
LOKMANYA_TILAK_HOSPITAL_SION_BUS,LOKMANYA TILAK HOSPITAL (SION),19.035069,72.860462,0,NULL
BEST_RECEIVING_CENTRE__SION_BUS,BEST RECEIVING CENTRE ( SION),19.043459,72.872901,0,NULL
LOKMANYA_TILAK_HOSPITAL_SION_BUS,LOKMANYA TILAK HOSPITAL (SION),19.036252,72.860271,0,NULL
LOKMANYA_TILAK_HOSPITAL_SION_BUS,LOKMANYA TILAK HOSPITAL (SION),19.037237,72.860584,0,NULL
VJTICOLLEGE_BUS,V.J.T.I.COLLEGE,19.021922,72.856765,0,NULL
GANDHI_MARKET_KINGS_CIRCLE_BUS,GANDHI MARKET (KINGS CIRCLE),19.032267,72.858592,0,NULL
KANE_NAGAR_BUS,KANE NAGAR,19.029353,72.866544,0,NULL
CHOKSI_HOSPITAL_BUS,CHOKSI HOSPITAL,19.191937,72.84441200000001,0,NULL
IJMIMA_BUS,IJMIMA,19.184142,72.83371200000001,0,NULL
MALAD_DEPOT_BUS,MALAD DEPOT,19.18427,72.83511900000001,0,NULL
"DHOLEDEV_MANDIR,_VASARI_TEKDI_NO2_BUS","DHOLEDEV MANDIR, VASARI TEKDI NO.2",19.173793,72.83978500000001,0,NULL
"DHOLEDEV_MANDIR,_VASARI_TEKDI_NO2_BUS","DHOLEDEV MANDIR, VASARI TEKDI NO.2",19.173902,72.839985,0,NULL
INDUSTRIAL_ESTATE_MALAD-W_BUS,INDUSTRIAL ESTATE (MALAD-W),19.185882,72.84175399999999,0,NULL
NAVY_NAGAR_MALAD-W_BUS,NAVY NAGAR (MALAD-W),19.187316,72.838615,0,NULL
CHINCHVALI_BUNDER_ROAD_BUS,CHINCHVALI BUNDER ROAD,19.178895,72.83676800000001,0,NULL
CHINCHVALI_BUNDER_ROAD_BUS,CHINCHVALI BUNDER ROAD,19.180386,72.836405,0,NULL
MALAD_DEPOT_BUS,MALAD DEPOT,19.184667,72.83566999999999,0,NULL
D_MART_SHOPPING_CENTRE-MALAD-W_BUS,D MART SHOPPING CENTRE-MALAD-W,19.186809,72.835706,0,NULL
KACHPADA_BUS,KACHPADA,19.189564,72.83537099999999,0,NULL
EVERSHINE_NAGAR_MALAD-W_BUS,EVERSHINE NAGAR (MALAD-W),19.193529,72.834256,0,NULL
MAHALAXMI_STATION_BUS,MAHALAXMI STATION,18.983253,72.824168,0,NULL
"NEHRU_PLANETARIUM,_NSCI_WORLI_BUS","NEHRU PLANETARIUM, N.S.C.I (WORLI)",18.98694,72.814194,0,NULL
KANDIVALI_STATION_W_BUS,KANDIVALI STATION (W),19.205419,72.850337,0,NULL
CHARKOP_SECTOR_2_BUS,CHARKOP SECTOR 2,19.215538,72.82443499999999,0,NULL
RAM_MANDIR_BORIVALI_-W_BUS,RAM MANDIR (BORIVALI -W),19.219059,72.84796900000001,0,NULL
SAIBABA_MANDIR_KANDIVALI-W_BUS,SAIBABA MANDIR (KANDIVALI-W),19.21717,72.847362,0,NULL
SHIMPAVALI_NAKA_BUS,SHIMPAVALI NAKA,19.223335,72.85334899999999,0,NULL
CHAKALA_CIGARETTE_FACTORY_BUS,CHAKALA CIGARETTE FACTORY,19.106646,72.85906900000001,0,NULL
"VILE_PARLE_STATION_E,_DINANATH_NATYAGRUH_BUS","VILE PARLE STATION (E), DINANATH NATYAGRUH",19.100891,72.84460900000001,0,NULL
JBNAGAR_ANDHERI-E_BUS,J.B.NAGAR (ANDHERI-E),19.111827,72.868931,0,NULL
MAROL_PIPELINE_BUS,MAROL PIPELINE,19.110402,72.873018,0,NULL
MITTAL_ESTATE_MAROL_BUS,MITTAL ESTATE (MAROL),19.10747,72.88334999999999,0,NULL
MALAD_STATION_W_BUS,MALAD STATION (W),19.188749,72.8472,0,NULL
BALLARD_PIER_BUS,BALLARD PIER,18.933911,72.842237,0,NULL
CHHATRAPATI_SHIVAJI_MAHARAJ_TERMINUSCSMT_BUS,CHHATRAPATI SHIVAJI MAHARAJ TERMINUS(CSMT),18.939083,72.835616,0,NULL
CHAKALA_MARKET_BUS,CHAKALA MARKET,18.949499,72.83463999999999,0,NULL
DR_SHYAMAPRASAD_MUKHERJEE_CHOWKMUSEUM_BUS,DR. SHYAMAPRASAD MUKHERJEE CHOWK(MUSEUM),18.926414,72.83129700000001,0,NULL
FIRE_BRIGADE_BUS,FIRE BRIGADE,18.947027,72.840073,0,NULL
KHADI_BHANDAR_BUS,KHADI BHANDAR,18.936571,72.83400399999999,0,NULL
HUTATMA_CHOWK_BUS,HUTATMA CHOWK,18.929965,72.831351,0,NULL
OLD_CUSTOM_HOUSE_BUS,OLD CUSTOM HOUSE,18.930284,72.835195,0,NULL
RAILWAY_ACCIDENT_COURT_BUS,RAILWAY ACCIDENT COURT,18.943946,72.839439,0,NULL
VASUDEO_BALWANT_PHADKE_CHOWK_DHOBI_TALAO_BUS,VASUDEO BALWANT PHADKE CHOWK (DHOBI TALAO),18.944536,72.83011500000001,0,NULL
ZAKERIA_MASJID_BUS,ZAKERIA MASJID,18.952182,72.83435299999999,0,NULL
600_TENAMENT_GATE_BUS,600 TENAMENT GATE,19.053358,72.919335,0,NULL
ACHARYA_MARATHE_COLLEGE_BUS,ACHARYA MARATHE COLLEGE,19.058469,72.90809400000001,0,NULL
ANNABHAU_SATHE_NAGAR_MANKHURD_BUS,ANNABHAU SATHE NAGAR (MANKHURD),19.056206,72.930013,0,NULL
ASSISI_NAGAR_CHEMBUR-W_BUS,ASSISI NAGAR (CHEMBUR-W),19.060548,72.91217899999999,0,NULL
BMCCOMPOST_PLANT_BUS,B.M.C.COMPOST PLANT,19.057416,72.927685,0,NULL
"10TH_ROAD,_CHEMBUR_CHURCH_BUS","10TH ROAD, CHEMBUR CHURCH",19.056416,72.90055099999999,0,NULL
"KRISHNA_BAUG,_FINE_ARTS_SOCIETY_CHEMBUR_BUS","KRISHNA BAUG, FINE ARTS SOCIETY (CHEMBUR)",19.059947,72.89671199999999,0,NULL
"DRAMBEDKAR_UDYAN,_CHEMBUR_STATION_BUS","DR.AMBEDKAR UDYAN, CHEMBUR STATION",19.062342,72.900283,0,NULL
DEONAR_MUNICIPAL_COLONY_BUS,DEONAR MUNICIPAL COLONY,19.05494,72.924066,0,NULL
DEONAR_POLICE_STATION_BUS,DEONAR POLICE STATION,19.0583,72.91784199999999,0,NULL
DEONAR_POLICE_STATION_BUS,DEONAR POLICE STATION,19.058815,72.91753799999999,0,NULL
"DRAMBEDKAR_UDYAN,_CHEMBUR_BUS","DR.AMBEDKAR UDYAN, CHEMBUR",19.060057,72.90124400000001,0,NULL
"DRAMBEDKAR_UDYAN,_CHEMBUR_BUS","DR.AMBEDKAR UDYAN, CHEMBUR",19.059009,72.90057899999999,0,NULL
NATIONAL_DAIRY_BUS,NATIONAL DAIRY,19.191451,72.83383000000001,0,NULL
MALAD_STATION_W_BUS,MALAD STATION (W),19.188351,72.846621,0,NULL
RANI_SATI_NAGAR_MALAD-W_BUS,RANI SATI NAGAR (MALAD-W),19.179715,72.846997,0,NULL
SARVODAYA_BALIKA_VIDYALAYA_MALAD-W_BUS,SARVODAYA BALIKA VIDYALAYA (MALAD-W),19.176643,72.84582,0,NULL
MALAD_STATION_W_BUS,MALAD STATION (W),19.189093,72.84806500000001,0,NULL
SARDAR_CHOWK_BUS,SARDAR CHOWK,19.185114,72.842021,0,NULL
PARADIGM-_B_BUS,PARADIGM- B,19.180455,72.831737,0,NULL
MADINA_MANZIL_MALAD-W_BUS,MADINA MANZIL (MALAD-W),19.17378,72.847334,0,NULL
TOLANI_NAKA_BUS,TOLANI NAKA,19.12955,72.86554700000001,0,NULL
SUBHASH_NAGAR_BUS,SUBHASH NAGAR,19.13611,72.851371,0,NULL
BHAGWATI_HOSPITAL_BUS,BHAGWATI HOSPITAL,19.23957,72.85468899999999,0,NULL
BORIVALI_W_STATION_BUS,BORIVALI (W) STATION,19.230817,72.855941,0,NULL
BORIVALI_W_STATION_BUS,BORIVALI (W) STATION,19.228684,72.85513400000001,0,NULL
"MAROLNAKA,_MATA_RAMABAI_AMBEDKAR_CHOWK_BUS","MAROLNAKA, MATA RAMABAI AMBEDKAR CHOWK",19.108517,72.88090699999999,0,NULL
SHREE_PARLESHWAR_SOCIETY_BUS,SHREE PARLESHWAR SOCIETY,19.105834,72.84678099999999,0,NULL
"VISHAL_HALL,_PRAKASH_STUDIO_BUS","VISHAL HALL, PRAKASH STUDIO",19.118512,72.852086,0,NULL
ANUSHAKTI_NAGAR_BUS,ANUSHAKTI NAGAR,19.042925,72.92613,0,NULL
APNA_BAZAR_VASHI_BUS,APNA BAZAR (VASHI),19.06981,72.99735699999999,0,NULL
CHILDRENS_HOME_BUS,CHILDRENS HOME,19.042881,72.928524,0,NULL
JUI_NAGAR_RAILWAY_STATION_BUS,JUI NAGAR RAILWAY STATION,19.055387,73.015957,0,NULL
KHARGHAR_RAILWAY_STATION_SUBWAY_BUS,KHARGHAR RAILWAY STATION (SUBWAY),19.027382,73.05781899999999,0,NULL
MAHARASHTRA_STATE_CO-OPERATIVE_BANK_BUS,MAHARASHTRA STATE CO-OPERATIVE BANK,19.070162,73.00235499999999,0,NULL
TURBHE_POLICE_STATION_BUS,TURBHE POLICE STATION,19.062198,73.01899,0,NULL
KAMOTHE_JUNCTION_BUS,KAMOTHE JUNCTION,19.023634,73.09830100000001,0,NULL
"SIDDHESHWAR_SOCIETY,_GHARONDA_BUS","SIDDHESHWAR SOCIETY, GHARONDA",19.118748,72.99953499999999,0,NULL
DADAR_FIRE_BRIGADE_BUS,DADAR FIRE BRIGADE,19.014182,72.845248,0,NULL
KHODADAD_CIRCLE_DADAR_TT_BUS,KHODADAD CIRCLE (DADAR TT),19.017119,72.847421,0,NULL
JACKERIA_BUNDER_BUS,JACKERIA BUNDER,18.990324,72.847981,0,NULL
JIJAMATA_UDYAN_BYCULLA_BUS,JIJAMATA UDYAN (BYCULLA),18.98139,72.834692,0,NULL
AMBEWADI_KALCHOWKY_BUS,AMBEWADI (KALCHOWKY),18.990447,72.84138,0,NULL
SANT_JAGNADE_CHOWK_LALBAUG_BUS,SANT JAGNADE CHOWK (LALBAUG),18.992296,72.836573,0,NULL
MADKEBUWA_CHOWK_PAREL_BUS,MADKEBUWA CHOWK (PAREL),19.004883,72.84038200000001,0,NULL
"MUSTAFA_BAZAR,_SAVLYA_TANDEL_CHOWK_BUS","MUSTAFA BAZAR, SAVLYA TANDEL CHOWK",18.976236,72.840963,0,NULL
MADKEBUWA_CHOWK_PAREL_BUS,MADKEBUWA CHOWK (PAREL),19.002686,72.83857,0,NULL
REAY_ROAD_STATION_BUS,REAY ROAD STATION,18.97622,72.844553,0,NULL
RUIA_COLLEGE_MATUNGA-E_BUS,RUIA COLLEGE (MATUNGA-E),19.021738,72.851493,0,NULL
SHANTARAM_PUJARE_CHOWK_KALA_CHOWKY_BUS,SHANTARAM PUJARE CHOWK (KALA CHOWKY),18.987416,72.835532,0,NULL
"DRAMBEDKAR_UDYAN,_CHEMBUR_BUS","DR.AMBEDKAR UDYAN, CHEMBUR",19.058747,72.90057899999999,0,NULL
"DRAMBEDKAR_UDYAN,_CHEMBUR_STATION_BUS","DR.AMBEDKAR UDYAN, CHEMBUR STATION",19.061909,72.90127099999999,0,NULL
DUKES_COMPANY_DEONAR_BUS,DUKES COMPANY (DEONAR),19.04715,72.909513,0,NULL
DNYANSAMPADA_HIGH_SCHOOL_BUS,DNYANSAMPADA HIGH SCHOOL,19.060586,72.920616,0,NULL
DEONAR_FIRE_BRIGADE_COLONY_BUS,DEONAR FIRE BRIGADE COLONY,19.055753,72.92207999999999,0,NULL
INDIAN_OIL_NAGAR_GOVANDI_BUS,INDIAN OIL NAGAR (GOVANDI),19.063592,72.912435,0,NULL
INDIAN_OIL_NAGAR_GOVANDI_BUS,INDIAN OIL NAGAR (GOVANDI),19.063755,72.913014,0,NULL
JIJAMATA_BHOSLE_MARG_JUNCTION_CHEMBUR_BUS,JIJAMATA BHOSLE MARG JUNCTION (CHEMBUR),19.070114,72.908547,0,NULL
MHADA_COLONY_SHIVAJI_NAGAR_BUS,MHADA COLONY (SHIVAJI NAGAR),19.063114,72.91545600000001,0,NULL
NARAYAN_GURU_HIGH_SCHOOL_CHEMBUR-W_BUS,NARAYAN GURU HIGH SCHOOL (CHEMBUR-W),19.061044,72.90857800000001,0,NULL
NEW_GAUTAM_NAGAR_GOVANDI_BUS,NEW GAUTAM NAGAR (GOVANDI),19.06091,72.91597,0,NULL
NEW_GAUTAM_NAGAR_GOVANDI_BUS,NEW GAUTAM NAGAR (GOVANDI),19.060983,72.916065,0,NULL
CITIZEN_BANK_BUS,CITIZEN BANK,19.24684,72.850319,0,NULL
MANSI_PLAZA_BUS,MANSI PLAZA,19.244976,72.846373,0,NULL
MUNICIPAL_GARDEN_BORIVALI_-W_BUS,MUNICIPAL GARDEN (BORIVALI -W),19.238122,72.849811,0,NULL
PEPSI_GARDEN_BUS,PEPSI GARDEN,19.229774,72.823339,0,NULL
SHIMPAVALI_TELEPHONE_EXCHANGE_BUS,SHIMPAVALI TELEPHONE EXCHANGE,19.223941,72.840186,0,NULL
YOGI_HOTEL_BORIVALI_-W_BUS,YOGI HOTEL (BORIVALI -W),19.235074,72.84398299999999,0,NULL
SHIVSHAKTI_SOCIETY_BUS,SHIVSHAKTI SOCIETY,19.261449,72.85223999999999,0,NULL
ANTOP_HILL_POLICE_STATION_BUS,ANTOP HILL POLICE STATION,19.031737,72.864054,0,NULL
IBP_COMPANY_SEWREE_BUS,I.B.P COMPANY (SEWREE),19.00435,72.855836,0,NULL
KHALSA_COLLEGE_MATUNGA-E_BUS,KHALSA COLLEGE (MATUNGA-E),19.024786,72.857381,0,NULL
RAWLI_CAMP_BUS,RAWLI CAMP,19.036663,72.869039,0,NULL
KARMAVEER_DADASAHEB_GAIKWAD_NAGAR_ANTOP_HILL_BUS,KARMAVEER DADASAHEB GAIKWAD NAGAR (ANTOP HILL),19.037421,72.866587,0,NULL
HIRANANDANI_COMPLEX_JUNCTION_KHARGHAR_BUS,HIRANANDANI COMPLEX JUNCTION (KHARGHAR),19.03316,73.06509,0,NULL
BHANDUP_PEOPLES_SCHOOL_BUS,BHANDUP PEOPLES SCHOOL,19.140024,72.92561600000001,0,NULL
DRKBHEDGEWAR_CHOWK_BHANDUP_SONAPUR_BUS,DR.K.B.HEDGEWAR CHOWK BHANDUP SONAPUR,19.161418,72.937752,0,NULL
GELDA_NAGAR_BUS,GELDA NAGAR,19.097379,72.907816,0,NULL
HUMA_CINEMA_KANJURMARG-W_BUS,HUMA CINEMA (KANJURMARG-W),19.129219,72.92577,0,NULL
VIKHROLI_DEPOT_BUS,VIKHROLI DEPOT,19.102847,72.919484,0,NULL
KAMRAJ_NAGAR_GHATKOPAR-E_BUS,KAMRAJ NAGAR (GHATKOPAR-E),19.073195,72.909306,0,NULL
GHATKOPAR_STATION_E_BUS,GHATKOPAR STATION (E),19.083899,72.90572,0,NULL
RAJAWADI_HOSPITAL_BUS,RAJAWADI HOSPITAL,19.079644,72.903954,0,NULL
VALLABH_PARK_BUS,VALLABH PARK,19.077912,72.912288,0,NULL
VIKHROLI_VILLAGE_BUS,VIKHROLI VILLAGE,19.104196,72.930442,0,NULL
BABULNATH_JUNCTION_BUS,BABULNATH JUNCTION,18.96015,72.809355,0,NULL
BEST_POWER_HOUSE_KUSSARA_BUS,BEST POWER HOUSE (KUSSARA),18.96902,72.845251,0,NULL
WADALA_BUS_DEPOT_BUS,WADALA BUS DEPOT,19.014729,72.852704,0,NULL
SEWREE_STORE_BUS,SEWREE STORE,18.987484,72.856786,0,NULL
RAMBHAU_BHOGALE_MUNICIPAL_SCHOOL_BUS,RAMBHAU BHOGALE MUNICIPAL SCHOOL,18.982469,72.84082600000001,0,NULL
MADKEBUWA_CHOWK_PAREL_BUS,MADKEBUWA CHOWK (PAREL),19.006102,72.84021,0,NULL
AHANSARI_CHOWK_NAGPADA_BUS,A.H.ANSARI CHOWK (NAGPADA),18.9707,72.83150000000001,0,NULL
NEW_AGRIPADA_BUS,NEW AGRIPADA,18.976272,72.827336,0,NULL
AUGUST_KRANTI_MAIDAN_BUS,AUGUST KRANTI MAIDAN,18.96278,72.810749,0,NULL
CUMBALA_HILL_POST_OFFICE_BUS,CUMBALA HILL POST OFFICE,18.969807,72.80935599999999,0,NULL
JMEHTA_MARG_NAPEAN_SEA_ROAD_BUS,J.MEHTA MARG (NAPEAN SEA ROAD),18.95077,72.79606,0,NULL
INSPECTOR_KAKLIS_CHOWK_BUS,INSPECTOR KAKLIS CHOWK,18.964032,72.843953,0,NULL
ALANKAR_CINEMA_BUS,ALANKAR CINEMA,18.958059,72.82740800000001,0,NULL
RAILWAY_SANKALP_COLONY_MANKHURD_BUS,RAILWAY SANKALP COLONY (MANKHURD),19.055222,72.93313000000001,0,NULL
RAILWAY_SANKALP_COLONY_MANKHURD_BUS,RAILWAY SANKALP COLONY (MANKHURD),19.055457,72.93346200000001,0,NULL
"SAIBABA_MANDIR_GOVANDI,_KOKAN_BANK_BUS","SAIBABA MANDIR (GOVANDI), KOKAN BANK",19.065085,72.919674,0,NULL
SHIVAJI_NAGAR_BUS_STATION_BUS,SHIVAJI NAGAR BUS STATION,19.066089,72.928957,0,NULL
SHIVAJI_NAGAR_BUS_STATION_BUS,SHIVAJI NAGAR BUS STATION,19.066207,72.927893,0,NULL
SHIVAJI_NAGAR_JUNCTION_GOVANDI_BUS,SHIVAJI NAGAR JUNCTION (GOVANDI),19.062537,72.918373,0,NULL
SHIVAJI_NAGAR_JUNCTION_GOVANDI_BUS,SHIVAJI NAGAR JUNCTION (GOVANDI),19.062401,72.916663,0,NULL
SHIVAJI_NAGAR_JUNCTION_GOVANDI_BUS,SHIVAJI NAGAR JUNCTION (GOVANDI),19.062419,72.917252,0,NULL
SHIVAJI_NAGAR_JUNCTION_GOVANDI_BUS,SHIVAJI NAGAR JUNCTION (GOVANDI),19.061796,72.919076,0,NULL
SHIVAJI_NAGAR_GOVANDI_TERMINUS_BUS,SHIVAJI NAGAR (GOVANDI) TERMINUS,19.060623,72.925404,0,NULL
SUBHASH_NAGAR_CHEMBUR-E_BUS,SUBHASH NAGAR (CHEMBUR-E),19.060175,72.904911,0,NULL
"KRISHNA_BAUG,_FINE_ARTS_SOCIETY_CHEMBUR_BUS","KRISHNA BAUG, FINE ARTS SOCIETY (CHEMBUR)",19.061727,72.897661,0,NULL
AGARWAL_MUNICIPAL_HOSPITAL_BUS,AGARWAL MUNICIPAL HOSPITAL,19.178566,72.945802,0,NULL
AIROLI_SECTOR_10_BUS,AIROLI SECTOR 10,19.149167,72.990236,0,NULL
ANAND_NAGAR_GHODBUNDER_ROAD_BUS,ANAND NAGAR (GHODBUNDER ROAD),19.264705,72.96771200000001,0,NULL
BHANDUP_PUMPING_CENTRE_BUS,BHANDUP PUMPING CENTRE,19.154364,72.958001,0,NULL
BRAHMAND_PHASE-5_BUS,BRAHMAND PHASE-5,19.244856,72.983481,0,NULL
BRAHMAND_PHASE-6_BUS,BRAHMAND PHASE-6,19.246573,72.984689,0,NULL
GHANSOLI_RAILWAY_STATION_BUS,GHANSOLI RAILWAY STATION,19.116316,73.00787,0,NULL
HANUMAN_CHOWK_MULUND-E_BUS,HANUMAN CHOWK (MULUND-E),19.169379,72.959408,0,NULL
KASARVADAVALI_BUS,KASARVADAVALI,19.269331,72.96538200000001,0,NULL
KHEDEKAR_WADI_BUS,KHEDEKAR WADI,19.166705,72.954474,0,NULL
MADHANI_CIRCLE_BUS,MADHANI CIRCLE,19.257566,72.97821,0,NULL
MAHATMA_JYOTIBA_PHULE_CHOWK_MULUND-W_BUS,MAHATMA JYOTIBA PHULE CHOWK (MULUND-W),19.173063,72.93467,0,NULL
AMAR_MAHAL_BUS,AMAR MAHAL,19.066119,72.900586,0,NULL
DAVA_BAZAR_KALBADEVI_BUS,DAVA BAZAR (KALBADEVI),18.946252,72.829268,0,NULL
CHOWPATTY_BAND_STAND_BUS,CHOWPATTY BAND STAND,18.955768,72.809151,0,NULL
AHILYABAI_HOLKAR_CHOWK_CHURCHGATE_BUS,AHILYABAI HOLKAR CHOWK (CHURCHGATE),18.932121,72.827533,0,NULL
GAIWADI_BUS,GAIWADI,18.953916,72.82042300000001,0,NULL
HUTATMA_CHOWK_BUS,HUTATMA CHOWK,18.929467,72.829633,0,NULL
HUTATMA_CHOWK_BUS,HUTATMA CHOWK,18.929431,72.82968,0,NULL
ARIHANT_INDUSTRIAL_ESTATE_BUS,ARIHANT INDUSTRIAL ESTATE,19.1494667,72.8476833,0,NULL
NEW_SIDDHARTH_NAGAR_GOREGAON-W_BUS,NEW SIDDHARTH NAGAR (GOREGAON-W),19.1598667,72.8378833,0,NULL
JAIN_MANDIR_GOREGAON-W_BUS,JAIN MANDIR (GOREGAON-W),19.16004,72.848636,0,NULL
JOGESHWARI_TELEPHONE_EXCHANGE_BUS,JOGESHWARI TELEPHONE EXCHANGE,19.14093,72.84326900000001,0,NULL
GANDHI_NAGAR_KANJURMARG_BUS,GANDHI NAGAR (KANJURMARG),19.058641,72.84765899999999,0,NULL
MUMBAI_CENTRAL_DEPOT_BUS,MUMBAI CENTRAL DEPOT,18.968283,72.82362000000001,0,NULL
CAFE_PARADISE_BUS,CAFE PARADISE,18.961783,72.830766,0,NULL
PTPALUSKAR_CHOWK_OPERA_HOUSE-_MARWADI_VIDYALAYA_BUS,PT.PALUSKAR CHOWK (OPERA HOUSE)- MARWADI VIDYALAYA,18.9575,72.81778,0,NULL
SHUKLAJI_STREET_BUS,SHUKLAJI STREET,18.966124,72.82439100000001,0,NULL
STMARY_S_HIGH_SCHOOL_MAZGAON_BUS,ST.MARY S HIGH SCHOOL (MAZGAON),18.969899,72.835156,0,NULL
VATSALABAI_DESAI_CHOWK_HAJI_ALI_BUS,VATSALABAI DESAI CHOWK (HAJI ALI),18.977036,72.811553,0,NULL
VASANTRAO_NAIK_CHOWK_TARDEO_BUS,VASANTRAO NAIK CHOWK (TARDEO),18.969803,72.815054,0,NULL
NANA_CHOWK_BUS,NANA CHOWK,18.961336,72.81340899999999,0,NULL
DAULAT_NAGAR_SANTACRUZ-W_BUS,DAULAT NAGAR (SANTACRUZ-W),19.089691,72.833232,0,NULL
JUHU_BUS_STATION_BUS,JUHU BUS STATION,19.106661,72.82691800000001,0,NULL
JUHU_HOTEL_BUS,JUHU HOTEL,19.103445,72.82687300000001,0,NULL
JVPDBUS_STATION_BUS,J.V.P.D.BUS STATION,19.116113,72.82922000000001,0,NULL
SHRAWAN_YASHWANTE_CHOWK_KALA_CHOWKY_BUS,SHRAWAN YASHWANTE CHOWK (KALA CHOWKY),18.98808,72.841971,0,NULL
ABHINAV_SCHOOL_BUS,ABHINAV SCHOOL,19.302954,72.857951,0,NULL
KELKAR_COLLEGE_BUS,KELKAR COLLEGE,19.162919,72.956632,0,NULL
CHHATRAPATI_SHIVAJI_MAHARAJ_TERMINUSCSMT_BUS,CHHATRAPATI SHIVAJI MAHARAJ TERMINUS(CSMT),18.941856,72.83458899999999,0,NULL
OBEROI_WOODS_GOREGAON-E_BUS,OBEROI WOODS (GOREGAON-E),19.169164,72.864536,0,NULL
VINAY_HIGH_SCHOOL_BUS,VINAY HIGH SCHOOL,19.031075,72.900446,0,NULL
CANOSSA_SCHOOL_ANDHERI-E_BUS,CANOSSA SCHOOL (ANDHERI-E),19.125169,72.865264,0,NULL
CHHATRAPATI_SHIVAJI_MAHARAJ_TERMINUSCSMT_BUS,CHHATRAPATI SHIVAJI MAHARAJ TERMINUS(CSMT),18.9397,72.83838799999999,0,NULL
AHILYABAI_HOLKAR_CHOWK_CHURCHGATE_BUS,AHILYABAI HOLKAR CHOWK (CHURCHGATE),18.93149,72.828293,0,NULL
MAHIM_BUS,MAHIM,19.041417,72.840897,0,NULL
NAGRI_NIWARA_PLOT_NO5_BUS,NAGRI NIWARA PLOT NO.5,19.176137,72.879886,0,NULL
AMRUT_ANGAN_BUS,AMRUT ANGAN,19.208976,73.01308899999999,0,NULL
NENSEY_COLONY_BUS,NENSEY COLONY,19.238401,72.864581,0,NULL
DRSUCHAK_CHOWK_BUS,DR.SUCHAK CHOWK,19.187767,72.85080499999999,0,NULL
SOMPURI_MARKET_BUS,SOMPURI MARKET,19.081038,72.838672,0,NULL
RAMESHWAR_MANDIR_BORIVALI_-E_BUS,RAMESHWAR MANDIR (BORIVALI -E),19.244285,72.870104,0,NULL
TOBACCO_COMPANY_BUS,TOBACCO COMPANY,19.050008,72.82654599999999,0,NULL
BANDRA_POLICE_STATION_BUS,BANDRA POLICE STATION,19.055552,72.83573800000001,0,NULL
DANA_BAZAR_BUS,DANA BAZAR,19.083585,73.008431,0,NULL
WADALA_FLYOVER_BRIDGE_BUS,WADALA FLYOVER BRIDGE,19.018519,72.86239,0,NULL
VIKHROLI_STATION_ROAD_E_BUS,VIKHROLI STATION ROAD (E),19.10949,72.931315,0,NULL
KURLA_STATION_W_BUS,KURLA STATION (W),19.067727,72.87896000000001,0,NULL
MANTRALAYA_BUS,MANTRALAYA,18.928614,72.824412,0,NULL
BABASAHEB_WORLIKAR_CHOWK_CENTURY_BAZAAR_BUS,BABASAHEB WORLIKAR CHOWK (CENTURY BAZAAR),19.012595,72.822681,0,NULL
SHIVAR_GARDEN_BUS,SHIVAR GARDEN,19.288431,72.86570399999999,0,NULL
CHARKOP_VILLAGE_BUS,CHARKOP VILLAGE,19.208886,72.821017,0,NULL
BAYER_HOUSE_BUS,BAYER HOUSE,19.118565,72.912752,0,NULL
"CBDBELAPUR,_KONKAN_BHAVAN_BUS","C.B.D.BELAPUR, KONKAN BHAVAN",19.024337,73.040871,0,NULL
MAFATLAL_MILL_BUS,MAFATLAL MILL,18.979813,72.840847,0,NULL
VIJAY_NAGAR_MAROL_MAROSHI_BUS,VIJAY NAGAR (MAROL MAROSHI),19.121725,72.879932,0,NULL
DOCKYARD_ROAD_RAILWAY_STATION_BUS,DOCKYARD ROAD RAILWAY STATION,18.966345,72.84438900000001,0,NULL
MULUND_DEPOT_BUS,MULUND DEPOT,19.175765,72.94622099999999,0,NULL
BSES_SUB-STATION_SWAMI_SAMARTH_NAGAR_BUS,B.S.E.S SUB-STATION (SWAMI SAMARTH NAGAR),19.134566,72.82529,0,NULL
MAHATMA_PHULE_MARKET_CRAWFORD_MARKET_BUS,MAHATMA PHULE MARKET (CRAWFORD MARKET),18.945199,72.83405399999999,0,NULL
MAHATMA_PHULE_MARKET_CRAWFORD_MARKET_BUS,MAHATMA PHULE MARKET (CRAWFORD MARKET),18.943889,72.834492,0,NULL
DOCKYARD_ROAD_RAILWAY_STATION_BUS,DOCKYARD ROAD RAILWAY STATION,18.968405,72.843542,0,NULL
HIGHLAND_GARDEN_BUS,HIGHLAND GARDEN,19.146033,72.828836,0,NULL
SIR_ALIYAWAR_JUNG_INSTITUTEBANDRA-W_BUS,SIR ALIYAWAR JUNG INSTITUTE(BANDRA-W),19.052236,72.83423000000001,0,NULL
POWAI_CHOWK_MULUND-W_BUS,POWAI CHOWK (MULUND-W),19.1726833,72.9359,0,NULL
JAMBLI_MOHALLA_BUS,JAMBLI MOHALLA,18.955982,72.829622,0,NULL
KOKANIPADA_EXTENSION_BORIVALI_-E_BUS,KOKANIPADA (EXTENSION) (BORIVALI -E),19.245984,72.872462,0,NULL
AGAR_BAZAR_BUS,AGAR BAZAR,19.018619,72.833552,0,NULL
SHRAWAN_YASHWANTE_CHOWK_KALA_CHOWKY_BUS,SHRAWAN YASHWANTE CHOWK (KALA CHOWKY),18.987384,72.841582,0,NULL
SRA_COLONY_MANKHURD_LALLUBHAI_COMPOUND_BUS,S.R.A COLONY MANKHURD (LALLUBHAI COMPOUND),19.04981,72.92680300000001,0,NULL
SANTACRUZ_STATION_W_BUS,SANTACRUZ STATION (W),19.08209,72.841281,0,NULL
JAMA_MASJID_MIRA_ROAD_BUS,JAMA MASJID (MIRA ROAD),19.28466,72.857524,0,NULL
EKTA_NAGAR_KANDIVALI-W_BUS,EKTA NAGAR (KANDIVALI-W),19.213478,72.836989,0,NULL
DAHISAR_BRIDGE_LINK_ROAD_BUS,DAHISAR BRIDGE (LINK ROAD),19.25832,72.853774,0,NULL
WADALA_MONORAIL_STATION_ROAD_BUS,WADALA MONORAIL STATION ROAD,19.036828,72.873465,0,NULL
VEER_HUTATMA_BHAI_KOTWAL_UDYAN_PLAZA_BUS,VEER HUTATMA BHAI KOTWAL UDYAN (PLAZA),19.021688,72.84228899999999,0,NULL
MANISHA_NAGAR_KALWA_BUS,MANISHA NAGAR (KALWA),19.197093,72.99181400000001,0,NULL
VIDYA_VIHAR_BUS_STATION_W_BUS,VIDYA VIHAR BUS STATION (W),19.080174,72.89625700000001,0,NULL
MILITARY_CAMP_KALINA_BUS,MILITARY CAMP (KALINA),19.082018,72.858096,0,NULL
ASHOK_VAN_BUS,ASHOK VAN,19.242214,72.86700500000001,0,NULL
DEONAR_MUNICIPAL_COLONY_BUS,DEONAR MUNICIPAL COLONY,19.054561,72.924342,0,NULL
MAHALAXMI_STATION_BUS,MAHALAXMI STATION,18.982106,72.82461499999999,0,NULL
IMPERIAL_SQUARE_SOCIETY_BUS,IMPERIAL SQUARE SOCIETY,19.284444,72.94762,0,NULL
AIR_INDIA_QUARTERS_BUS,AIR INDIA QUARTERS,19.081401,72.86999299999999,0,NULL
"HINDUSTAN_NAKA,_CCHARANSINGH_CHOWK_BUS","HINDUSTAN NAKA, C.CHARANSINGH CHOWK",19.207402,72.830004,0,NULL
SION_KOLIWADA_BUS,SION KOLIWADA,19.039932,72.864705,0,NULL
VASHI_SECTOR_29_BUS,VASHI SECTOR 29,19.089377,73.004783,0,NULL
INDIRA_NAGAR_SEWREE_BUS,INDIRA NAGAR (SEWREE),18.992614,72.854732,0,NULL
INDIAN_OIL_NAGAR_ANDHERI-W_BUS,INDIAN OIL NAGAR (ANDHERI-W),19.129376,72.831453,0,NULL
HUTATMA_CHOWK_BUS,HUTATMA CHOWK,18.933397,72.830133,0,NULL
URAN_PHATA_BUS,URAN PHATA,19.03342,73.029809,0,NULL
BHAYANDER_POLICE_STATION_BUS,BHAYANDER POLICE STATION,19.300409,72.846953,0,NULL
RTOGHATKOPAR-E_BUS,R.T.O.(GHATKOPAR-E),19.073268,72.910484,0,NULL
DEONAR_FIRE_BRIGADE_COLONY_BUS,DEONAR FIRE BRIGADE COLONY,19.055726,72.922175,0,NULL
AHILYABAI_HOLKAR_CHOWK_CHURCHGATE_BUS,AHILYABAI HOLKAR CHOWK (CHURCHGATE),18.932827,72.828928,0,NULL
"DRDATTA_SAMANT_CHOWK,_SAKI_NAKA_BUS","DR.DATTA SAMANT CHOWK, SAKI NAKA",19.102864,72.885738,0,NULL
GOMANT_NAGAR_DAHISAR-W_BUS,GOMANT NAGAR (DAHISAR-W),19.243367,72.85896700000001,0,NULL
SHIVRAM_SOCIETY_BUS,SHIVRAM SOCIETY,19.175684,72.94434800000001,0,NULL
PRABODHANKAR_THACKERAY_CHOWK_DADAR-W_BUS,PRABODHANKAR THACKERAY CHOWK (DADAR-W),19.019669,72.836382,0,NULL
"KHEDGALLI,_SIDDHIVINAYAK_MANDIR_PRABHADEVI_BUS","KHEDGALLI, SIDDHIVINAYAK MANDIR (PRABHADEVI)",19.013912,72.83329000000001,0,NULL
AFGHAN_CHURCH_BUS,AFGHAN CHURCH,18.907188,72.81697800000001,0,NULL
"CARDINAL_GRACIAS_SCHOOL,_TEACHER_S_COLONY_BUS","CARDINAL GRACIAS SCHOOL, TEACHER S COLONY",19.068216,72.846959,0,NULL
VANICHA_PADA_BUS,VANICHA PADA,19.150058,72.872899,0,NULL
GATE_WAY_PLAZA_POWAI_BUS,GATE WAY PLAZA (POWAI),19.1232,72.912864,0,NULL
"DUMPING_GROUND,_NIRANKARI_BHAVAN_BUS","DUMPING GROUND, NIRANKARI BHAVAN",19.067218,72.925774,0,NULL
BORIVALI_W_BUS_STATION_BUS,BORIVALI (W) BUS STATION,19.23191,72.85692899999999,0,NULL
REAY_ROAD_STATION_BUS,REAY ROAD STATION,18.976229,72.845417,0,NULL
NAHUR_STATION_E_BUS,NAHUR STATION (E),19.154337,72.94705,0,NULL
SWAPNA_NAGARI_YOGI_HILL_BUS,SWAPNA NAGARI (YOGI HILL),19.18275,72.94204999999999,0,NULL
MATUNGA_W_BUS,MATUNGA (W),19.03033,72.84763599999999,0,NULL
GRANT_ROAD_STATION_W_BUS,GRANT ROAD STATION (W),18.96291,72.815496,0,NULL
"ANAND_NAGAR,_KOPRI_BUS","ANAND NAGAR, KOPRI",19.178792,72.967527,0,NULL
"DEVIKA_NAGAR,_EKSAR_KOLIWADA_BUS","DEVIKA NAGAR, EKSAR KOLIWADA",19.239556,72.845901,0,NULL
DIVINE_CHILD_HIGH_SCHOOL_BUS,DIVINE CHILD HIGH SCHOOL,19.112882,72.864188,0,NULL
BANDRA_COLONY_BUS,BANDRA COLONY,19.062282,72.848246,0,NULL
RELIANCE_ENERGY_OFFICE_TILAK_NAGAR_CHEMBUR_BUS,RELIANCE ENERGY OFFICE (TILAK NAGAR CHEMBUR),19.066734,72.897271,0,NULL
NAWAB_TANK_MARG_BUS,NAWAB TANK MARG,18.965515,72.844769,0,NULL
"TARDEO_BUS_STATION,_RUSI_MEHTA_CHOWK_BUS","TARDEO BUS STATION, RUSI MEHTA CHOWK",18.964866,72.82087900000001,0,NULL
TRANSPORT_CORPORATION_BUS,TRANSPORT CORPORATION,19.269331,72.879166,0,NULL
MULUND_COLONY_BUS,MULUND COLONY,19.1746167,72.93716670000001,0,NULL
PERU_BAUG_BUS,PERU BAUG,19.166276,72.85293900000001,0,NULL
BRAHMAND_PHASE-6_BUS,BRAHMAND PHASE-6,19.246546,72.98466999999999,0,NULL
MAROL_PIPELINE_BUS,MAROL PIPELINE,19.110645,72.872049,0,NULL
NARAYAN_DABHOLKAR_MARG_BUS,NARAYAN DABHOLKAR MARG,18.950777,72.793688,0,NULL
CBD_BELAPUR_BUS_STATION_BUS,C.B.D. BELAPUR BUS STATION,19.025095,73.041613,0,NULL
GADDI_ADDA_BUS,GADDI ADDA,18.994836,72.85374299999999,0,NULL
"CHANDVALI_STUDIO,_PETROL_PUMP_BUS","CHANDVALI STUDIO, PETROL PUMP",19.114531,72.89696600000001,0,NULL
SHANTI_ASHRAM_JUNCTION_BUS,SHANTI ASHRAM JUNCTION,19.242466,72.845066,0,NULL
ASHOK_NAGAR_MAROL_MAROSHI_BUS,ASHOK NAGAR (MAROL MAROSHI),19.118529,72.885284,0,NULL
BALBHAVAN_BUS,BALBHAVAN,18.951429,72.817633,0,NULL
"AHANSARI_CHOWK,_NEW_NAGPADA_BUS","A.H.ANSARI CHOWK, NEW NAGPADA",18.967151,72.832832,0,NULL
MORE_MALL_BUS,MORE MALL,19.214699,72.83987,0,NULL
IRBCOMPLEX_POWAI_BUS,I.R.B.COMPLEX (POWAI),19.11353,72.900921,0,NULL
KHAR_TELEPHONE_EXCHANGE_BUS,KHAR TELEPHONE EXCHANGE,19.069473,72.833761,0,NULL
DURGA_PARMESHWARI_MANDIR_BUS,DURGA PARMESHWARI MANDIR,19.219293,72.83354199999999,0,NULL
DOORDARSHAN_WORLI_BUS,DOORDARSHAN (WORLI),19.007297,72.81840200000001,0,NULL
SHIVSENA_OFFICE_CHEMBUR-W_BUS,SHIVSENA OFFICE (CHEMBUR-W),19.061983,72.906012,0,NULL
VASUDEO_BALWANT_PHADKE_CHOWK_DHOBI_TALAO_BUS,VASUDEO BALWANT PHADKE CHOWK (DHOBI TALAO),18.942567,72.830658,0,NULL
RAMESH_HOTELMALAD-E_BUS,RAMESH HOTEL(MALAD-E),19.186834,72.862995,0,NULL
SANT_GADGE_MAHARAJ_CHOWK_SAATRASTA_BUS,SANT GADGE MAHARAJ CHOWK (SAATRASTA),18.98087,72.827646,0,NULL
CHHATRAPATI_SHIVAJI_MAHARAJ_TERMINUSCSMT_BUS,CHHATRAPATI SHIVAJI MAHARAJ TERMINUS(CSMT),18.941396,72.83464600000001,0,NULL
RALLI_WOLF_BUS,RALLI WOLF,19.171022,72.940507,0,NULL
SANT_MUKTABAI_HOSPITAL_BUS,SANT MUKTABAI HOSPITAL,19.097748,72.903711,0,NULL
ADARSH_DAIRY_MALAD-W_BUS,ADARSH DAIRY (MALAD-W),19.192441,72.84288100000001,0,NULL
MULUND_W_MCGM_GARDEN_BUS,MULUND (W) MCGM GARDEN,19.175847,72.94918699999999,0,NULL
"GARWARE_CHOWK,_KOLDONGRI_NO2_BUS","GARWARE CHOWK, KOLDONGRI NO.2",19.10918,72.852149,0,NULL
GANDHI_MARKET_KINGS_CIRCLE_BUS,GANDHI MARKET (KINGS CIRCLE),19.0329,72.85911400000001,0,NULL
SEAWOOD_DARAVE_RAILWAY_STATION_BUS,SEAWOOD DARAVE RAILWAY STATION,19.021382,73.017313,0,NULL
SATYA_NAGAR_BUS,SATYA NAGAR,19.216471,72.841295,0,NULL
"GANESH_NAGAR_DAHISAR,_GOKUL_ANAND_HOTEL_BUS","GANESH NAGAR (DAHISAR), GOKUL ANAND HOTEL",19.247218,72.865081,0,NULL
DRMIQBAL_CHOWK_J_J_HOSPITAL_BUS,DR.M.IQBAL CHOWK (J J HOSPITAL),18.963067,72.832199,0,NULL
"FIRE_BRIGADE,_KHARODI_COLONY_BUS","FIRE BRIGADE, KHARODI COLONY",19.195869,72.821608,0,NULL
BABULNATH_JUNCTION_BUS,BABULNATH JUNCTION,18.96089,72.808785,0,NULL
BHAKTI_PALACE_DAHISAR_BUS,BHAKTI PALACE (DAHISAR),19.256108,72.850084,0,NULL
MSEBOFFICE_KOPAR_KHAIRANE_BUS,M.S.E.B.OFFICE (KOPAR KHAIRANE),19.106768,73.00247899999999,0,NULL
SHIVAJI_NAGAR_JUNCTION_GOVANDI_BUS,SHIVAJI NAGAR JUNCTION (GOVANDI),19.062781,72.91847799999999,0,NULL
BALAJI_NAGAR_BUS,BALAJI NAGAR,19.31014,72.85027700000001,0,NULL
JAIN_SOCIETY_SION_BUS,JAIN SOCIETY (SION),19.039704,72.861732,0,NULL
NATHU_JOMA_PATIL_CHOWK_BUS,NATHU JOMA PATIL CHOWK,19.060592,73.013992,0,NULL
CBD_BELAPUR_BUS_STATION_BUS,C.B.D. BELAPUR BUS STATION,19.024671,73.041546,0,NULL
MARVE_VILLAGE_BUS,MARVE VILLAGE,19.196122,72.79988899999999,0,NULL
"MAROL_NAKA,_MATA_RAMABAI_AMBEDKAR_CHOWK_BUS","MAROL NAKA, MATA RAMABAI AMBEDKAR CHOWK",19.107948,72.880262,0,NULL
SARVODAYA_NAGAR_BHANDUP-W_BUS,SARVODAYA NAGAR (BHANDUP-W),19.149465,72.930063,0,NULL
SANDU_GARDEN_CHEMBUR-E_BUS,SANDU GARDEN (CHEMBUR-E),19.056289,72.898062,0,NULL
JANKIDEVI_VIDYALAYA_BUS,JANKIDEVI VIDYALAYA,19.139884,72.820865,0,NULL
DINDOSHI_PADA_BUS,DINDOSHI PADA,19.165557,72.87817099999999,0,NULL
KALA_CHOWKY_POLICE_STATION_BUS,KALA CHOWKY POLICE STATION,18.988071,72.84204699999999,0,NULL
KAMALA_NEHRU_PARK_MALABAR_HILL_BUS,KAMALA NEHRU PARK (MALABAR HILL),18.955321,72.80465,0,NULL
BEST_NAGAR_GOREGAON-W_BUS,BEST NAGAR (GOREGAON-W),19.153242,72.841283,0,NULL
FOUR_BUNGALOWS_BUS,FOUR BUNGALOWS,19.129678,72.82439100000001,0,NULL
"PARASMANI,_MADHUKUNJ_SOCIETY_BUS","PARASMANI, MADHUKUNJ SOCIETY",19.107693,72.829883,0,NULL
"MAHANT_ROAD,_VILE_PARLE_E_BUS","MAHANT ROAD, VILE PARLE (E)",19.10067,72.852031,0,NULL
PRIYADARSHINI_CHUNABHATTI_BUS,PRIYADARSHINI (CHUNABHATTI),19.053066,72.880354,0,NULL
BAMAN_PADA_BUS,BAMAN PADA,19.10473,72.858833,0,NULL
"KANNAMWAR_NAGAR,_BUILDING_NO188_BUS","KANNAMWAR NAGAR, BUILDING NO.188",19.118706,72.940675,0,NULL
KRANTI_NAGAR_BUS,KRANTI NAGAR,19.194425,72.872338,0,NULL
INSPECTOR_KAKLIS_CHOWK_BUS,INSPECTOR KAKLIS CHOWK,18.963183,72.843964,0,NULL
TERNA_ENGINEERING_COLLEGE_NERUL_BUS,TERNA ENGINEERING COLLEGE (NERUL),19.030173,73.016955,0,NULL
TROMBAY_BUS,TROMBAY,19.034526,72.949197,0,NULL
"KANNAMWAR_NAGAR,_PRAVIN_HOTEL_BUS","KANNAMWAR NAGAR, PRAVIN HOTEL",19.116401,72.93532500000001,0,NULL
SATHAYE_COLLEGE_VILE_PARLE-E_BUS,SATHAYE COLLEGE (VILE PARLE-E),19.097488,72.849401,0,NULL
NELCO_BUS,NELCO,19.117163,72.86284499999999,0,NULL
"HIND_RECTIFIER_CORPORATION,_COLOUR_CARTONS_BUS","HIND RECTIFIER CORPORATION, COLOUR CARTONS",19.157344,72.93446299999999,0,NULL
IRANI_BRIDGE_BUS,IRANI BRIDGE,18.959187,72.814503,0,NULL
POONAM_SAGAR_COMPLEX_MIRA_ROAD_BUS,POONAM SAGAR COMPLEX (MIRA ROAD),19.273822,72.86274400000001,0,NULL
APNA_BAZAR__MIRA_ROAD_BUS,APNA BAZAR  (MIRA ROAD),19.275396,72.86755700000001,0,NULL
AUGUST_KRANTI_MAIDAN_BUS,AUGUST KRANTI MAIDAN,18.962816,72.81096700000001,0,NULL
GANDHI_MARKET_KINGS_CIRCLE_BUS,GANDHI MARKET (KINGS CIRCLE),19.032629,72.85875299999999,0,NULL
HUTATMA_CHOWK_BUS,HUTATMA CHOWK,18.929368,72.82973699999999,0,NULL
RATHODI_BUS,RATHODI,19.196632,72.81611100000001,0,NULL
BEVERLY_PARK_BUS,BEVERLY PARK,19.286779,72.867484,0,NULL
MUNICIPAL_COLONY_SECTOR_-B_GOREGAON-E_BUS,MUNICIPAL COLONY SECTOR -B (GOREGAON-E),19.173832,72.87732099999999,0,NULL
MARINE_DRIVE_BUS,MARINE DRIVE,18.941252,72.823899,0,NULL
TIPCO_PLAZA_COMPANY_BUS,TIPCO PLAZA COMPANY,19.18356,72.855333,0,NULL
CHAKALA_BUS,CHAKALA,19.115417,72.85744800000001,0,NULL
FORENSIC_LAB_BUS,FORENSIC LAB,19.07471,72.858718,0,NULL
HANUMAN_CHOWK_MULUND-E_BUS,HANUMAN CHOWK (MULUND-E),19.170174,72.959075,0,NULL
UNIT_TRUST_OF_INDIA_BANDRA-W_BUS,UNIT TRUST OF INDIA (BANDRA-W),19.049883,72.828142,0,NULL
GANESH_TALKIES_LALBAUG_BUS,GANESH TALKIES (LALBAUG),18.989656,72.83457199999999,0,NULL
SHIVAJI_NAGAR_GOVANDI_ROAD_NO13_BUS,SHIVAJI NAGAR (GOVANDI) ROAD NO.13,19.06823,72.92336,0,NULL
PRABODHANKAR_THACKERAY_UDYAN_BUS_STATION_SEWREE_BUS,PRABODHANKAR THACKERAY UDYAN BUS STATION (SEWREE),18.998196,72.85202099999999,0,NULL
ANTOP_HILL_BUS,ANTOP HILL,19.026824,72.866308,0,NULL
GANDHI_MARKET_KINGS_CIRCLE_BUS,GANDHI MARKET (KINGS CIRCLE),19.033831,72.859512,0,NULL
VIJAY_VALLABH_CHOWK_PYDHONIE_BUS,VIJAY VALLABH CHOWK (PYDHONIE),18.955198,72.83211900000001,0,NULL
NAGPADA_POLICE_HOSPITAL_BUS,NAGPADA POLICE HOSPITAL,18.965885,72.831579,0,NULL
"CHEMBUR_NAKA,_SWAMI_VIVEKANAND_CHOWK_BUS","CHEMBUR NAKA, SWAMI VIVEKANAND CHOWK",19.055691,72.894918,0,NULL
DHANVANTARI_HOSPITAL_BUS,DHANVANTARI HOSPITAL,19.176326,72.953256,0,NULL
MHBCOLONY_BORIVALI_-W_BUS,M.H.B.COLONY (BORIVALI -W),19.230508,72.838527,0,NULL
VEER_HUTATMA_BHAI_KOTWAL_UDYAN_PLAZA_BUS,VEER HUTATMA BHAI KOTWAL UDYAN (PLAZA),19.023259,72.84205,0,NULL
KANDIVALI_STATION_ROAD_W_BUS,KANDIVALI STATION ROAD (W),19.205798,72.850137,0,NULL
SIMLA_HOUSE_BUS,SIMLA HOUSE,18.958039,72.80241599999999,0,NULL
MALVANI_BLOCK_NO7_BUS,MALVANI BLOCK NO.7,19.186336,72.818839,0,NULL
AGRAWAL_GREEN_VILLAGE_BUS,AGRAWAL GREEN VILLAGE,19.2706,72.89045,0,NULL
PRABODHANKAR_THACKERAY_CHOWK_DADAR-W_BUS,PRABODHANKAR THACKERAY CHOWK (DADAR-W),19.0197833,72.83750000000001,0,NULL
TATA_MOTORS_BUS,TATA MOTORS,19.197547,72.949167,0,NULL
REAY_ROAD_STATION_BUS,REAY ROAD STATION,18.977069,72.844058,0,NULL
VASHI_NAKA_CHEMBUR_BUS,VASHI NAKA (CHEMBUR),19.031616,72.89659,0,NULL
"DRAMBEDKAR_COLONY,_18TH_ROAD_KHAR_BUS","DR.AMBEDKAR COLONY, 18TH ROAD KHAR",19.073941,72.82907299999999,0,NULL
"ISHWAR_NAGAR,_BHANDUP_W_BUS","ISHWAR NAGAR, BHANDUP (W)",19.143847,72.934085,0,NULL
"CARDINAL_GRACIAS_SCHOOL,_TEACHER_S_COLONY_BUS","CARDINAL GRACIAS SCHOOL, TEACHER S COLONY",19.068017,72.846541,0,NULL
ANDHERI_FIRE_BRIGADE_BUS,ANDHERI FIRE BRIGADE,19.112516,72.84169199999999,0,NULL
GHATKOPAR_STATION_E_BUS,GHATKOPAR STATION (E),19.084939,72.90782900000001,0,NULL
GOREGAON_STATION_E_BUS,GOREGAON STATION (E),19.165326,72.850354,0,NULL
INDIAN_OIL_NAGAR_ANDHERI-W_BUS,INDIAN OIL NAGAR (ANDHERI-W),19.128507,72.829087,0,NULL
WAGLE_CIRCLE_BUS,WAGLE CIRCLE,19.194538,72.95113499999999,0,NULL
KANDIVALI_BUS_STATION_E_BUS,KANDIVALI BUS STATION (E),19.201654,72.853797,0,NULL
KURAR_POLICE_CHOWKY_BUS,KURAR POLICE CHOWKY,19.185479,72.863766,0,NULL
"VASHI_NAKA_CHEMBUR,_MMRDA_COLONY_BUS","VASHI NAKA (CHEMBUR), M.M.R.D.A COLONY",19.031211,72.90292599999999,0,NULL
SOUTH-NORTH_MARG_NO9_VILE_PARLE-W_BUS,SOUTH-NORTH MARG NO.9 (VILE PARLE-W),19.10717,72.831157,0,NULL
"VENUS_BUILDING,_WATUMAL_ENGGCOLLEGE_BUS","VENUS BUILDING, WATUMAL ENGG.COLLEGE",19.00207,72.811948,0,NULL
BORIVALI_E_STATION_BUS,BORIVALI (E) STATION,19.231558,72.857776,0,NULL
VIKHROLI_COURT_BUS,VIKHROLI COURT,19.115751,72.93642699999999,0,NULL
CIBA_COMPANY_BUS,CIBA COMPANY,19.13483,72.928668,0,NULL
"CHEMBUR_NAKA,_SWAMI_VIVEKANAND_CHOWK_BUS","CHEMBUR NAKA, SWAMI VIVEKANAND CHOWK",19.054128,72.893265,0,NULL
EVERSHINE_NAGAR_MALAD-W_BUS,EVERSHINE NAGAR (MALAD-W),19.190835,72.831947,0,NULL
MAKHAMALI_TALAO_BUS,MAKHAMALI TALAO,19.198441,72.971712,0,NULL
ADARSH_NAGAR_KURAR_VILLAGE_BUS,ADARSH NAGAR (KURAR VILLAGE),19.187539,72.86312700000001,0,NULL
DNYAN_SARITA_MULUND-W_BUS,DNYAN SARITA (MULUND-W),19.178648,72.950547,0,NULL
RFNAIK_SCHOOL_KOPAR_KHAIRANE_BUS,R.F.NAIK SCHOOL (KOPAR KHAIRANE),19.0987,73.005118,0,NULL
"SASOON_DOCK,_COLABA_FIRE_STATION_BUS","SASOON DOCK, COLABA FIRE STATION",18.9158667,72.82626670000001,0,NULL
RYAN_INTERNATIONAL_SCHOOLGOREGAON-E_BUS,RYAN INTERNATIONAL SCHOOL(GOREGAON-E),19.171969,72.87239700000001,0,NULL
POONAM_NAGAR_MAJAS_BUS,POONAM NAGAR (MAJAS),19.136048,72.870296,0,NULL
KANDIVALI_STATION_W_BUS,KANDIVALI STATION (W),19.205365,72.85053600000001,0,NULL
KURLA_DEPOT_BUS,KURLA DEPOT,19.074973,72.878748,0,NULL
GHATKOPAR_SONAPUR_BUS,GHATKOPAR SONAPUR,19.073807,72.902807,0,NULL
NATIONAL_COLLEGE_BANDRA-W_BUS,NATIONAL COLLEGE (BANDRA-W),19.063069,72.835419,0,NULL
GOREGAON_CHECK_NAKA_NO1_BUS,GOREGAON CHECK NAKA NO.1,19.165919,72.86015500000001,0,NULL
GOREGAON_TELEPHONE_EXCHANGE_BUS,GOREGAON TELEPHONE EXCHANGE,19.157587,72.856661,0,NULL
SEEPZ_BUS_STATION_BUS,SEEPZ BUS STATION,19.127956,72.874967,0,NULL
VEEJ_BHAVAN_BUS,VEEJ BHAVAN,18.921776,72.826497,0,NULL
MANPADA_BUS,MANPADA,19.235218,72.976356,0,NULL
ROYAL_PARK_BUS,ROYAL PARK,19.270946,72.87537,0,NULL
RABALE_POLICE_STATION_BUS,RABALE POLICE STATION,19.145777,73.000787,0,NULL
"GANDHI_NAGAR__BANDRA-E,_CHETANA_COLLEGE_BUS","GANDHI NAGAR  (BANDRA-E), CHETANA COLLEGE",19.059969,72.847734,0,NULL
PRATIKSHA_NAGAR_DEPOT_BUS,PRATIKSHA NAGAR DEPOT,19.044661,72.87471499999999,0,NULL
BHANDUP_STATION_W_BUS,BHANDUP STATION (W),19.1442,72.93786799999999,0,NULL
C-CROSS_ROAD_SEEPZ_JUNCTION_BUS,C-CROSS ROAD (SEEPZ) JUNCTION,19.122895,72.871244,0,NULL
BPT_COLONY_WADALA_BUS,B.P.T. COLONY (WADALA),19.01253,72.86247899999999,0,NULL
CHARKOP_SECTOR_6_BUS,CHARKOP SECTOR 6,19.216656,72.83395299999999,0,NULL
SINDHI_COLONY_JOGESHWARI-W_BUS,SINDHI COLONY (JOGESHWARI-W),19.144171,72.83993,0,NULL
CHEMBUR_PHATAK_BUS,CHEMBUR PHATAK,19.064646,72.89958900000001,0,NULL
GORAI_DEPOT_BUS,GORAI DEPOT,19.231805,72.832943,0,NULL
RAMESH_HOTELMALAD-E_BUS,RAMESH HOTEL(MALAD-E),19.18696,72.862633,0,NULL
DRAMBEDKAR_NAGAR_CHEMBUR_BUS,DR.AMBEDKAR NAGAR (CHEMBUR),19.051153,72.887766,0,NULL
SAHYADRI_SCHOOL_BUS,SAHYADRI SCHOOL,19.197734,72.993421,0,NULL
AHILYABAI_HOLKAR_CHOWK_CHURCHGATE_BUS,AHILYABAI HOLKAR CHOWK (CHURCHGATE),18.935455,72.82688400000001,0,NULL
BUDDHA_NAGAR_KURLA-W_BUS,BUDDHA NAGAR (KURLA-W),19.073636,72.88028799999999,0,NULL
KAMANI_BUS,KAMANI,19.085131,72.887304,0,NULL
YASHODHAN_NAGAR_THANE_BUS,YASHODHAN NAGAR (THANE),19.208379,72.95432,0,NULL
AMAR_NAGAR_BUS,AMAR NAGAR,19.168284,72.931866,0,NULL
SAMANA_PARIWAR_MALAD-E_BUS,SAMANA PARIWAR (MALAD-E),19.176144,72.87638800000001,0,NULL
JAIN_MANDIR_MIRA_ROAD_BUS,JAIN MANDIR (MIRA ROAD),19.280082,72.86232200000001,0,NULL
ADARSH_HIGH_SCHOOL_ANIK_BUS,ADARSH HIGH SCHOOL (ANIK),19.021787,72.876019,0,NULL
"KANDIVALI_INDUSTRIAL_ESTATE,_GANESH_NAGAR_BUS","KANDIVALI INDUSTRIAL ESTATE, GANESH NAGAR",19.204194,72.828295,0,NULL
PRINCESS_STREET_KALBADEVI_BUS,PRINCESS STREET (KALBADEVI),18.946413,72.827161,0,NULL
MAKER_TOWER_BUS,MAKER TOWER,18.916268,72.817587,0,NULL
MAHARASHTRA_NAGAR_THANE_BUS,MAHARASHTRA NAGAR (THANE),19.226528,72.969993,0,NULL
CENTRAL_DAIRY_TABELA__AAREY_COLONY_BUS,CENTRAL DAIRY TABELA  (AAREY COLONY),19.1570167,72.8829167,0,NULL
"MMRDA,_FAMILY_COURT_BKC_BUS","M.M.R.D.A., FAMILY COURT (BKC)",19.056032,72.851471,0,NULL
SARDAR_VALLABHBHAI_PATEL_COLLEGE_BUS,SARDAR VALLABHBHAI PATEL COLLEGE,19.249936,72.84590300000001,0,NULL
TAGORE_NAGAR_NO5_VIKHROLI-E_BUS,TAGORE NAGAR NO.5 (VIKHROLI-E),19.124983,72.928832,0,NULL
BHUTTA_COLLEGE_BUS,BHUTTA COLLEGE,19.108013,72.848443,0,NULL
"BANDRA_TALKIES,_SHROFF_EYE_HOSPITAL_BUS","BANDRA TALKIES, SHROFF EYE HOSPITAL",19.060911,72.83723500000001,0,NULL
SALVATION_ARMY_BUS,SALVATION ARMY,18.972594,72.826114,0,NULL
BRIMCO_BUS,BRIMCO,19.207587,72.822996,0,NULL
SWAN_MILLS_BUS,SWAN MILLS,18.994761,72.848795,0,NULL
RANI_LAXMIBAI_CHOWK_SION_BUS,RANI LAXMIBAI CHOWK (SION),19.044692,72.86290700000001,0,NULL
LALJIPADA_POLICE_CHOWKY_BUS,LALJIPADA POLICE CHOWKY,19.203927,72.834343,0,NULL
GHODBUNDER_VILLAGE_BUS,GHODBUNDER VILLAGE,19.291613,72.889402,0,NULL
POWAI_CHOWK_MULUND-W_BUS,POWAI CHOWK (MULUND-W),19.172747,72.935953,0,NULL
BHARAT_DIAMOND_BOURSE_BUS,BHARAT DIAMOND BOURSE,19.064053,72.865432,0,NULL
DR_SHYAMAPRASAD_MUKHERJEE_CHOWKMUSEUM_BUS,DR. SHYAMAPRASAD MUKHERJEE CHOWK(MUSEUM),18.925718,72.830528,0,NULL
ACHARYA_MARATHE_COLLEGE_BUS,ACHARYA MARATHE COLLEGE,19.058948,72.907629,0,NULL
MUMBAI_CENTRAL_STATION_BUS,MUMBAI CENTRAL STATION,18.969037,72.818416,0,NULL
PTPALUSKAR_CHOWK_OPERA_HOUSE_BUS,PT.PALUSKAR CHOWK (OPERA HOUSE),18.953208,72.816739,0,NULL
AAREY_UNIT_NO2_&_3_BUS,AAREY UNIT NO.2 & 3,19.164802,72.86746599999999,0,NULL
KENDRIYA_VIDYALAYA_MALAD-W_BUS,KENDRIYA VIDYALAYA (MALAD-W),19.188026,72.79783399999999,0,NULL
HINDUSTAN_DORR-OLIVER_LIMITED_BUS,HINDUSTAN DORR-OLIVER LIMITED,19.112056,72.857545,0,NULL
MULUND_COURT_BUS,MULUND COURT,19.174501,72.95811500000001,0,NULL
"SASOON_DOCK,_COLABA_FIRE_STATION_BUS","SASOON DOCK, COLABA FIRE STATION",18.915479,72.825714,0,NULL
BANDRA_TALKIES_BUS,BANDRA TALKIES,19.059383,72.835849,0,NULL
WORLI_DEPOT_BUS,WORLI DEPOT,19.013532,72.81998299999999,0,NULL
GOVIND_NAGAR_JUNCTION_BUS,GOVIND NAGAR JUNCTION,19.232901,72.851631,0,NULL
SANSKRITI_APARTMENT_BUS,SANSKRITI APARTMENT,19.213132,72.863502,0,NULL
VAZIRA_NAKA_BUS,VAZIRA NAKA,19.230376,72.844033,0,NULL
KUNCHI_KURVE_NAGAR_BUS,KUNCHI KURVE NAGAR,19.077616,72.86981400000001,0,NULL
LOKMANYA_TILAK_NAGAR_GOREGAON-W_BUS,LOKMANYA TILAK NAGAR (GOREGAON-W),19.16318,72.84179899999999,0,NULL
PARSIK_NAGAR_BUS,PARSIK NAGAR,19.204777,73.007058,0,NULL
KUMBHARWADA_CHEMBUR_BUS,KUMBHARWADA (CHEMBUR),19.054281,72.89191599999999,0,NULL
NAGBABA_MANDIR_KAILAS_COMPLEX_BUS,NAGBABA MANDIR (KAILAS COMPLEX),19.114194,72.91759,0,NULL
SHIVAJI_NAGAR_BORIVALI_-W_BUS,SHIVAJI NAGAR (BORIVALI -W),19.245848,72.85404800000001,0,NULL
JAIN_MANDIR_GHODBUNDER_RD_BUS,JAIN MANDIR (GHODBUNDER RD),19.285266,72.899632,0,NULL
JAGDUSHA_NAGAR_BUS,JAGDUSHA NAGAR,19.099583,72.90847100000001,0,NULL
VARSHA_NAGAR_BUS,VARSHA NAGAR,19.107048,72.917222,0,NULL
FOUR_BUNGALOWS_BUS,FOUR BUNGALOWS,19.129471,72.824923,0,NULL
RANI_LAXMIBAI_CHOWK_SION_BUS,RANI LAXMIBAI CHOWK (SION),19.045758,72.863505,0,NULL
"PAREL_VILLAGE,_STGORA_KUMBHAR_CHOWK_BUS","PAREL VILLAGE, ST.GORA KUMBHAR CHOWK",19.000794,72.845637,0,NULL
BHANDUP_PUMPING_CENTRE_BUS,BHANDUP PUMPING CENTRE,19.153885,72.956452,0,NULL
MIGCOLONY_KALA_NAGAR_BUS,M.I.G.COLONY (KALA NAGAR),19.056183,72.847651,0,NULL
ADARSH_NAGAR_JOGESHWARI-W_BUS,ADARSH NAGAR (JOGESHWARI-W),19.145736,72.830528,0,NULL
ASHA_USHA_COMPANY_BUS,ASHA USHA COMPANY,19.107781,72.92395,0,NULL
NEHRU_PLANETARIUM_WORLI_BUS,NEHRU PLANETARIUM (WORLI),18.989921,72.81383,0,NULL
VIJAY_PRINTING_PRESS_SAKI_NAKA_BUS,VIJAY PRINTING PRESS (SAKI NAKA),19.101707,72.884693,0,NULL
MASTER_WADI_BUS,MASTER WADI,19.15238,72.790378,0,NULL
HUTATMA_CHOWK_BUS,HUTATMA CHOWK,18.934509,72.831129,0,NULL
KETAKI_PADA_BUS,KETAKI PADA,19.255857,72.869337,0,NULL
JUHU_BEACH_BUS,JUHU BEACH,19.096895,72.82700199999999,0,NULL
"PAREL_STDEPOT,_SANT_ROHIDAS_CHOWK_BUS","PAREL S.T.DEPOT, SANT ROHIDAS CHOWK",19.008329,72.832971,0,NULL
"ADITYA_APARTMENT,_CHIKOOWADI_BUS","ADITYA APARTMENT, CHIKOOWADI",19.220554,72.84092099999999,0,NULL
GOPAL_NAGAR_WORLI_BUS,GOPAL NAGAR (WORLI),19.006235,72.823352,0,NULL
BEHRAM_BAUG_BUS,BEHRAM BAUG,19.14677,72.836563,0,NULL
RAMKRISHNA_MISSION_KHAR-W_BUS,RAMKRISHNA MISSION (KHAR-W),19.074469,72.83428000000001,0,NULL
MAHALAXMI_STATION_BUS,MAHALAXMI STATION,18.982222,72.823628,0,NULL
BHUTTA_COLLEGE_BUS,BHUTTA COLLEGE,19.108139,72.848415,0,NULL
VAIBHAV_ASAVARI_SOCIETY_WARE_HOUSE_BUS,VAIBHAV ASAVARI SOCIETY (WARE HOUSE),19.106514,72.86671,0,NULL
SWAMI_VIVEKANAND_CHOWK_THANE_BUS,SWAMI VIVEKANAND CHOWK (THANE),19.181755,72.967775,0,NULL
RAMESH_NAGAR_ANDHERI-W_BUS,RAMESH NAGAR (ANDHERI-W),19.132031,72.84294300000001,0,NULL
ANUSHAKTI_NAGAR_BUS_STATION_BUS,ANUSHAKTI NAGAR BUS STATION,19.042438,72.92648199999999,0,NULL
"HANUMAN_MANDIR_DADAR-W,_D_SILVA_SCHOOL_BUS","HANUMAN MANDIR (DADAR-W), D SILVA SCHOOL",19.01968,72.83995400000001,0,NULL
STATE_BANK_SAKI_NAKA_BUS,STATE BANK (SAKI NAKA),19.107003,72.88805499999999,0,NULL
MUMBAI_CENTRAL_DEPOT_BUS,MUMBAI CENTRAL DEPOT,18.968418,72.823373,0,NULL
FORTIS_HOSPITAL_BUS,FORTIS HOSPITAL,19.162368,72.94240000000001,0,NULL
MARINE_LINES_RAILWAY_STATION_BUS,MARINE LINES RAILWAY STATION,18.945372,72.824427,0,NULL
GAUTAM_NAGAR_KANDIVALI-E_BUS,GAUTAM NAGAR (KANDIVALI-E),19.2002,72.8784,0,NULL
ABHINAV_NAGAR_BUS,ABHINAV NAGAR,19.2318833,72.8682333,0,NULL
CHHEDA_NAGAR_BUS,CHHEDA NAGAR,19.068911,72.904709,0,NULL
MAHARANA_PRATAP_CHOWK_MAZGAON_BUS,MAHARANA PRATAP CHOWK (MAZGAON),18.969315,72.84075900000001,0,NULL
DAHISAR_CHECK_NAKA_BUS,DAHISAR CHECK NAKA,19.257755,72.87189499999999,0,NULL
BANWARI_COMPOUND_BUS,BANWARI COMPOUND,19.045686,72.847696,0,NULL
PARSIWADA_CHAKALA_BUS,PARSIWADA (CHAKALA),19.10883,72.855932,0,NULL
MUNICIPAL_SCHOOL_ANTOP_HILL_BUS,MUNICIPAL SCHOOL (ANTOP HILL),19.025524,72.868788,0,NULL
PLAY_HOUSE_BUS,PLAY HOUSE,18.962563,72.82231400000001,0,NULL
VIVEKANAND_NAGAR_BELAPUR_BUS,VIVEKANAND NAGAR (BELAPUR),19.023739,73.04451899999999,0,NULL
BMCOFFICE-VIKHROLI_BUS,B.M.C.OFFICE-VIKHROLI,19.117032,72.926143,0,NULL
BHANDUP_VILLAGE_W_BUS,BHANDUP VILLAGE (W),19.151662,72.94329500000001,0,NULL
GENERAL_ARUN_KUMAR_VAIDYA_MARG_JUNCTION_GOREGAON-E_BUS,GENERAL ARUN KUMAR VAIDYA MARG JUNCTION (GOREGAON-E),19.173967,72.858458,0,NULL
"KHAR,_14TH_ROAD_BUS","KHAR, 14TH ROAD",19.072453,72.83278,0,NULL
NAVAPADA_VIDYAVIHAR-W_BUS,NAVAPADA (VIDYAVIHAR-W),19.082476,72.88991900000001,0,NULL
GOREGAON_STATION_E_BUS,GOREGAON STATION (E),19.165597,72.850543,0,NULL
PRINCESS_STREET_KALBADEVI_BUS,PRINCESS STREET (KALBADEVI),18.946585,72.827141,0,NULL
PAI_NAGAR_BORIVALI_-W_BUS,PAI NAGAR (BORIVALI -W),19.234439,72.855025,0,NULL
SANKALP_SOCIETY_BUS,SANKALP SOCIETY,19.176371,72.87904,0,NULL
LOKMANYA_TILAK_HOSPITAL_SION_BUS,LOKMANYA TILAK HOSPITAL (SION),19.036234,72.860185,0,NULL
"SHEETAL_NAGAR,_MTNL_MIRA_ROAD_BUS","SHEETAL NAGAR, MTNL (MIRA ROAD)",19.283462,72.86368,0,NULL
KURLA_BUS_STATION_E_BUS,KURLA BUS STATION (E),19.064647,72.880349,0,NULL
CITYLIGHT_CINEMA_BUS,CITYLIGHT CINEMA,19.030206,72.841713,0,NULL
KELKAR_COLLEGE_BUS,KELKAR COLLEGE,19.162847,72.956746,0,NULL
"KONDIVITA_CAVES,_MAHAKALI_CAVES_BUS","KONDIVITA CAVES, MAHAKALI CAVES",19.130557,72.872761,0,NULL
PRESIDENT_HOTEL_BUS,PRESIDENT HOTEL,18.915206,72.822563,0,NULL
MAHESHWARI_UDYAN_KINGS_CIRCLE_BUS,MAHESHWARI UDYAN (KINGS CIRCLE),19.028437,72.858718,0,NULL
NEW_DNNAGAR_BUS,NEW D.N.NAGAR,19.118173,72.829893,0,NULL
SHANGRILA_COMPANY_BUS,SHANGRILA COMPANY,19.154236,72.93755299999999,0,NULL
FOUR_BUNGALOWS_BUS,FOUR BUNGALOWS,19.130185,72.825721,0,NULL
BANDRA_RAILWAY_TERMINUS_BUS,BANDRA RAILWAY TERMINUS,19.062603,72.84154700000001,0,NULL
MOVIE_TIME_CINEMA_MALAD-W_BUS,MOVIE TIME CINEMA (MALAD-W),19.188985,72.835049,0,NULL
PRATAP_SOCIETY_ANDHERI-W_BUS,PRATAP SOCIETY (ANDHERI-W),19.130002,72.82283200000001,0,NULL
RANI_LAXMIBAI_CHOWK_SION_BUS,RANI LAXMIBAI CHOWK (SION),19.040987,72.86264300000001,0,NULL
WADALA_TRUCK_TERMINAL_BUS,WADALA TRUCK TERMINAL,19.034561,72.87426499999999,0,NULL
"VANITA_SAMAJ,_CHAITYABHOOMI_BUS","VANITA SAMAJ, CHAITYABHOOMI",19.027113,72.836776,0,NULL
HINDMATA_CINEMA_PAREL_BUS,HINDMATA CINEMA (PAREL),19.009835,72.842297,0,NULL
ADHYA_SHANKARACHARYA_UDYAN_BUS,ADHYA SHANKARACHARYA UDYAN,19.008154,72.816008,0,NULL
YASHWANTRAO_CHAVAN_MARG_JUNCTIONVASHI_BUS,YASHWANTRAO CHAVAN MARG JUNCTION(VASHI),19.068889,72.997851,0,NULL
TAGORE_NAGAR_JUNCTION_KANJURMARG-E_BUS,TAGORE NAGAR JUNCTION (KANJURMARG-E),19.124902,72.932101,0,NULL
SARVODAYA_HOSPITAL_GHATKOPAR-W_BUS,SARVODAYA HOSPITAL (GHATKOPAR-W),19.088932,72.907163,0,NULL
RAM_BAUG_GOREGAON-W_BUS,RAM BAUG (GOREGAON-W),19.163244,72.84341499999999,0,NULL
AMAR_TALKIES_BUS,AMAR TALKIES,19.052444,72.910775,0,NULL
MAHESHWARI_UDYAN_KINGS_CIRCLE_BUS,MAHESHWARI UDYAN (KINGS CIRCLE),19.027668,72.856267,0,NULL
JUHU_HOTEL_BUS,JUHU HOTEL,19.10444,72.828754,0,NULL
LOWER_PAREL_STATION_BUS,LOWER PAREL STATION,18.996764,72.831385,0,NULL
"ELECTRIC_HOUSE,_COLABA_DEPOT_BUS","ELECTRIC HOUSE, COLABA DEPOT",18.920569,72.830361,0,NULL
DRMIQBAL_CHOWK_J_J_HOSPITAL_BUS,DR.M.IQBAL CHOWK (J J HOSPITAL),18.962624,72.83187599999999,0,NULL
SHANTI_NAGAR_KALINA_BUS,SHANTI NAGAR (KALINA),19.073946,72.849597,0,NULL
KALINA_BUS,KALINA,19.077883,72.86192800000001,0,NULL
DRSUCHAK_CHOWK_BUS,DR.SUCHAK CHOWK,19.188353,72.849968,0,NULL
TERNA_VIDYALAYA_NERUL_BUS,TERNA VIDYALAYA (NERUL),19.038467,73.014583,0,NULL
GANESH_MANDIR_ASALPHA_BUS,GANESH MANDIR (ASALPHA),19.095498,72.90061300000001,0,NULL
INDIAN_OIL_SAHAR_BUS,INDIAN OIL (SAHAR),19.102948,72.87119800000001,0,NULL
INDIAN_OIL_OFFICE_BKC_BUS,INDIAN OIL OFFICE (BKC),19.060141,72.86427500000001,0,NULL
VIJAY_PRINTING_PRESS_BUS,VIJAY PRINTING PRESS,19.101499,72.88455999999999,0,NULL
KARTVYA_NAGAR_BUS,KARTVYA NAGAR,19.007966,72.85918599999999,0,NULL
GUNDECHA_PARK_BUS,GUNDECHA PARK,19.21248,72.877606,0,NULL
NAVY_NAGAR_COLABA_BUS,NAVY NAGAR (COLABA),18.907479,72.808663,0,NULL
NANA_CHOWK_BUS,NANA CHOWK,18.96214,72.812316,0,NULL
MATUNGA_STATION_W_BUS,MATUNGA STATION (W),19.0317,72.849321,0,NULL
ANITA_NAGAR_BUS,ANITA NAGAR,19.197148,72.875854,0,NULL
BORIVALI_W_STATION_BUS,BORIVALI (W) STATION,19.229543,72.856255,0,NULL
BEHRAM_BAUG_BUS,BEHRAM BAUG,19.145749,72.836631,0,NULL
AHILYABAI_HOLKAR_CHOWK_BUS,AHILYABAI HOLKAR CHOWK,18.932591,72.827798,0,NULL
SEWREE_COURT_BUS,SEWREE COURT,18.996453,72.85284900000001,0,NULL
KCCOMPANY_BHANDUP-W_BUS,K.C.COMPANY (BHANDUP-W),19.158897,72.933436,0,NULL
GORAI_DEPOT_BUS,GORAI DEPOT,19.232101,72.830403,0,NULL
FERRY_WHARF_BUS,FERRY WHARF,18.956935,72.84939900000001,0,NULL
SANTOSH_NAGAR_DINDOSHI_BUS,SANTOSH NAGAR (DINDOSHI),19.16898,72.875612,0,NULL
BORIVALI_E_STATION_BUS,BORIVALI (E) STATION,19.229851,72.857663,0,NULL
TWO_TANKS_BUS,TWO TANKS,18.961872,72.828582,0,NULL
SATYA_SAIBABA_MANDIR_MAHAKALI_CAVES_RD_BUS,SATYA SAIBABA MANDIR (MAHAKALI CAVES RD),19.129381,72.86967199999999,0,NULL
VIKAS_NAGAR_SOCIETY_ANDHERI-E_BUS,VIKAS NAGAR SOCIETY (ANDHERI-E),19.128897,72.860348,0,NULL
BORIVALI_WSTATION_JAYA_TALKIES_BUS,BORIVALI (W)STATION (JAYA TALKIES),19.227835,72.855705,0,NULL
DNYANODAY_VIDYALAYA_BUS,DNYANODAY VIDYALAYA,19.207069,72.950564,0,NULL
KINNARI_HALL_KANNAMWAR_NAGAR_BUS,KINNARI HALL (KANNAMWAR NAGAR),19.11127,72.93438399999999,0,NULL
BABASAHEB_WORLIKAR_CHOWK_CENTURY_BAZAAR_BUS,BABASAHEB WORLIKAR CHOWK (CENTURY BAZAAR),19.012732,72.824685,0,NULL
SHREE_KRISHNA_NAGAR_BORIVALI_-E_BUS,SHREE KRISHNA NAGAR (BORIVALI -E),19.2328,72.86453330000001,0,NULL
JIJAMATA_UDYAN_BYCULLA_BUS,JIJAMATA UDYAN (BYCULLA),18.981046,72.834236,0,NULL
MAROL_BHAVAN_BUS,MAROL BHAVAN,19.102477,72.888266,0,NULL
LALLUBHAI_COMPOUND_POLICE_CHOWKY_BUS,LALLUBHAI COMPOUND POLICE CHOWKY,19.053152,72.92725900000001,0,NULL
KISAN_NAGAR_JUNCTION_BUS,KISAN NAGAR JUNCTION,19.193409,72.95389299999999,0,NULL
JVPDBUS_STATION_BUS,J.V.P.D.BUS STATION,19.116033,72.83138700000001,0,NULL
KHERANI_BAUG_BUS,KHERANI BAUG,19.103239,72.897836,0,NULL
RAJ_BUCKET_FACTORY_BUS,RAJ BUCKET FACTORY,19.288081,72.889736,0,NULL
KCCOLLEGE_BUS,K.C.COLLEGE,18.927975,72.828182,0,NULL
ELIA_SARVAT_JUNIOR_COLLEGE_BUS,ELIA SARVAT JUNIOR COLLEGE,19.1872667,72.8248167,0,NULL
"PADMASHREE_MOHAMMED_RAFI_CHOWK,_BANDRA_W_BUS","PADMASHREE MOHAMMED RAFI CHOWK, BANDRA (W)",19.054713,72.837715,0,NULL
"SWAMI_NARAYAN_CHOWK,_DADAR_STATION_-E_BUS","SWAMI NARAYAN CHOWK, DADAR STATION -E",19.018175,72.844505,0,NULL
DHAKE_COLONY_BUS,DHAKE COLONY,19.127742,72.832367,0,NULL
CRICKET_CLUB_OF_INDIA_BUS,CRICKET CLUB OF INDIA,18.930699,72.822597,0,NULL
PATLI_PADA_BUS,PATLI PADA,19.245779,72.97562499999999,0,NULL
VIKHROLI_STATION_ROAD_E_BUS,VIKHROLI STATION ROAD (E),19.108614,72.932237,0,NULL
SHANTI_ASHRAM_BORIVALI-W_BUS,SHANTI ASHRAM (BORIVALI-W),19.24251,72.846108,0,NULL
MAHARANA_PRATAP_CHOWK_MAZGAON_BUS,MAHARANA PRATAP CHOWK (MAZGAON),18.968458,72.841415,0,NULL
MAHAVIR_NAGAR_-EXTENSION_KANDIVLI-W_BUS,MAHAVIR NAGAR -EXTENSION (KANDIVLI-W),19.214707,72.837996,0,NULL
MHADA_COLONY_ANDHERI-W_BUS,MHADA COLONY (ANDHERI-W),19.134133,72.826279,0,NULL
KUMBHARWADA_CHEMBUR_BUS,KUMBHARWADA (CHEMBUR),19.054019,72.89169800000001,0,NULL
"BDPATIL_MARG,_HPCL_BUS","B.D.PATIL MARG, HPCL",19.01942,72.898,0,NULL
JAIN_MANDIR_KANDIVALI-W_BUS,JAIN MANDIR (KANDIVALI-W),19.201949,72.849103,0,NULL
VICEROY_PARK_BUS,VICEROY PARK,19.2118,72.872946,0,NULL
CHARKOP_SECTOR_6_BUS,CHARKOP SECTOR 6,19.216276,72.833839,0,NULL
ANNABHAU_SATHE_CHOWK_THANE_BUS,ANNABHAU SATHE CHOWK (THANE),19.200781,72.949071,0,NULL
KAJUPADA_GHODBUNDER_ROAD_BUS,KAJUPADA (GHODBUNDER ROAD),19.278596,72.922467,0,NULL
VJTICOLLEGE_BUS,V.J.T.I.COLLEGE,19.022112,72.85669799999999,0,NULL
KHODADAD_CIRCLE_DADAR_TT_BUS,KHODADAD CIRCLE (DADAR TT),19.016731,72.847213,0,NULL
KRISHNA_BUILDING_MALAD-W_BUS,KRISHNA BUILDING (MALAD-W),19.187236,72.839804,0,NULL
NAVRANG_HOTEL_BUS,NAVRANG HOTEL,19.039374,73.06732599999999,0,NULL
DON_BOSCO_VIDYALAYA_NERUL_BUS,DON BOSCO VIDYALAYA (NERUL),19.01758,73.01442400000001,0,NULL
RBI_COLONY_ANDHERI-E_BUS,R.B.I. COLONY (ANDHERI-E),19.11111,72.862117,0,NULL
MULUND_RAILWAY_STATION_W_BUS,MULUND RAILWAY STATION (W),19.17365,72.95625,0,NULL
RABALE_NAKA_BUS,RABALE NAKA,19.142597,73.002374,0,NULL
MAHIM_BUS,MAHIM,19.041065,72.841002,0,NULL
MOTILAL_NAGAR_NO2_BUS,MOTILAL NAGAR NO.2,19.163438,72.83580000000001,0,NULL
DAHISAR_PHATAK_W_BUS,DAHISAR PHATAK (W),19.247567,72.859183,0,NULL
SHIVAJI_CHOWK_NERUL_BUS,SHIVAJI CHOWK (NERUL),19.044246,73.022983,0,NULL
HOLY_ANGEL_S_SCHOOL_BUS,HOLY ANGEL S SCHOOL,19.173751,72.963848,0,NULL
MAHIM_STATION_W_BUS,MAHIM STATION (W),19.03928,72.84701699999999,0,NULL
MUNICIPAL_HOSPITAL_BORIVALI_-W_BUS,MUNICIPAL HOSPITAL (BORIVALI -W),19.252554,72.85871400000001,0,NULL
LOKMANYA_TILAK_HOSPITAL_SION_BUS,LOKMANYA TILAK HOSPITAL (SION),19.037364,72.861002,0,NULL
HOLY_FAMILY_HOSPITAL_BANDRA-W_BUS,HOLY FAMILY HOSPITAL (BANDRA-W),19.054851,72.827805,0,NULL
GHODBUNDER_VILLAGE_JUNCTION_BUS,GHODBUNDER VILLAGE JUNCTION,19.286935,72.893913,0,NULL
GTHOSPITAL_BUS,G.T.HOSPITAL,18.94563,72.831396,0,NULL
ISHWARBHAI_PATEL_ROAD_BUS,ISHWARBHAI PATEL ROAD,19.161109,72.853532,0,NULL
JUHU_BUS_STATION_BUS,JUHU BUS STATION,19.10667,72.826842,0,NULL
KHARGHAR_RAILWAY_STATION_SUBWAY_BUS,KHARGHAR RAILWAY STATION (SUBWAY),19.027283,73.05769600000001,0,NULL
BIRLA_COMPANY_BUS,BIRLA COMPANY,19.136574,72.92965599999999,0,NULL
"REGENCY_GARDEN,_SBI_BUS","REGENCY GARDEN, SBI",19.04467,73.06387100000001,0,NULL
GANDHI_NAGAR_THANE_BUS,GANDHI NAGAR (THANE),19.218569,72.969346,0,NULL
ADARSH_NAGAR_JOGESHWARI-W_BUS,ADARSH NAGAR (JOGESHWARI-W),19.145936,72.83188699999999,0,NULL
EVERARD_SOCIETY_BUS,EVERARD SOCIETY,19.049387,72.877582,0,NULL
ESIC_NAGAR_BUS,ESIC NAGAR,19.121136,72.82969199999999,0,NULL
MOUNT_POINSUR_CHURCH_BUS,MOUNT POINSUR CHURCH,19.244239,72.851747,0,NULL
SHILP_CHOWK_BUS,SHILP CHOWK,19.046094,73.069658,0,NULL
HEALTH_CENTRE_VIDYANAGARI_BUS,HEALTH CENTRE (VIDYANAGARI),19.072886,72.860249,0,NULL
CHARKOP_VILLAGE_BUS,CHARKOP VILLAGE,19.2086833,72.8191333,0,NULL
ATMARAM_NAGAR_SRUSHTI_BUS,ATMARAM NAGAR (SRUSHTI),19.264548,72.87094,0,NULL
KURLA_BUS_STATION_E_BUS,KURLA BUS STATION (E),19.064846,72.88061500000001,0,NULL
"ACHARYA_GARDEN,_DIAMOND_GARDEN_BUS","ACHARYA GARDEN, DIAMOND GARDEN",19.052035,72.901455,0,NULL
"ORDNANCE_DEPOT,_REAY_ROAD_E_BUS","ORDNANCE DEPOT, REAY ROAD (E)",18.981356,72.852355,0,NULL
"REKHA_SADAN,_JAIN_MANDIR_WALKESHWAR_BUS","REKHA SADAN, JAIN MANDIR (WALKESHWAR)",18.948558,72.797906,0,NULL
BANK_OF_BARODA_JOGESHWARI_-E_BUS,BANK OF BARODA (JOGESHWARI -E),19.136771,72.853452,0,NULL
DHARAVI_DEPOT_BUS,DHARAVI DEPOT,19.051483,72.85843800000001,0,NULL
CHAKALA_CIGARETTE_FACTORY_BUS,CHAKALA CIGARETTE FACTORY,19.106673,72.859126,0,NULL
BABASAHEB_WORLIKAR_CHOWK_CENTURY_BAZAAR_BUS,BABASAHEB WORLIKAR CHOWK (CENTURY BAZAAR),19.012505,72.823071,0,NULL
"GARODIA_NAGAR,_RTO_BUS","GARODIA NAGAR, R.T.O",19.072454,72.908299,0,NULL
MAROL_MAROSHI_BUS_STATION_BUS,MAROL MAROSHI BUS STATION,19.11672,72.88002,0,NULL
JOGESHWARI_VIKHROLI_LINK_ROAD_KANJURMARG-E_BUS,JOGESHWARI VIKHROLI LINK ROAD (KANJURMARG-E),19.124243,72.937909,0,NULL
SIDDHIVINAYAK_MANDIR_PRABHADEVI_BUS,SIDDHIVINAYAK MANDIR (PRABHADEVI),19.017886,72.832081,0,NULL
BRAHMAND_AZAD_NAGAR_BUS,BRAHMAND AZAD NAGAR,19.241,72.975548,0,NULL
"KOPAR_KHAIRANE,_SECTOR_15_BUS","KOPAR KHAIRANE, SECTOR 15",19.102115,73.00405499999999,0,NULL
ACHARYA_ATRE_CHOWK_WORLI_NAKA_BUS,ACHARYA ATRE CHOWK (WORLI NAKA),18.998597,72.817849,0,NULL
YERALA_MEDICAL_CENTRE_BUS,YERALA MEDICAL CENTRE,19.031753,73.060614,0,NULL
SHETHIYA_NAGAR_BUS,SHETHIYA NAGAR,19.097706,72.88785900000001,0,NULL
VAISHALI_NAGAR_MULUND-W_BUS,VAISHALI NAGAR (MULUND-W),19.18713,72.945583,0,NULL
SWAMI_NARAYAN_MANDIR_GHATKOPAR-E_BUS,SWAMI NARAYAN MANDIR (GHATKOPAR-E),19.077342,72.909656,0,NULL
BHAKTI_PARK_MONO_RAIL_STATION_BUS,BHAKTI PARK MONO RAIL STATION,19.028482,72.877336,0,NULL
"AHANSARI_CHOWK,_NEW_NAGPADA_BUS","A.H.ANSARI CHOWK, NEW NAGPADA",18.966401,72.832624,0,NULL
BHAYANDER_STATION_E_BUS,BHAYANDER STATION (E),19.312292,72.853463,0,NULL
TECHNIMONT_ICBHOUSE_BUS,TECHNIMONT I.C.B.HOUSE,19.181206,72.833533,0,NULL
POWAI_VIHAR_COMPLEX_BUS,POWAI VIHAR COMPLEX,19.119475,72.904083,0,NULL
KHINDIPADA_DARGAH_BUS,KHINDIPADA (DARGAH),19.1663833,72.92866669999999,0,NULL
AGARI_PADA_AAREY_COLONY_BUS,AGARI PADA (AAREY COLONY),19.15895,72.8807667,0,NULL
ANAND_NAGAR_GHODBUNDER_ROAD_BUS,ANAND NAGAR (GHODBUNDER ROAD),19.264416,72.967617,0,NULL
DRKBHEDGEWAR_CHOWK_BHANDUP_SONAPUR_BUS,DR.K.B.HEDGEWAR CHOWK BHANDUP SONAPUR,19.161581,72.937714,0,NULL
MERCHANT_BROTHERS_BUS,MERCHANT BROTHERS,19.20757,72.82481199999999,0,NULL
IMAX_CINEMA_BUS,IMAX CINEMA,19.030299,72.880109,0,NULL
GURUNANAK_VIDYALAYA_ANDHERI-E_BUS,GURUNANAK VIDYALAYA (ANDHERI-E),19.129938,72.863066,0,NULL
GARTAN_PADA_BUS,GARTAN PADA,19.252261,72.867912,0,NULL
NEHRU_PLANETARIUM_WORLI_BUS,NEHRU PLANETARIUM (WORLI),18.988981,72.813745,0,NULL
KALAMBOLI_BUS,KALAMBOLI,19.026251,73.102017,0,NULL
DONGARI_PADA_BUS,DONGARI PADA,19.251028,72.97322800000001,0,NULL
SATHAYE_COLLEGE_VILE_PARLE-E_BUS,SATHAYE COLLEGE (VILE PARLE-E),19.097633,72.84898200000001,0,NULL
SHIVAJI_NAGAR_GOVANDI_TERMINUS_BUS,SHIVAJI NAGAR (GOVANDI) TERMINUS,19.06056,72.92549,0,NULL
VIKHROLI_COURT_BUS,VIKHROLI COURT,19.116103,72.93654100000001,0,NULL
AMBAJI_DHAM_BUS,AMBAJI DHAM,19.178051,72.949881,0,NULL
CHAKALA_MARKET_BUS,CHAKALA MARKET,18.949463,72.834906,0,NULL
"GOTHIVALI_VILLAGE,_TELEPHONE_EXCHANGE_BUS","GOTHIVALI VILLAGE, TELEPHONE EXCHANGE",19.137755,73.003085,0,NULL
GOREGAON_STATION_E_BUS,GOREGAON STATION (E),19.164549,72.850905,0,NULL
SHANTI_NAGAR_KANDIVALI-W_BUS,SHANTI NAGAR (KANDIVALI-W),19.206601,72.834845,0,NULL
DHARAMSHI_HALL_BUS,DHARAMSHI HALL,19.226489,72.855097,0,NULL
AIROLI_OCTROI_NAKA_BUS,AIROLI OCTROI NAKA,19.153867,72.96190799999999,0,NULL
MAITRI_PARK_BUS,MAITRI PARK,19.050274,72.904848,0,NULL
PAWAR_NAGAR_BUS_STATION_THANE_BUS,PAWAR NAGAR BUS STATION (THANE),19.228868,72.966284,0,NULL
GOVANDI_STATION_ROAD_W_BUS,GOVANDI STATION ROAD (W),19.056158,72.914841,0,NULL
SHOPPERS_STOP_ANDHERI-W_BUS,SHOPPERS STOP (ANDHERI-W),19.116275,72.842583,0,NULL
GHANSOLI_VILLAGE_BUS,GHANSOLI VILLAGE,19.122696,72.99945099999999,0,NULL
MAROL_MAROSHI_BUS_STATION_BUS,MAROL MAROSHI BUS STATION,19.11803,72.880152,0,NULL
STLAWRENCE_HIGH_SCHOOL_KANDIVALI-E_BUS,ST.LAWRENCE HIGH SCHOOL (KANDIVALI-E),19.23943,72.84723200000001,0,NULL
ACHARYA_ATRE_CHOWK_WORLI_NAKA_BUS,ACHARYA ATRE CHOWK (WORLI NAKA),18.999292,72.817621,0,NULL
SHREYAS_CINEMA_BUS,SHREYAS CINEMA,19.092294,72.911115,0,NULL
COMRADE_GULABRAO_GANACHARYA_CHOWK_BUS,COMRADE GULABRAO GANACHARYA CHOWK,18.98595,72.831868,0,NULL
"VADAVALI_VILLAGE,_BORLA_SOCIETY_BUS","VADAVALI VILLAGE, BORLA SOCIETY",19.04609,72.90123,0,NULL
RAMASHRAM_POWAI_BUS,RAMASHRAM (POWAI),19.120151,72.899702,0,NULL
JUIPADA_VILLAGE_BUS,JUIPADA VILLAGE,19.051069,73.01687699999999,0,NULL
NELCO_BUS,NELCO,19.117208,72.862684,0,NULL
PRASANNA_JEEVAN_SOCIETY_BUS,PRASANNA JEEVAN SOCIETY,19.230577,72.847904,0,NULL
MORA_VILLAGE_BUS,MORA VILLAGE,19.117831,72.82143600000001,0,NULL
NERUL_BUS_STATION_BUS,NERUL BUS STATION,19.03982,73.019903,0,NULL
SAMARTH_NAGAR_JOGESHWARI-E_BUS,SAMARTH NAGAR (JOGESHWARI-E),19.136982,72.859583,0,NULL
CHARAT_SINGH_COLONY_BUS,CHARAT SINGH COLONY,19.111391,72.864189,0,NULL
"DNYANSADHANA_COLLEGE,_KOPARI_BUS","DNYANSADHANA COLLEGE, KOPARI",19.184728,72.965189,0,NULL
"AAREY_POLICE_STATION,_CHHOTA_KASHMIR_BUS","AAREY POLICE STATION, CHHOTA KASHMIR",19.162717,72.87128,0,NULL
KIDWAI_NAGAR_BUS,KIDWAI NAGAR,19.009453,72.854056,0,NULL
BANK_OF_INDIA_BKC_BUS,BANK OF INDIA (BKC),19.061006,72.86040800000001,0,NULL
RAJASHREE_CINEMA_BUS,RAJASHREE CINEMA,19.25093,72.863737,0,NULL
SUYASH_SHOPPING_CENTRE_BUS,SUYASH SHOPPING CENTRE,19.176027,72.877595,0,NULL
SHAHU_NAGAR_DHARAVI_BUS,SHAHU NAGAR (DHARAVI),19.040069,72.851196,0,NULL
MIGCOLONY_KALA_NAGAR_BUS,M.I.G.COLONY (KALA NAGAR),19.056364,72.847651,0,NULL
BAINGANWADI_BUS,BAINGANWADI,19.058482,72.92481600000001,0,NULL
LOKMANYA_TILAK_HOSPITAL_SION_BUS,LOKMANYA TILAK HOSPITAL (SION),19.035465,72.857488,0,NULL
MALAD_STATION_W_BUS,MALAD STATION (W),19.185453,72.848353,0,NULL
GOREGAON-MULUND_LINK_ROAD_MULUND-W_BUS,GOREGAON-MULUND LINK ROAD (MULUND-W),19.160335,72.946774,0,NULL
ASHOK_VIHAR_BUS,ASHOK VIHAR,19.117717,72.887185,0,NULL
AMULAKH_HIGH_SCHOOL_BUS,AMULAKH HIGH SCHOOL,19.024589,72.860354,0,NULL
SARVODAYA_HOSPITAL_GHATKOPAR-W_BUS,SARVODAYA HOSPITAL (GHATKOPAR-W),19.09232,72.908435,0,NULL
VAKOLA_POLICE_STATION_BUS,VAKOLA POLICE STATION,19.080251,72.849469,0,NULL
"SPECIAL_STEEL,_RAJENDRA_NAGAR_BUS","SPECIAL STEEL, RAJENDRA NAGAR",19.221227,72.863174,0,NULL
MULUND_RAILWAY_STATION_W_BUS,MULUND RAILWAY STATION (W),19.174013,72.954435,0,NULL
BHAJI_MARKET_BUS,BHAJI MARKET,19.307168,72.849755,0,NULL
BHANDUP_STATION_E_BUS,BHANDUP STATION (E),19.142483,72.939151,0,NULL
POSTAL_COLONY_CHEMBUR_BUS,POSTAL COLONY (CHEMBUR),19.061635,72.894003,0,NULL
JIJAMATA_NAGAR_WORLI_BUS,JIJAMATA NAGAR (WORLI),18.993115,72.82021899999999,0,NULL
TURBHE_NAKA_JANATA_MARKET_BUS,TURBHE NAKA (JANATA MARKET),19.068946,73.019486,0,NULL
MAHARASHTRA_WEIGHT_BRIDGE_SION_BUS,MAHARASHTRA WEIGHT BRIDGE (SION),19.05381,72.86798400000001,0,NULL
AGRA_ROAD_NAKA_MULUND-W_BUS,AGRA ROAD NAKA (MULUND-W),19.177816,72.94333,0,NULL
MARATHON_CHOWK_TEEN_HATH_NAKA_BUS,MARATHON CHOWK (TEEN HATH NAKA),19.187736,72.96283099999999,0,NULL
CUMBALA_HILL_POST_OFFICE_BUS,CUMBALA HILL POST OFFICE,18.969627,72.809309,0,NULL
QUINSCENT_HEIGHTS_BUS,QUINSCENT HEIGHTS,19.178549,72.832508,0,NULL
MARATHON_CHOWK_TEEN_HATH_NAKA_BUS,MARATHON CHOWK (TEEN HATH NAKA),19.187971,72.96261199999999,0,NULL
WAGLE_ESTATE_POST_OFFICE_BUS,WAGLE ESTATE POST OFFICE,19.185947,72.958153,0,NULL
VAISHALI_NAGAR_DAHISAR-E_BUS,VAISHALI NAGAR (DAHISAR-E),19.251001,72.873474,0,NULL
MUKESH_CHOWK_KEMPS_CORNER_BUS,MUKESH CHOWK (KEMPS CORNER),18.964418,72.804063,0,NULL
RAJ_PARK_BUS,RAJ PARK,19.205021,73.007182,0,NULL
MOVIE_STAR_TALKIES_GOREGAON-W_BUS,MOVIE STAR TALKIES (GOREGAON-W),19.1517833,72.84650000000001,0,NULL
SARAF_CHOUDHARI_NAGAR_BUS,SARAF CHOUDHARI NAGAR,19.208949,72.86322,0,NULL
MILLENNIUM_BUSINESS_PARK_MAHAPE_BUS,MILLENNIUM BUSINESS PARK (MAHAPE),19.113919,73.016385,0,NULL
"DRAMBEDKAR_UDYAN,_POWAI_BUS","DR.AMBEDKAR UDYAN, POWAI",19.125552,72.893427,0,NULL
KAMALA_NEHRU_PARK_MALABAR_HILL_BUS,KAMALA NEHRU PARK (MALABAR HILL),18.955023,72.804518,0,NULL
SU_PUMPS_MULUND-WEST_BUS,SU PUMPS (MULUND-WEST),19.1846,72.94338329999999,0,NULL
SHRIMATI_MOTIBEN_DALVI_HOSPITAL_BUS,SHRIMATI MOTIBEN DALVI HOSPITAL,18.95838,72.810411,0,NULL
GOLDEN_CHEMICALS_DAHISAR-E_BUS,GOLDEN CHEMICALS (DAHISAR-E),19.263041,72.873794,0,NULL
SANTACRUZ_STATION_E_BUS,SANTACRUZ STATION (E),19.081223,72.842465,0,NULL
PARSIK_BANK_NERUL_BUS,PARSIK BANK (NERUL),19.040624,73.02108200000001,0,NULL
WADALA_TRUCK_TERMINAL_BUS,WADALA TRUCK TERMINAL,19.03457,72.874369,0,NULL
AAREY_UNIT_NO10_CENTRAL_DAIRY_BUS,AAREY UNIT NO.10 (CENTRAL DAIRY),19.157856,72.868905,0,NULL
MAHIM_BUS,MAHIM,19.040415,72.841202,0,NULL
MTPARK_BUS,M.T.PARK,18.907419,72.811795,0,NULL
CHUNABHATTI_BUS,CHUNABHATTI,19.052084,72.867453,0,NULL
PRATHAMESH_COMPLEX_BUS,PRATHAMESH COMPLEX,19.137547,72.837416,0,NULL
GANDHI_NAGAR_THANE_BUS,GANDHI NAGAR (THANE),19.218668,72.969393,0,NULL
KHARGHAT_ROAD_BUS,KHARGHAT ROAD,19.0192,72.85120000000001,0,NULL
VIKHROLI_BUS_STATION_E_BUS,VIKHROLI BUS STATION (E),19.110185,72.929481,0,NULL
LOKMANYA_NAGAR_THANE_BUS,LOKMANYA NAGAR (THANE),19.209002,72.95149600000001,0,NULL
RAM_GANESH_GADKARI_CHOWK_BUS,RAM GANESH GADKARI CHOWK,19.024342,72.839969,0,NULL
SAHYADRI_GUEST_HOUSE_MALABAR_HILL_BUS,SAHYADRI GUEST HOUSE (MALABAR HILL),18.953269,72.80296199999999,0,NULL
BANGUR_HALL_BUS,BANGUR HALL,19.165703,72.83287900000001,0,NULL
FIRE_BRIGADE_JUNCTION_ANTOP_HILL_BUS,FIRE BRIGADE JUNCTION (ANTOP HILL),19.025867,72.86851299999999,0,NULL
MAITRI_PARK_BUS,MAITRI PARK,19.049895,72.904867,0,NULL
HANUMAN_MANDIR_BHANDUP-W_BUS,HANUMAN MANDIR (BHANDUP-W),19.151706,72.93324699999999,0,NULL
GURU_NANAK_NAGAR_GHATKOPAR-W_BUS,GURU NANAK NAGAR (GHATKOPAR-W),19.085187,72.89283500000001,0,NULL
AIROLI_SECTOR_5_BUS,AIROLI SECTOR 5,19.147955,72.998886,0,NULL
FREE_PRESS_JOURNAL_MARG_BUS,FREE PRESS JOURNAL MARG,18.923102,72.823752,0,NULL
RANI_LAXMIBAI_CHOWK_SION_BUS,RANI LAXMIBAI CHOWK (SION),19.044746,72.864142,0,NULL
BHAKTI_PARK_GATE_ANIK_BUS,BHAKTI PARK GATE (ANIK),19.033334,72.87879599999999,0,NULL
VIKHROLI_POLICE_STATION_BUS,VIKHROLI POLICE STATION,19.120368,72.936959,0,NULL
SARASWATI_VIDYAMANDIR_MAHIM_BUS,SARASWATI VIDYAMANDIR (MAHIM),19.034276,72.847818,0,NULL
VASANTRAO_NAIK_CHOWK_TARDEO_BUS,VASANTRAO NAIK CHOWK (TARDEO),18.969432,72.81514900000001,0,NULL
KURLA_DEPOT_BUS,KURLA DEPOT,19.075496,72.876761,0,NULL
GAVDEVI_MANDIR_THANE_BUS,GAVDEVI MANDIR (THANE),19.184538,72.97249100000001,0,NULL
MAROL_PIPELINE_BUS,MAROL PIPELINE,19.110989,72.872153,0,NULL
MAJIWADA_BUS,MAJIWADA,19.215614,72.978133,0,NULL
"MALVANI_DEPOT,_GAIKWAD_NAGAR_BUS","MALVANI DEPOT, GAIKWAD NAGAR",19.183517,72.81911700000001,0,NULL
JOGESHWARI_W_BUS_STATION_BUS,JOGESHWARI (W) BUS STATION,19.133606,72.84757,0,NULL
BKC_TELEPHONE_EXCHANGE_BUS,BKC TELEPHONE EXCHANGE,19.071167,72.87264,0,NULL
SASOON_DOCK_BUS,SASOON DOCK,18.914882,72.82484100000001,0,NULL
BEST_COLONY_BHOIWADA_BUS,BEST COLONY (BHOIWADA),19.005385,72.84840800000001,0,NULL
LOKMANYA_TILAK_HOSPITAL_SION_BUS,LOKMANYA TILAK HOSPITAL (SION),19.037021,72.861116,0,NULL
CENTRAL_RAILWAY_GOODS_BUS,CENTRAL RAILWAY GOODS,18.960527,72.84331,0,NULL
BANDRA_E_PHATAK_BUS,BANDRA (E) PHATAK,19.057209,72.84133300000001,0,NULL
KRISHNA_NAGAR_SAKI_NAKA_BUS,KRISHNA NAGAR (SAKI NAKA),19.099107,72.88785900000001,0,NULL
SANTACRUZ_POLICE_STATION_BUS,SANTACRUZ POLICE STATION,19.08288,72.834463,0,NULL
EKTA_BHOOMI_COMPLEX_BUS,EKTA BHOOMI COMPLEX,19.212675,72.838587,0,NULL
VIVEK_VIDYALAYA_BUS,VIVEK VIDYALAYA,19.158619,72.843703,0,NULL
NEW_INDIA_BANK_BUS,NEW INDIA BANK,19.281761,72.860409,0,NULL
BKC_TELEPHONE_EXCHANGE_BUS,BKC TELEPHONE EXCHANGE,19.07151,72.87197500000001,0,NULL
JANTA_NAGAR_KANDIVALI-E_BUS,JANTA NAGAR (KANDIVALI-E),19.213095,72.86083000000001,0,NULL
"TRACTOR_GATE_NO3,_VASA_HOSPITAL_BUS","TRACTOR GATE NO.3, VASA HOSPITAL",19.200733,72.871573,0,NULL
HUTATMA_CHOWK_BUS,HUTATMA CHOWK,18.933957,72.830237,0,NULL
DAHISAR_MARKET_BUS,DAHISAR MARKET,19.25595,72.858018,0,NULL
"AAREY_UNIT_NO6,_MARKET_BUS","AAREY UNIT NO.6, MARKET",19.157841,72.87452399999999,0,NULL
SAIBABA_MANDIR_KANDIVALI-W_BUS,SAIBABA MANDIR (KANDIVALI-W),19.21807,72.82870200000001,0,NULL
SAIKRUPA_NAGAR_BUS,SAIKRUPA NAGAR,19.196354,72.80646,0,NULL
GOREGAON_STATION_E_BUS,GOREGAON STATION (E),19.165407,72.850487,0,NULL
"VASHI_NAKA_CHEMBUR,_MMRDA_COLONY_BUS","VASHI NAKA (CHEMBUR), M.M.R.D.A COLONY",19.031076,72.902717,0,NULL
SARVODAYA_HOSPITAL_GHATKOPAR-W_BUS,SARVODAYA HOSPITAL (GHATKOPAR-W),19.08848,72.906736,0,NULL
VAKOLA_POLICE_STATION_BUS,VAKOLA POLICE STATION,19.080448,72.845468,0,NULL
"MOUNT_CARMEL_CHURCH,_LILAVATI_HOSPITAL_BUS","MOUNT CARMEL CHURCH, LILAVATI HOSPITAL",19.051419,72.82888199999999,0,NULL
MAHESHWARI_UDYAN_KINGS_CIRCLE_BUS,MAHESHWARI UDYAN (KINGS CIRCLE),19.02548,72.85421700000001,0,NULL
KHADI_BHANDAR_BUS,KHADI BHANDAR,18.937258,72.834165,0,NULL
CHHATRAPATI_SHIVAJI_MAHARAJ_TERMINUSCSMT_BUS,CHHATRAPATI SHIVAJI MAHARAJ TERMINUS(CSMT),18.941134,72.834789,0,NULL
MARVA_INDUSTRIAL_ESTATE_BUS,MARVA INDUSTRIAL ESTATE,19.111727,72.886599,0,NULL
GTHOSPITAL_BUS,G.T.HOSPITAL,18.945386,72.83113,0,NULL
VESAVA-YARI_ROAD_BUS_STATION_BUS,VESAVA-YARI ROAD BUS STATION,19.13954,72.80847,0,NULL
"NOVELTY_CINEMA,_DRBHADKAMKAR_ROAD_BUS","NOVELTY CINEMA, DR.BHADKAMKAR ROAD",18.961919,72.818697,0,NULL
ANDHERI_STATION_W_BUS,ANDHERI STATION (W),19.119132,72.846221,0,NULL
ZULELAL_CHOWK_BUS,ZULELAL CHOWK,19.142995,72.824617,0,NULL
HICKSON_&_DADAJEE_BUS,HICKSON & DADAJEE,19.16737,72.854203,0,NULL
GAIWADI_BUS,GAIWADI,18.95323,72.82127800000001,0,NULL
SONAWALA_BUILDING_BUS,SONAWALA BUILDING,18.967293,72.816813,0,NULL
"ELECTRIC_HOUSE,_COLABA_DEPOT_BUS","ELECTRIC HOUSE, COLABA DEPOT",18.920795,72.830636,0,NULL
MANTRALAYA_BUS,MANTRALAYA,18.927314,72.825847,0,NULL
AMRAPALI_SOCIETY_BUS,AMRAPALI SOCIETY,19.181409,72.815164,0,NULL
ANAND_NAGAR_MARKET_BUS,ANAND NAGAR MARKET,19.255818,72.86462899999999,0,NULL
VARTAK_NAGAR_BUS,VARTAK NAGAR,19.210185,72.961804,0,NULL
CROMPTON_GREAVES_BUS,CROMPTON GREAVES,19.134379,72.93497000000001,0,NULL
JALVAYU_VIHAR_POWAI_BUS,JALVAYU VIHAR (POWAI),19.117651,72.90545299999999,0,NULL
KAMLADEVI_JAIN_HIGH_SCHOOL_BUS,KAMLADEVI JAIN HIGH SCHOOL,19.133404,72.828779,0,NULL
WADALA_CHURCH_BUS,WADALA CHURCH,19.01932,72.856662,0,NULL
"AHANSARI_CHOWK,_NEW_NAGPADA_BUS","A.H.ANSARI CHOWK, NEW NAGPADA",18.968768,72.83318199999999,0,NULL
INTERFACE_BUILDING-16_BUS,INTERFACE BUILDING-16,19.184166,72.829652,0,NULL
NANA_CHOWK_BUS,NANA CHOWK,18.961336,72.81340899999999,0,NULL
PRARTHANA_SAMAJ_BUS,PRARTHANA SAMAJ,18.957132,72.81998299999999,0,NULL
JAIHIND_CINEMA_BUS,JAIHIND CINEMA,18.985375,72.835325,0,NULL
SANT_GADGE_MAHARAJ_CHOWK_BUS,SANT GADGE MAHARAJ CHOWK,18.980707,72.826877,0,NULL
EVERARD_NAGAR_BUS,EVERARD NAGAR,19.051691,72.87691599999999,0,NULL
NEHRU_PLANETARIUM_WORLI_BUS,NEHRU PLANETARIUM (WORLI),18.988439,72.813793,0,NULL
"MALVANI_VILLAGE,_MALVANI_CHURCH_BUS","MALVANI VILLAGE, MALVANI CHURCH",19.196355,72.808333,0,NULL
SUNDERVAN_ANDHERI-W_BUS,SUNDERVAN (ANDHERI-W),19.136915,72.825563,0,NULL
KAMANI_BUS,KAMANI,19.084136,72.884131,0,NULL
MADKEBUWA_CHOWK_PAREL_BUS,MADKEBUWA CHOWK (PAREL),19.002469,72.838475,0,NULL
PRABODHANKAR_THACKERAY_UDYAN_BUS_STATION_SEWREE_BUS,PRABODHANKAR THACKERAY UDYAN BUS STATION (SEWREE),18.998196,72.852363,0,NULL
RANI_LAXMIBAI_CHOWK_SION_BUS,RANI LAXMIBAI CHOWK (SION),19.041367,72.862909,0,NULL
"JITENDRA_MARG,_MALAD_PHATAK_BUS","JITENDRA MARG, MALAD PHATAK",19.183511,72.85002799999999,0,NULL
SKRESORT_BORIVALI__-W_BUS,S.K.RESORT (BORIVALI  -W),19.239247,72.842495,0,NULL
"BHOIWADA,_MANE_MASTER_CHOWK_BUS","BHOIWADA, MANE MASTER CHOWK",19.005373,72.84463700000001,0,NULL
INORBIT_MALL_BUS,INORBIT MALL,19.170231,72.835329,0,NULL
KASTURI_ESTATE_BUS,KASTURI ESTATE,19.301183,72.857219,0,NULL
AAREY_UNIT_NO13_CENTRAL_DAIRY_BUS,AAREY UNIT NO.13 (CENTRAL DAIRY),19.156117,72.86566500000001,0,NULL
SAMATA_NAGAR_BUS_STATION_KANDIVALI-E_BUS,SAMATA NAGAR BUS STATION (KANDIVALI-E),19.206911,72.869573,0,NULL
HOLY_ANGEL_S_SCHOOL_BUS,HOLY ANGEL S SCHOOL,19.173851,72.96389499999999,0,NULL
DRCOOPER_HOSPITAL_BUS,DR.COOPER HOSPITAL,19.108096,72.836963,0,NULL
VIVEKANAND_NAGAR_BELAPUR_BUS,VIVEKANAND NAGAR (BELAPUR),19.023667,73.044405,0,NULL
NARAYAN_NAGAR_GHATKOPAR-E_BUS,NARAYAN NAGAR (GHATKOPAR-E),19.085829,72.894991,0,NULL
NIRMAL_BUILDING_BUS,NIRMAL BUILDING,18.928684,72.821517,0,NULL
"JVPD,_SAURASHTRA_SOCIETY_BUS","J.V.P.D, SAURASHTRA SOCIETY",19.114812,72.83002,0,NULL
MAROL_MAROSHI_BUS_STATION_BUS,MAROL MAROSHI BUS STATION,19.117922,72.880228,0,NULL
GHATKOPAR_STATION_E_BUS,GHATKOPAR STATION (E),19.085066,72.908542,0,NULL
GARLIC_COMPANY_BUS,GARLIC COMPANY,18.978712,72.828654,0,NULL
JARIMARI_SAKINAKA_BUS,JARIMARI (SAKINAKA),19.093585,72.88314800000001,0,NULL
APMC_SECTOR_26_BUS,A.P.M.C SECTOR 26,19.086565,73.011985,0,NULL
CHAKALA_BUS,CHAKALA,19.11492,72.85842700000001,0,NULL
MINERVA_TALKIES_BUS,MINERVA TALKIES,18.964584,72.81855299999999,0,NULL
TAKSHILA_BUS,TAKSHILA,19.129489,72.868189,0,NULL
RETREAT_HOTEL_MADH_BUS,RETREAT HOTEL (MADH),19.153734,72.78936899999999,0,NULL
SURUCHI_BUS,SURUCHI,19.207649,72.864514,0,NULL
CKPCOLONY_BUS,C.K.P.COLONY,19.232302,72.846743,0,NULL
KHARI_GAON_BUS,KHARI GAON,19.30542,72.857854,0,NULL
TEMBIPADA_BUS,TEMBIPADA,19.156151,72.92984300000001,0,NULL
JUHU_VILLAGE_NAVI_MUMBAI_BUS,JUHU VILLAGE (NAVI MUMBAI),19.086811,73.003196,0,NULL
KHODADAD_CIRCLE_DADAR_TT_BUS,KHODADAD CIRCLE (DADAR TT),19.01636,72.84647200000001,0,NULL
KURLA_STATION_W_BUS,KURLA STATION (W),19.06714,72.879255,0,NULL
SAMBHAJI_NAGAR_VILE_PARLE-E_BUS,SAMBHAJI NAGAR (VILE PARLE-E),19.099876,72.853932,0,NULL
KHERWADI_BANDRA-E_BUS,KHERWADI (BANDRA-E),19.062217,72.846441,0,NULL
BYCULLA_STATION_W_BUS,BYCULLA STATION (W),18.97698,72.83216899999999,0,NULL
GARWARE_CHOWK_BUS,GARWARE CHOWK,19.109958,72.85289899999999,0,NULL
SAIBABA_MANDIR_SAMATA_NAGAR_BUS,SAIBABA MANDIR (SAMATA NAGAR),19.205801,72.871628,0,NULL
STXAVIER_S_HIGH_SCHOOL_KASHIMIRA_BUS,ST.XAVIER S HIGH SCHOOL (KASHIMIRA),19.2695167,72.8883167,0,NULL
NARMADESHWAR_MANDIR_BUS,NARMADESHWAR MANDIR,19.041247,72.938604,0,NULL
"KAMAL_BAUG,_14TH_BUNGALOWS_-MADH_BUS","KAMAL BAUG, 14TH BUNGALOWS -(MADH)",19.15572,72.78803600000001,0,NULL
NEW_SHAKTI_MILL_BUS,NEW SHAKTI MILL,19.200681,72.975611,0,NULL
BABASAHEB_WORLIKAR_CHOWK_CENTURY_BAZAAR_BUS,BABASAHEB WORLIKAR CHOWK (CENTURY BAZAAR),19.012486,72.822444,0,NULL
RCFCHEMBUR_HOSTEL_BUS,R.C.F.(CHEMBUR) HOSTEL,19.039249,72.893423,0,NULL
ICICI_BANK_BKC_BUS,ICICI BANK (BKC),19.064647,72.861327,0,NULL
TATA_PRESS_NERUL_BUS,TATA PRESS (NERUL),19.03913,73.028738,0,NULL
BHARATI_VIDYAPITH_BUS,BHARATI VIDYAPITH,19.026416,73.056802,0,NULL
SIDDHARTH_NAGAR_THANE_BUS,SIDDHARTH NAGAR (THANE),19.182505,72.970675,0,NULL
STANDARD_ALKALI_COMPANY_BUS,STANDARD ALKALI COMPANY,19.119776,73.006388,0,NULL
RAM_BHAVAN_BUS,RAM BHAVAN,19.090449,72.904017,0,NULL
GURU_TEG_BAHADUR_NAGAR_STATION_BUS,GURU TEG BAHADUR NAGAR STATION,19.037094,72.86278799999999,0,NULL
"BANDRA_TALKIES,_SHROFF_EYE_HOSPITAL_BUS","BANDRA TALKIES, SHROFF EYE HOSPITAL",19.06101,72.837149,0,NULL
"GARWARE_CHOWK,_KOLDONGRI_NO2_BUS","GARWARE CHOWK, KOLDONGRI NO.2",19.109415,72.852035,0,NULL
TEEN_BAKDA_WALKESHWAR_BUS,TEEN BAKDA (WALKESHWAR),18.953616,72.80690199999999,0,NULL
MANTRALAYA_BUS,MANTRALAYA,18.927855,72.824868,0,NULL
GHATKOPAR_STATION_E_BUS,GHATKOPAR STATION (E),19.083809,72.90573000000001,0,NULL
GHATKOPAR_BUS_STATION_BUS,GHATKOPAR BUS STATION,19.088094,72.91833800000001,0,NULL
JOGESHWARI_E_POLICE_STATION_BUS,JOGESHWARI (E) POLICE STATION,19.138832,72.855114,0,NULL
CROMPTON_GREAVES_BUS,CROMPTON GREAVES,19.13446,72.93488499999999,0,NULL
ANNABHAU_SATHE_NAGAR_MANKHURD_BUS,ANNABHAU SATHE NAGAR (MANKHURD),19.056595,72.93021299999999,0,NULL
PANCHAVATI_HOUSING_SOCIETY_BUS,PANCHAVATI HOUSING SOCIETY,19.177913,72.85576500000001,0,NULL
"VIRWANI_ESTATE,_SARVODAYA_NAGAR_BUS","VIRWANI ESTATE, SARVODAYA NAGAR",19.17114,72.85903,0,NULL
RABALE_POLICE_STATION_BUS,RABALE POLICE STATION,19.145895,73.00089199999999,0,NULL
PARVAT_NAGAR_BUS,PARVAT NAGAR,19.243539,72.860004,0,NULL
"AMARNATH_PATIL_SPORT_COMPLEX,_BANGANGA_BUS","AMARNATH PATIL SPORT COMPLEX, BANGANGA",19.050521,72.91423399999999,0,NULL
STMARY_S_HIGH_SCHOOL_MAZGAON_BUS,ST.MARY S HIGH SCHOOL (MAZGAON),18.96989,72.83508,0,NULL
GOREGAON_TELEPHONE_EXCHANGE_BUS,GOREGAON TELEPHONE EXCHANGE,19.157542,72.85668099999999,0,NULL
CHAITANYA_HOSPITAL_BUS,CHAITANYA HOSPITAL,19.2903,72.863867,0,NULL
FREE_PRESS_JOURNAL_MARG_BUS,FREE PRESS JOURNAL MARG,18.92463,72.82508900000001,0,NULL
VATSALABAI_DESAI_CHOWK_HAJI_ALI_BUS,VATSALABAI DESAI CHOWK (HAJI ALI),18.979965,72.812918,0,NULL
SAFED_POOL_SAKI_NAKA_BUS,SAFED POOL (SAKI NAKA),19.096503,72.883679,0,NULL
"SARVODAYA,_PARSHWANATH_NAGAR_MULUND-W_BUS","SARVODAYA, PARSHWANATH NAGAR (MULUND-W)",19.163868,72.947001,0,NULL
NANA_CHOWK_BUS,NANA CHOWK,18.962049,72.81249699999999,0,NULL
NATASHA_TOWER_BUS,NATASHA TOWER,19.126487,72.82126599999999,0,NULL
DAVCOLLEGE_BUS,D.A.V.COLLEGE,19.138661,72.935692,0,NULL
ANUSHAKTI_NAGAR_BUS_STATION_BUS,ANUSHAKTI NAGAR BUS STATION,19.042763,72.92650999999999,0,NULL
"MACCHIMAR_NAGAR,_RAHEJA_HOSPITAL_MAHIM_BUS","MACCHIMAR NAGAR, RAHEJA HOSPITAL (MAHIM)",19.045501,72.841835,0,NULL
MILLENNIUM_BUSINESS_PARK_MAHAPE_BUS,MILLENNIUM BUSINESS PARK (MAHAPE),19.113892,73.01621400000001,0,NULL
VAKOLA_MASJID_BUS,VAKOLA MASJID,19.081637,72.85556800000001,0,NULL
MANTRALAYA_BUS,MANTRALAYA,18.929327,72.824212,0,NULL
MANTRALAYA_BUS,MANTRALAYA,18.928749,72.824583,0,NULL
PARSIK_SHIV_MANDIR_BUS,PARSIK SHIV MANDIR,19.202989,73.004614,0,NULL
RIDDHI_SIDDHI_BUS,RIDDHI SIDDHI,19.137274,72.810535,0,NULL
GAONDEVI_POLICE_STATION_BUS,GAONDEVI POLICE STATION,18.959763,72.81208100000001,0,NULL
NERUL_NAKA_BUS,NERUL NAKA,19.046404,73.025302,0,NULL
NAVJEEVAN_SOCIETY_CHEMBUR_BUS,NAVJEEVAN SOCIETY (CHEMBUR),19.048003,72.893315,0,NULL
BHANDUP_STATION_W_ROAD_BUS,BHANDUP STATION (W) ROAD,19.145898,72.935776,0,NULL
ANDHERI_STATION_W_BUS,ANDHERI STATION (W),19.1212167,72.8459333,0,NULL
INCOME_TAX_OFFICE_BKC_BUS,INCOME TAX OFFICE (BKC),19.059051,72.854709,0,NULL
GANESHMURTI_NAGAR_POLICE_CHOWKY_BUS,GANESHMURTI NAGAR POLICE CHOWKY,18.910166,72.813264,0,NULL
SAMRAT_HOTEL_MATUNGA-E_BUS,SAMRAT HOTEL (MATUNGA-E),19.030918,72.844857,0,NULL
KANDIVALI_STATION_ROAD_W_BUS,KANDIVALI STATION ROAD (W),19.205879,72.850003,0,NULL
CHIKOOWADI_BUS,CHIKOOWADI,19.219748,72.83847799999999,0,NULL
THAKUR_PAKHADI_BUS,THAKUR PAKHADI,19.234768,72.846018,0,NULL
NEW_GREEN_WOOD_GARDAN_BUS,NEW GREEN WOOD GARDAN,19.2701667,72.8896,0,NULL
SHITALADEVI_TEMPLE_MAHIM_BUS,SHITALADEVI TEMPLE (MAHIM),19.033965,72.842299,0,NULL
KURAR_VILLAGE_BUS,KURAR VILLAGE,19.185865,72.858346,0,NULL
SKRESORT_BORIVALI__-W_BUS,S.K.RESORT (BORIVALI  -W),19.239868,72.842885,0,NULL
"SUMER_HOUSE,_SURAJ_DIAMOND_BUS","SUMER HOUSE, SURAJ DIAMOND",19.121595,72.873583,0,NULL
SHEETAL_CINEMA_KURLA-W_BUS,SHEETAL CINEMA (KURLA-W),19.082247,72.88208899999999,0,NULL
PRABODHANKAR_THACKERAY_CHOWK_DADAR-W_BUS,PRABODHANKAR THACKERAY CHOWK (DADAR-W),19.017699,72.83543400000001,0,NULL
"CHEMBUR_LEVEL_CROSSING,_SHELL_BRIDGE_BUS","CHEMBUR LEVEL CROSSING, SHELL BRIDGE",19.06357,72.89764099999999,0,NULL
PERI_CROSS_ROAD_BUS,PERI CROSS ROAD,19.059953,72.82396300000001,0,NULL
JANATA_MARKET_BHANDUP-W_BUS,JANATA MARKET (BHANDUP-W),19.142645,72.933077,0,NULL
RANADE_ROAD_DADAR-W_BUS,RANADE ROAD (DADAR-W),19.022019,72.837834,0,NULL
DOMESTIC_AIRPORT_JUNCTION_BUS,DOMESTIC AIRPORT JUNCTION,19.097744,72.853677,0,NULL
BANWARI_COMPOUND_BUS,BANWARI COMPOUND,19.045631,72.847022,0,NULL
VASHI_SECTOR_19_BUS,VASHI SECTOR 19,19.084081,73.011909,0,NULL
"GOREGAON,_OSHIWARA_DEPOT_BUS","GOREGAON, OSHIWARA DEPOT",19.154412,72.835407,0,NULL
"SPECIAL_STEEL,_RAJENDRA_NAGAR_BUS","SPECIAL STEEL, RAJENDRA NAGAR",19.221453,72.86403,0,NULL
HOLY_FAMILY_HOSPITAL_BANDRA-W_BUS,HOLY FAMILY HOSPITAL (BANDRA-W),19.054715,72.82757700000001,0,NULL
TUNGA_VILLAGE_BUS,TUNGA VILLAGE,19.12135,72.891071,0,NULL
GOREGAON_W_BUS_STATION_BUS,GOREGAON (W) BUS STATION,19.163654,72.848643,0,NULL
MONGINIS_ANDHERI-W_BUS,MONGINIS (ANDHERI-W),19.138456,72.831883,0,NULL
BYCULLA_STATION_W_BUS,BYCULLA STATION (W),18.976067,72.832037,0,NULL
NAVJEEVAN_VIDYAMANDIR_BHANDUP-W_BUS,NAVJEEVAN VIDYAMANDIR (BHANDUP-W),19.151633,72.92992,0,NULL
BANK_OF_MAHARASHTRA_KANDIVALI-W_BUS,BANK OF MAHARASHTRA (KANDIVALI-W),19.213011,72.82839300000001,0,NULL
D_MART_SHOPPING_CENTRE-MALAD-W_BUS,D MART SHOPPING CENTRE-MALAD-W,19.186167,72.83583,0,NULL
"LALLUBHAI_COMPOUND,_DRAMBEDKAR_CHOWK_BUS","LALLUBHAI COMPOUND, DR.AMBEDKAR CHOWK",19.053803,72.92707799999999,0,NULL
BANDRA_POLICE_STATION_BUS,BANDRA POLICE STATION,19.056103,72.835015,0,NULL
NOORBAUG_BUS,NOORBAUG,18.9626,72.836966,0,NULL
DADASAHEB_PHALKE_CHITRANAGRI_BUS,DADASAHEB PHALKE CHITRANAGRI,19.163258,72.88762199999999,0,NULL
RANI_SATI_MARG_MALAD-E_MUNICIPAL_SCHOOL_BUS,RANI SATI MARG (MALAD-E) MUNICIPAL SCHOOL,19.183513,72.852386,0,NULL
STPETER_S_CHURCH_BANDRA-W_BUS,ST.PETER S CHURCH (BANDRA-W),19.05526,72.830551,0,NULL
GOKHALE_BRIDGE_BUS,GOKHALE BRIDGE,19.115214,72.849645,0,NULL
DATTAPADA_PHATAK_BUS,DATTAPADA PHATAK,19.224285,72.856629,0,NULL
SKSTONE_MIRA_ROAD_BUS,S.K.STONE (MIRA ROAD),19.285163,72.869635,0,NULL
RCFCHEMBUROFFICE_BUS,R.C.F.(CHEMBUR)OFFICE,19.038615,72.891096,0,NULL
"YOGI_NAGAR,_JAYRAJ_NAGAR_BORIVALI_-W_BUS","YOGI NAGAR, JAYRAJ NAGAR (BORIVALI -W)",19.234556,72.840512,0,NULL
JVPDBUS_STATION_BUS,J.V.P.D.BUS STATION,19.116168,72.831045,0,NULL
LALLUBHAI_COMPOUND_POLICE_CHOWKY_BUS,LALLUBHAI COMPOUND POLICE CHOWKY,19.052691,72.927088,0,NULL
SAMAJ_MANDIR_HALL_SION_KOLIWADA_BUS,SAMAJ MANDIR HALL (SION KOLIWADA),19.039156,72.86803,0,NULL
GURU_NANAK_NAGAR_GHATKOPAR-W_BUS,GURU NANAK NAGAR (GHATKOPAR-W),19.085305,72.893395,0,NULL
GANDHI_MARKET_GHATKOPAR-E_BUS,GANDHI MARKET (GHATKOPAR-E),19.081595,72.904438,0,NULL
HARE_RAM_HARE_KRISHNA_ISKCON_BUS,HARE RAM HARE KRISHNA (ISKCON),19.113,72.82608999999999,0,NULL
KHODADAD_CIRCLE_DADAR_TT_BUS,KHODADAD CIRCLE (DADAR TT),19.019045,72.84898699999999,0,NULL
MANKHURD_OCTROI_NAKA_BUS,MANKHURD OCTROI NAKA,19.057257,72.955276,0,NULL
DONGRI_BUS,DONGRI,18.958073,72.835346,0,NULL
JUMBO_DARSHAN_ANDHERI-E_BUS,JUMBO DARSHAN (ANDHERI-E),19.114267,72.85242100000001,0,NULL
"RAM_GANESH_GADKARI_CHOWK,_BALMOHAN_VIDYALAY_BUS","RAM GANESH GADKARI CHOWK, BALMOHAN VIDYALAY",19.02586,72.83950299999999,0,NULL
WADALA_TRUCK_TERMINAL_MAIN_GATE_BUS,WADALA TRUCK TERMINAL (MAIN GATE),19.036452,72.880229,0,NULL
SUNDAR_GALLI_BYCULLA-W_BUS,SUNDAR GALLI (BYCULLA-W),18.976319,72.830432,0,NULL
KAMOTHE_JUNCTION_BUS,KAMOTHE JUNCTION,19.023796,73.098472,0,NULL
RANA_&_SONS_BUS,RANA & SONS,19.210362,72.825951,0,NULL
HUTATMA_CHOWK_BUS,HUTATMA CHOWK,18.929864,72.829623,0,NULL
HIRA_MONGI_NAVNEET_HOSPITAL_BUS,HIRA MONGI NAVNEET HOSPITAL,19.171158,72.950395,0,NULL
MALVANI_BLOCK_NO6_BUS,MALVANI BLOCK NO.6,19.189815,72.81992,0,NULL
"NANA_CHOWK,_SHASTRI_HALL_BUS","NANA CHOWK, SHASTRI HALL",18.96383,72.81339699999999,0,NULL
NEW_ERA_TALKIES_BUS,NEW ERA TALKIES,19.182461,72.846948,0,NULL
MOUNT_MARY_STEPS_MUNICIPAL_GARDEN_BUS,MOUNT MARY STEPS (MUNICIPAL GARDEN),19.04821,72.82597699999999,0,NULL
DHAKE_COLONY_BUS,DHAKE COLONY,19.127715,72.83249000000001,0,NULL
VIKHROLI_STATION_ROAD_W_BUS,VIKHROLI STATION ROAD (W),19.111648,72.925669,0,NULL
ANTOP_HILL_BUS,ANTOP HILL,19.026625,72.86641299999999,0,NULL
NEW_INDIA_QUARTERS_ANDHERI-W_BUS,NEW INDIA QUARTERS (ANDHERI-W),19.114073,72.83941900000001,0,NULL
FAMOUS_STUDIO_BUS,FAMOUS STUDIO,18.985918,72.82401400000001,0,NULL
AANGAN_BUS,AANGAN,19.208105,72.87291,0,NULL
VASHI_BUS_STATION_BUS,VASHI BUS STATION,19.075249,72.996827,0,NULL
MIRA_ROAD_STATION_E_BUS,MIRA ROAD STATION (E),19.281317,72.858068,0,NULL
SARDAR_PATEL_NAGAR_PARK_STREET_BUS,SARDAR PATEL NAGAR (PARK STREET),19.141374,72.819543,0,NULL
"KAMOTHE_VILLAGE,_MANSAROVAR_BUS","KAMOTHE VILLAGE, MANSAROVAR",19.025759,73.095871,0,NULL
CGSCOLONY_BHANDUP-E_BUS,C.G.S.COLONY (BHANDUP-E),19.141101,72.93765,0,NULL
NEHRU_NAGAR_KURLA-E_BUS,NEHRU NAGAR (KURLA-E),19.061722,72.883638,0,NULL
MUNICIPAL_COLONY_SECTOR_-D_GOREGAON-E_BUS,MUNICIPAL COLONY SECTOR -D (GOREGAON-E),19.173237,72.87964100000001,0,NULL
"SHIVSHAHI_PRAKALP,_MANTRI_PARK_BUS","SHIVSHAHI PRAKALP, MANTRI PARK",19.167754,72.881497,0,NULL
"VIRWANI_ESTATE,_SARVODAYA_NAGAR_BUS","VIRWANI ESTATE, SARVODAYA NAGAR",19.169785,72.859829,0,NULL
"LOKSHAHIR_SATHE_UDYAN,_SUMAN_NAGAR_BUS","LOKSHAHIR SATHE UDYAN, SUMAN NAGAR",19.053564,72.883955,0,NULL
EVEREST_SOCIETY_KURLA-E_BUS,EVEREST SOCIETY (KURLA-E),19.061092,72.890602,0,NULL
MAZGAON_DOCK_BUS,MAZGAON DOCK,19.024449,72.890029,0,NULL
SHIVSHRUSHTI_KURLA-E_BUS,SHIVSHRUSHTI (KURLA-E),19.055018,72.882482,0,NULL
ANDHERI_STATION_W_BUS,ANDHERI STATION (W),19.116603,72.845947,0,NULL
ANDHERI_MARKET_BUS,ANDHERI MARKET,19.123342,72.846608,0,NULL
TELEPHONE_EXCHANGE_ANDHERI-W_BUS,TELEPHONE EXCHANGE (ANDHERI-W),19.133754,72.825785,0,NULL
CHANDIVALI_JUNCTION_BUS,CHANDIVALI JUNCTION,19.112766,72.88837599999999,0,NULL
JOHN_BACKER_BUS,JOHN BACKER,19.115893,72.88919199999999,0,NULL
KURLA_DEPOT_BUS,KURLA DEPOT,19.076092,72.87671400000001,0,NULL
STTERESA_CONVENT_SCHOOL_SANTACRUZ-W_BUS,ST.TERESA CONVENT SCHOOL (SANTACRUZ-W),19.077172,72.83766,0,NULL
BRIMCO_BUS,BRIMCO,19.207415,72.822986,0,NULL
DHAIRYAVAN_CHOWK_BUS,DHAIRYAVAN CHOWK,19.031476,72.842653,0,NULL
PRIYADARSHINI_PARK_NAPEAN_SEA_ROAD_BUS,PRIYADARSHINI PARK (NAPEAN SEA ROAD),18.956329,72.79966400000001,0,NULL
"MUSTAFA_BAZAR,_SAVLYA_TANDEL_CHOWK_BUS","MUSTAFA BAZAR, SAVLYA TANDEL CHOWK",18.975865,72.840565,0,NULL
"ANJANABAI_MAGAR_CHOWK,_SWATANTRA_SAINIK_SURVE_CHOWK_BUS","ANJANABAI MAGAR CHOWK, SWATANTRA SAINIK SURVE CHOWK",19.070246,72.875291,0,NULL
MAYUR_NAGAR_AAREY_COLONY_BUS,MAYUR NAGAR (AAREY COLONY),19.155731,72.88427900000001,0,NULL
JAIHIND_CINEMA_BUS,JAIHIND CINEMA,18.985646,72.835353,0,NULL
BORIVALI_W_STATION_BUS,BORIVALI (W) STATION,19.228684,72.85503799999999,0,NULL
SNDT_JUHU_BUS,S.N.D.T. (JUHU),19.085541,72.829491,0,NULL
AZAD_NAGAR_MIRA_ROAD_BUS,AZAD NAGAR (MIRA ROAD),19.296765,72.85727900000001,0,NULL
CHEMBUR_COLONY_BUS,CHEMBUR COLONY,19.045681,72.894447,0,NULL
GOVERNMENT_LAW_COLLEGE_BUS,GOVERNMENT LAW COLLEGE,18.935615,72.82416000000001,0,NULL
ANDHERI_STATION_W_BUS,ANDHERI STATION (W),19.118906,72.845223,0,NULL
BANDRA_RAILWAY_TERMINUS_BUS,BANDRA RAILWAY TERMINUS,19.062513,72.84170899999999,0,NULL
SIDDHIVINAYAK_MANDIR_PRABHADEVI_BUS,SIDDHIVINAYAK MANDIR (PRABHADEVI),19.019241,72.83181399999999,0,NULL
LAXMANRAO_YADAV_MARKET_KURLA_MARKET_BUS,LAXMANRAO YADAV MARKET (KURLA MARKET),19.070239,72.879234,0,NULL
NANA-NANI_PARK_VERSOVA_BUS,NANA-NANI PARK (VERSOVA),19.127217,72.81903200000001,0,NULL
DATTA_WADI_BUS,DATTA WADI,19.20047,72.998632,0,NULL
"KHAR,_LINKING_ROAD_BUS","KHAR, LINKING ROAD",19.071009,72.83394,0,NULL
"MUKUND_COMPANY,_PWDOFFICE_KAMANI_BUS","MUKUND COMPANY, P.W.D.OFFICE (KAMANI)",19.084734,72.88891,0,NULL
CHAKALA_MARKET_BUS,CHAKALA MARKET,18.9494,72.834706,0,NULL
MAGATHANE_TELEPHONE_EXCHANGE_BUS,MAGATHANE TELEPHONE EXCHANGE,19.216116,72.867476,0,NULL
SHANTARAM_TALAO_MALAD-E_BUS,SHANTARAM TALAO (MALAD-E),19.185678,72.85921500000001,0,NULL
VAISHALI_BHAVAN_KANDIVALI-W_BUS,VAISHALI BHAVAN (KANDIVALI-W),19.204924,72.839401,0,NULL
RASHMI_RATHI_SOCIETY_BUS,RASHMI RATHI SOCIETY,19.215284,72.83577,0,NULL
ANIRUDDHA_BHAVAN_BUS,ANIRUDDHA BHAVAN,19.053092,73.016535,0,NULL
SARVODAYA_NAGAR_JOGESHWARI-E_BUS,SARVODAYA NAGAR (JOGESHWARI-E),19.134482,72.863558,0,NULL
"MAHARASHTRA_NATURE_PARK,_PMGP_COLONY_DHARAVI_BUS","MAHARASHTRA NATURE PARK, P.M.G.P COLONY (DHARAVI)",19.051602,72.86181999999999,0,NULL
PUSHPA_PARK_MALAD-E_BUS,PUSHPA PARK (MALAD-E),19.188584,72.857964,0,NULL
INTER_STATE_BUS_STATION_ANIK_BUS,INTER STATE BUS STATION (ANIK),19.042504,72.878497,0,NULL
LALJIPADA_BUS,LALJIPADA,19.202491,72.83410600000001,0,NULL
JAWAHAR_NAGAR_GOREGAON-W_BUS,JAWAHAR NAGAR (GOREGAON-W),19.160635,72.845879,0,NULL
MHBCOLONY_BORIVALI_-W_BUS,M.H.B.COLONY (BORIVALI -W),19.230634,72.83792699999999,0,NULL
SIMPLEX_MILL_BUS,SIMPLEX MILL,18.979978,72.83096999999999,0,NULL
CHOKSI_HOSPITAL_BUS,CHOKSI HOSPITAL,19.191892,72.844812,0,NULL
JUHU_NAGAR_VASHI_BUS,JUHU NAGAR (VASHI),19.084752,73.00185500000001,0,NULL
MAZGAON_DOCK_BUS,MAZGAON DOCK,18.965597,72.847105,0,NULL
SEEPZ_BUS_STATION_BUS,SEEPZ BUS STATION,19.124377,72.872308,0,NULL
GORAI_CREEK_BUS,GORAI CREEK,19.232983,72.824763,0,NULL
NAVA_GAON_DAHISAR-W_BUS,NAVA GAON (DAHISAR-W),19.251368,72.853864,0,NULL
SUVIDHYA_SCHOOL_GORAI_BUS,SUVIDHYA SCHOOL (GORAI),19.229281,72.828484,0,NULL
ANTOP_HILL_BUS_STATION_BUS,ANTOP HILL BUS STATION,19.026453,72.866195,0,NULL
WADALA_FLYOVER_BRIDGE_BUS,WADALA FLYOVER BRIDGE,19.018564,72.862362,0,NULL
DEONAR_MUNICIPAL_COLONY_BUS,DEONAR MUNICIPAL COLONY,19.054525,72.923582,0,NULL
DADOJI_KONDEV_NAGAR_KHARDEV_NAGAR_BUS,DADOJI KONDEV NAGAR (KHARDEV NAGAR),19.056003,72.910138,0,NULL
NEW_GAUTAM_NAGAR_GOVANDI_BUS,NEW GAUTAM NAGAR (GOVANDI),19.060756,72.914393,0,NULL
KELKARWADI_BUS,KELKARWADI,19.052832,72.908163,0,NULL
BHANDUP_PUMPING_CENTRE_BUS,BHANDUP PUMPING CENTRE,19.154915,72.95573899999999,0,NULL
BRAHMAND_AZAD_NAGAR_BUS,BRAHMAND AZAD NAGAR,19.241144,72.975919,0,NULL
LABOUR_CAMP_DHARAVI_BUS,LABOUR CAMP (DHARAVI),19.037501,72.85347,0,NULL
NOORANI_MASJID_PATHANWADI_BUS,NOORANI MASJID (PATHANWADI),19.179272,72.862419,0,NULL
"AROGYA_HOSPITAL,_D_MART_BUS","AROGYA HOSPITAL, D MART",19.019494,73.016248,0,NULL
WADALA_BUS_DEPOT_BUS,WADALA BUS DEPOT,19.014386,72.853246,0,NULL
STRAND_CINEMA_BUS,STRAND CINEMA,18.918037,72.82803800000001,0,NULL
SATYAM_INDUSTRIES_BUS,SATYAM INDUSTRIES,19.139553,72.851939,0,NULL
VATSALABAI_DESAI_CHOWK_HAJI_ALI_BUS,VATSALABAI DESAI CHOWK (HAJI ALI),18.97833,72.813536,0,NULL
SIES_COLLEGE_NERUL_BUS,S.I.E.S COLLEGE (NERUL),19.042015,73.02236499999999,0,NULL
MALAD_STATION_W_BUS,MALAD STATION (W),19.186546,72.848381,0,NULL
ASMITA_JYOTI_BUS,ASMITA JYOTI,19.196912,72.827664,0,NULL
"SAVE_NAGAR,_GAONDEVI_MANDIR_DAHISAR-E_BUS","SAVE NAGAR, GAONDEVI MANDIR (DAHISAR-E)",19.255166,72.86079599999999,0,NULL
RAMESHWAR_BANK_BORIVALI_-W_BUS,RAMESHWAR BANK (BORIVALI -W),19.2277,72.84094399999999,0,NULL
PAREL_STAFF_QUARTERS_BUS,PAREL STAFF QUARTERS,18.996288,72.84225000000001,0,NULL
TRANSIT_CAMP_DISPENSARY_BUS,TRANSIT CAMP DISPENSARY,19.041967,72.87058399999999,0,NULL
MEGA_MART_BUS,MEGA MART,19.086619,73.012061,0,NULL
MALVANI_BLOCK_NO6_BUS,MALVANI BLOCK NO.6,19.189607,72.819863,0,NULL
ADMODI_INSTITUTE_VIDYA_NAGARI_BUS,A.D.MODI INSTITUTE (VIDYA NAGARI),19.069371,72.859301,0,NULL
RBICOLONY_CBDBELAPUR_BUS,R.B.I.COLONY (C.B.D.BELAPUR),19.022652,73.049429,0,NULL
CHHATRAPATI_SHIVAJI_MAHARAJ_TERMINUSCSMT_BUS,CHHATRAPATI SHIVAJI MAHARAJ TERMINUS(CSMT),18.939155,72.835312,0,NULL
SAMATA_NAGAR_BUS_STATION_KANDIVALI-E_BUS,SAMATA NAGAR BUS STATION (KANDIVALI-E),19.206496,72.869944,0,NULL
UMA_MAHESHWARI_MANDIR_BUS,UMA MAHESHWARI MANDIR,19.093631,72.886398,0,NULL
"AMBIKA_MILL_BUS_STATION,_HURAKHANGI_CHOWK_BUS","AMBIKA MILL BUS STATION, H.U.RAKHANGI CHOWK",18.990199,72.823222,0,NULL
YASHWANTRAO_CHAVAN_PRATISHTHAN_MANTRALAYA_BUS,YASHWANTRAO CHAVAN PRATISHTHAN (MANTRALAYA),18.925832,72.825895,0,NULL
CITI_BANK_BKC_BUS,CITI BANK (BKC),19.068526,72.867767,0,NULL
SANPADA_POLICE_CHOWKY_BUS,SANPADA POLICE CHOWKY,19.062779,73.010344,0,NULL
GOPAL_BHAVAN_GHATKOPAR-W_BUS,GOPAL BHAVAN (GHATKOPAR-W),19.089917,72.90893,0,NULL
SAI_GARDEN_KANDIVALI-E_BUS,SAI GARDEN (KANDIVALI-E),19.199795,72.873644,0,NULL
JAMBHULPADA_BUS,JAMBHULPADA,19.093952,72.898979,0,NULL
GHATKOPAR_STATION_W_BUS,GHATKOPAR STATION (W),19.087758,72.908608,0,NULL
GOVANDI_STATION_ROAD_W_BUS,GOVANDI STATION ROAD (W),19.055363,72.916076,0,NULL
"PETROL_PUMP,_MAHESHWARI_MANSION_NAPEAN_SEA_ROAD_BUS","PETROL PUMP, MAHESHWARI MANSION (NAPEAN SEA ROAD)",18.961146,72.801407,0,NULL
BKC_TELEPHONE_EXCHANGE_BUS,BKC TELEPHONE EXCHANGE,19.071012,72.87154700000001,0,NULL
MUNICIPAL_GARDEN_BORIVALI_-W_BUS,MUNICIPAL GARDEN (BORIVALI -W),19.238212,72.84979199999999,0,NULL
MAHATMA_PHULE_MARKET_CRAWFORD_MARKET_BUS,MAHATMA PHULE MARKET (CRAWFORD MARKET),18.946924,72.83337899999999,0,NULL
"SAMAJ_MANDIR_HALL_SION_KOLIWADA,_PRATIKSHA_NAGAR_NO1_BUS","SAMAJ MANDIR HALL (SION KOLIWADA), PRATIKSHA NAGAR NO.1",19.041162,72.868799,0,NULL
DADAR_MARKET_BUS,DADAR MARKET,19.021824,72.844084,0,NULL
OVALE_BUS,OVALE,19.275935,72.958951,0,NULL
GANDHI_NAGAR_THANE_BUS,GANDHI NAGAR (THANE),19.2183167,72.9702333,0,NULL
GLAXO_COMPANY_BUS,GLAXO COMPANY,19.219066,72.967539,0,NULL
HARI_NIWAS_THANE_BUS,HARI NIWAS (THANE),19.191783,72.96851700000001,0,NULL
"INDIAN_BANK,_HIRANANDANI_THANE-_W_BUS","INDIAN BANK, HIRANANDANI (THANE- W)",19.253856,72.98164199999999,0,NULL
RREDUCATION_VIDYALAYA_BUS,R.R.EDUCATION VIDYALAYA,19.16778,72.96673800000001,0,NULL
VASTU_ANAND_BUS,VASTU ANAND,19.206619,73.009874,0,NULL
"CHINCHVALI_PHATAK,_SARVODAYA_BALIKA_VIDYALAYA_BUS","CHINCHVALI PHATAK, SARVODAYA BALIKA VIDYALAYA",19.178413,72.84558199999999,0,NULL
HUTATMA_CHOWK_BUS,HUTATMA CHOWK,18.929441,72.831389,0,NULL
SANDHURST_ROAD_STATION_BUS,SANDHURST ROAD STATION,18.961265,72.83879899999999,0,NULL
"MUSTAFA_BAZAR,_SAVLYA_TANDEL_CHOWK_BUS","MUSTAFA BAZAR, SAVLYA TANDEL CHOWK",18.97676,72.84094399999999,0,NULL
GOL_MANDIR_BHULESHWAR_BUS,GOL MANDIR (BHULESHWAR),18.958204,72.82831899999999,0,NULL
"GOVERNMENT_COLONY,_INDIAN_MEDICAL_ASSOCIATION_CHOWK_BUS","GOVERNMENT COLONY, INDIAN MEDICAL ASSOCIATION CHOWK",18.978937,72.81572,0,NULL
NALANDA_CUMBALLA_HILL_BUS,NALANDA (CUMBALLA HILL),18.967376,72.807906,0,NULL
AKSHAY_BUS,AKSHAY,19.05162,72.831418,0,NULL
KAMALA_VIHAR_SPORTS_COMPLEX_POISAR_BUS,KAMALA VIHAR SPORTS COMPLEX (POISAR),19.21275,72.84339,0,NULL
"VEENA_NAGAR,_GOVARDHAN_NAGAR_BUS","VEENA NAGAR, GOVARDHAN NAGAR",19.181936,72.947019,0,NULL
SUBHASH_NAGAR_KHAIRANI_ROAD_BUS,SUBHASH NAGAR (KHAIRANI ROAD),19.09696,72.897733,0,NULL
CENTURY_MILL_BUS,CENTURY MILL,19.006292,72.82646699999999,0,NULL
MARATHI_VIDYALAYA_GHATKOPAR-E_BUS,MARATHI VIDYALAYA (GHATKOPAR-E),19.088248,72.91699800000001,0,NULL
BYCULLA_STATION_E_BUS,BYCULLA STATION (E),18.978146,72.83383000000001,0,NULL
SHIVRAJ_BHAVAN_BUS,SHIVRAJ BHAVAN,19.006315,72.83463500000001,0,NULL
"MITH_CHOWKY,_KAVIVRKANT_CHOWK_BUS","MITH CHOWKY, KAVI.V.R.KANT CHOWK",19.196672,72.83371200000001,0,NULL
"CHEMBUR_NAKA,_SWAMI_VIVEKANAND_CHOWK_BUS","CHEMBUR NAKA, SWAMI VIVEKANAND CHOWK",19.052954,72.894396,0,NULL
KOKAN_NAGAR_BHANDUP-W_BUS,KOKAN NAGAR (BHANDUP-W),19.144177,72.92824899999999,0,NULL
IMPERIAL_SQUARE_SOCIETY_BUS,IMPERIAL SQUARE SOCIETY,19.28429,72.94778100000001,0,NULL
"POLICHEM_LIMITED,_PEPSICO_BUS","POLICHEM LIMITED, PEPSICO",19.022205,72.905474,0,NULL
JAIHIND_CINEMA_BUS,JAIHIND CINEMA,18.986079,72.835685,0,NULL
OM_NAGAR_WARE_HOUSE_BUS,OM NAGAR (WARE HOUSE),19.106081,72.867851,0,NULL
JBNAGAR_ANDHERI-E_BUS,J.B.NAGAR (ANDHERI-E),19.111502,72.868865,0,NULL
BAINGANWADI_BUS,BAINGANWADI,19.058717,72.923495,0,NULL
"MUNICIPAL_SCHOOL,_CHINCHVALI_BUNDER_BUS","MUNICIPAL SCHOOL, CHINCHVALI BUNDER",19.178918,72.843081,0,NULL
SAHYADRI_NAGAR_CHARKOP_BUS,SAHYADRI NAGAR (CHARKOP),19.210347,72.829251,0,NULL
CANARA_BANK_KHARGHAR_BUS,CANARA BANK (KHARGHAR),19.035437,73.063942,0,NULL
DRSHIRODKAR_HIGH_SCHOOL_BUS,DR.SHIRODKAR HIGH SCHOOL,18.99948,72.839845,0,NULL
BORIVALI_JAIL_W_BUS,BORIVALI JAIL (W),19.224203,72.85423299999999,0,NULL
PIPE_LINE_MULUND-W_BUS,PIPE LINE (MULUND-W),19.177535,72.940079,0,NULL
PANCHAMRUT_BUS,PANCHAMRUT,19.257234,72.970679,0,NULL
NEW_ZEALAND_HOSTEL_BUS,NEW ZEALAND HOSTEL,19.152179,72.871673,0,NULL
"JANTA_COLONY,_SHIV_MANDIR_BUS","JANTA COLONY, SHIV MANDIR",19.200087,72.833985,0,NULL
"MAHARASHTRA_COLLEGE,_ALEXANDRA_CINEMA_BUS","MAHARASHTRA COLLEGE, ALEXANDRA CINEMA",18.967382,72.827315,0,NULL
STRAND_CINEMA_BUS,STRAND CINEMA,18.918408,72.82848300000001,0,NULL
ASHOK_HOSPITAL_BUS,ASHOK HOSPITAL,19.180938,72.85312,0,NULL
SUNDAR_GALLI_BYCULLA-W_BUS,SUNDAR GALLI (BYCULLA-W),18.976048,72.830698,0,NULL
SHRIPAL_NAGAR_BUS,SHRIPAL NAGAR,19.218269,72.842606,0,NULL
MALVANI_BLOCK_NO7_BUS,MALVANI BLOCK NO.7,19.186218,72.818887,0,NULL
NLCOMPLEX_JUNCTION_DAHISAR-E_BUS,N.L.COMPLEX JUNCTION (DAHISAR-E),19.2601833,72.8653333,0,NULL
"KHAR,_LINKING_ROAD_BUS","KHAR, LINKING ROAD",19.072562,72.834053,0,NULL
CHARKOP_SECTOR_5_BUS,CHARKOP SECTOR 5,19.215349,72.825937,0,NULL
MEGA_MART_BUS,MEGA MART,19.091753,73.005364,0,NULL
"MUNICIPAL_WARD_OFFICE,_DRAMBEDKAR_GARDEN_CHEMBUR_BUS","MUNICIPAL WARD OFFICE, DR.AMBEDKAR GARDEN (CHEMBUR)",19.060427,72.899191,0,NULL
KOKAN_NAGAR_BHANDUP-W_BUS,KOKAN NAGAR (BHANDUP-W),19.14456,72.92833400000001,0,NULL
KHIRA_NAGAR_SANTACRUZ-W_BUS,KHIRA NAGAR (SANTACRUZ-W),19.086948,72.8381,0,NULL
SHASTRI_NAGAR_JUHU_BUS,SHASTRI NAGAR (JUHU),19.08699,72.834574,0,NULL
NARAYAN_NAGAR_GHATKOPAR-E_BUS,NARAYAN NAGAR (GHATKOPAR-E),19.085947,72.895286,0,NULL
BAWLA_MASJID_BUS,BAWLA MASJID,18.994786,72.831453,0,NULL
WORLI_SEA_FACE_N_BUS,WORLI SEA FACE (N),19.015617,72.81759700000001,0,NULL
"RAM_GANESH_GADKARI_CHOWK,_BALMOHAN_VIDYALAY_BUS","RAM GANESH GADKARI CHOWK, BALMOHAN VIDYALAY",19.025796,72.839598,0,NULL
JAIN_MANDIR_KANDIVALI-W_BUS,JAIN MANDIR (KANDIVALI-W),19.202094,72.849236,0,NULL
CHARKOP_POLICE_STATION_BUS,CHARKOP POLICE STATION,19.215605,72.819794,0,NULL
CHIRA_BAZAR_BUS,CHIRA BAZAR,18.927765,72.82504900000001,0,NULL
"CARDINAL_GRACIAS_SCHOOL,_TEACHER_S_COLONY_BUS","CARDINAL GRACIAS SCHOOL, TEACHER S COLONY",19.068026,72.846446,0,NULL
"MALAD_STATION_E,_PODDAR_PARK_BUS","MALAD STATION (E), PODDAR PARK",19.18698,72.85018700000001,0,NULL
SHREE_SWAMI_SAMARTH_NAGAR_EXTENSION_BUS,SHREE SWAMI SAMARTH NAGAR (EXTENSION),19.14613,72.825632,0,NULL
CUFFE_PARADE_MACCHIMAR_NAGAR_BUS,CUFFE PARADE MACCHIMAR NAGAR,18.918116,72.824867,0,NULL
PARLESHWAR_MANDIR_BUS,PARLESHWAR MANDIR,19.102871,72.845805,0,NULL
HEMA_PARK_BHANDUP-E_BUS,HEMA PARK (BHANDUP-E),19.148085,72.94253500000001,0,NULL
BALAJI_NAGAR_BUS,BALAJI NAGAR,19.307285,72.849908,0,NULL
MAHALAXMI_TEMPLE_BUS,MAHALAXMI TEMPLE,18.976148,72.807423,0,NULL
"SUKUR_PARK,_SAHYADRI_SOCIETY_BUS","SUKUR PARK, SAHYADRI SOCIETY",19.198953,72.99549399999999,0,NULL
MAMA_HOTEL_BUS,MAMA HOTEL,19.072305,72.82740200000001,0,NULL
NCPA_BUS,N.C.P.A.,18.925216,72.82261099999999,0,NULL
"DRDATTA_SAMANT_CHOWK,_SAKINAKA_BUS","DR.DATTA SAMANT CHOWK, SAKINAKA",19.10599,72.885366,0,NULL
CHEMBUR_PHATAK_BUS,CHEMBUR PHATAK,19.064601,72.899703,0,NULL
SAHAKAR_NAGAR_SCLR-_KURLA-E_BUS,SAHAKAR NAGAR (SCLR- KURLA-E),19.065168,72.89438199999999,0,NULL
MAGATHANE_TELEPHONE_EXCHANGE_BUS,MAGATHANE TELEPHONE EXCHANGE,19.216079,72.867485,0,NULL
GHATKOPAR_POLICE_STATION_BUS,GHATKOPAR POLICE STATION,19.087032,72.899942,0,NULL
SUNDAR_NAGAR_BHAYANDER-E_BUS,SUNDAR NAGAR (BHAYANDER-E),19.284468,72.87118599999999,0,NULL
RANI_LAXMIBAI_CHOWK_SION_BUS,RANI LAXMIBAI CHOWK (SION),19.044927,72.86399,0,NULL
"ANGAN_WADI,_MANALI_VILLAGE_BUS","ANGAN WADI, MANALI VILLAGE",19.235646,72.86567700000001,0,NULL
BANK_OF_BARODA_BKC_BUS,BANK OF BARODA (BKC),19.06136,72.862983,0,NULL
KHARODI_VILLAGE_BUS,KHARODI VILLAGE,19.196336,72.818764,0,NULL
STATE_BANK_BHANDUP_VILLAGE_BUS,STATE BANK (BHANDUP VILLAGE),19.151608,72.945576,0,NULL
SHANTI_ASHRAM_BORIVALI-W_BUS,SHANTI ASHRAM (BORIVALI-W),19.241977,72.846879,0,NULL
GHATKOPAR_STATION_W_BUS,GHATKOPAR STATION (W),19.086655,72.90800900000001,0,NULL
MADINA_MANZIL_MALAD-W_BUS,MADINA MANZIL (MALAD-W),19.173689,72.84605999999999,0,NULL
MIGCOLONY_KALA_NAGAR_BUS,M.I.G.COLONY (KALA NAGAR),19.056572,72.84764199999999,0,NULL
NLVIDYALAYA_MALAD-W_BUS,N.L.VIDYALAYA (MALAD-W),19.192968,72.847007,0,NULL
SANT_GADGE_MAHARAJ_CHOWK_SAATRASTA_BUS,SANT GADGE MAHARAJ CHOWK (SAATRASTA),18.982524,72.827939,0,NULL
SAIFEE_HOSPITAL_BUS,SAIFEE HOSPITAL,18.951701,72.818763,0,NULL
"SHELL_COLONY,_SAMAJ_MANDIR_HALL_CHEMBUR_BUS","SHELL COLONY, SAMAJ MANDIR HALL (CHEMBUR)",19.062746,72.89237799999999,0,NULL
KURLA_STATION_W_BUS,KURLA STATION (W),19.067294,72.87915,0,NULL
MUNICIPAL_HOSPITAL_BORIVALI_-W_BUS,MUNICIPAL HOSPITAL (BORIVALI -W),19.25268,72.858524,0,NULL
DAHISAR_STATION_W_BUS,DAHISAR STATION (W),19.249844,72.858896,0,NULL
SOMMAIYA_COLLEGE_VIDYAVIHAR-E_BUS,SOMMAIYA COLLEGE (VIDYAVIHAR-E),19.074024,72.903063,0,NULL
SANTACRUZ_DEPOT_BUS,SANTACRUZ DEPOT,19.090634,72.838391,0,NULL
SHIPPING_CORPORATION_POWAI_BUS,SHIPPING CORPORATION (POWAI),19.12324,72.898066,0,NULL
SHASTRI_NAGAR_THANE_BUS,SHASTRI NAGAR (THANE),19.214188,72.95878,0,NULL
AZAD_NAGAR_WADALA_BUS,AZAD NAGAR (WADALA),19.013709,72.855459,0,NULL
"RETI_BUNDER,_KHARIGAON_KALWA_BUS","RETI BUNDER, KHARIGAON (KALWA)",19.210511,73.015638,0,NULL
GURU_TEG_BAHADUR_NAGAR_STATION_BUS,GURU TEG BAHADUR NAGAR STATION,19.037085,72.862797,0,NULL
SHER-E-PUNJAB_ANDHERI-E_BUS,SHER-E-PUNJAB (ANDHERI-E),19.125916,72.861034,0,NULL
SARAF_CHOUDHARI_NAGAR_BUS,SARAF CHOUDHARI NAGAR,19.209184,72.862734,0,NULL
KANHERI_CAVES_BUS,KANHERI CAVES,19.208731,72.90148600000001,0,NULL
PRATAP_NAGAR_JOGESHWARI-E_BUS,PRATAP NAGAR (JOGESHWARI-E),19.140937,72.856358,0,NULL
SHER-E-PUNJAB_ANDHERI-E_BUS,SHER-E-PUNJAB (ANDHERI-E),19.12431,72.86443800000001,0,NULL
BORIVALI_W_STATION_BUS,BORIVALI (W) STATION,19.229832,72.856464,0,NULL
BORIVALI_W_STATION_BUS,BORIVALI (W) STATION,19.229037,72.85601800000001,0,NULL
DAHISAR_MARKET_BUS,DAHISAR MARKET,19.255733,72.858113,0,NULL
DAHISAR_PHATAK_W_BUS,DAHISAR PHATAK (W),19.247206,72.859003,0,NULL
"DEVIKA_NAGAR,_EKSAR_KOLIWADA_BUS","DEVIKA NAGAR, EKSAR KOLIWADA",19.239574,72.845872,0,NULL
EKSAR_VILLAGE_BUS,EKSAR VILLAGE,19.237785,72.845331,0,NULL
GORAI_BRIDGE_BUS,GORAI BRIDGE,19.226462,72.82759299999999,0,NULL
LIC_OFFICERS_TRAINING_CENTRE_BORIVALI_-W_BUS,LIC OFFICERS TRAINING CENTRE (BORIVALI -W),19.243912,72.84865600000001,0,NULL
SARVODAYA_NAGAR_JOGESHWARI-E_BUS,SARVODAYA NAGAR (JOGESHWARI-E),19.134482,72.863434,0,NULL
WADALA_TRUCK_TERMINAL_MAIN_GATE_BUS,WADALA TRUCK TERMINAL (MAIN GATE),19.036183,72.87925799999999,0,NULL
DARGAH_VIKHROLI-W_BUS,DARGAH (VIKHROLI-W),19.097399,72.91596,0,NULL
GHATKOPAR_DEPOT_BUS,GHATKOPAR DEPOT,19.085899,72.91968799999999,0,NULL
HINDMATA_CINEMA_PAREL_BUS,HINDMATA CINEMA (PAREL),19.010015,72.84218300000001,0,NULL
SISTERS_BUNGALOW_BUS,SISTERS BUNGALOW,19.049443,72.82070299999999,0,NULL
DARYA_MAHAL_BUS,DARYA MAHAL,18.952505,72.797048,0,NULL
KURLA_STATION_W_BUS,KURLA STATION (W),19.067303,72.87916,0,NULL
MAZGAON_COURT_BUS,MAZGAON COURT,18.968826,72.83812,0,NULL
VASANT_VIHAR_BUS,VASANT VIHAR,19.221929,72.97000199999999,0,NULL
BHARAT_PETROLEUM_MAHUL_BUS,BHARAT PETROLEUM (MAHUL),19.013945,72.89816399999999,0,NULL
PANDYA_HOSPITAL_BUS,PANDYA HOSPITAL,19.23339,72.853314,0,NULL
GANDHI_NAGAR_KANJURMARG_BUS,GANDHI NAGAR (KANJURMARG),19.124386,72.925353,0,NULL
WADI_BUNDER_BUS,WADI BUNDER,18.956497,72.84251500000001,0,NULL
NALANDA_SOCIETY_GHATKOPAR-E_BUS,NALANDA SOCIETY (GHATKOPAR-E),19.074876,72.91269800000001,0,NULL
BEST_NAGAR_GOREGAON-W_BUS,BEST NAGAR (GOREGAON-W),19.153269,72.84192,0,NULL
"SHREEKRISHNA_NAGAR,_SHANTIVAN_BORIVALI_-E_BUS","SHREEKRISHNA NAGAR, SHANTIVAN (BORIVALI -E)",19.233061,72.863919,0,NULL
MUCHHALA_COLLEGE_BUS,MUCHHALA COLLEGE,19.262989,72.96857799999999,0,NULL
FILMISTAN_GOREGAON-W_BUS,FILMISTAN (GOREGAON-W),19.164131,72.845896,0,NULL
MAROL_MAROSHI_BUS_STATION_BUS,MAROL MAROSHI BUS STATION,19.116539,72.87987699999999,0,NULL
KASTURI_ESTATE_BUS,KASTURI ESTATE,19.301146,72.85726699999999,0,NULL
PALI_HILL_NAKA_GURU_NANAK_ROAD_BUS,PALI HILL NAKA (GURU NANAK ROAD),19.059596,72.82999599999999,0,NULL
PIPE_LINE_MULUND-W_BUS,PIPE LINE (MULUND-W),19.185251,72.947675,0,NULL
RAM_GANESH_GADKARI_CHOWK_DADAR-W_BUS,RAM GANESH GADKARI CHOWK (DADAR-W),19.026403,72.841022,0,NULL
DINDOSHI_DEPOT_BUS,DINDOSHI DEPOT,19.175452,72.864912,0,NULL
PANJARAPOL_BUS,PANJARAPOL,19.045767,72.907785,0,NULL
BORIVALI_E_STATION_BUS,BORIVALI (E) STATION,19.231884,72.85769000000001,0,NULL
BORIVALI_STATION_E_BUS,BORIVALI STATION (E),19.230665,72.858737,0,NULL
NENSEY_COLONY_BUS,NENSEY COLONY,19.237804,72.86345,0,NULL
OVALE_BUS,OVALE,19.275781,72.958922,0,NULL
PLEASANT_PARK_MIRA_ROAD_BUS,PLEASANT PARK (MIRA ROAD),19.27522,72.87710800000001,0,NULL
AFGHAN_CHURCH_BUS,AFGHAN CHURCH,18.9071833,72.8169833,0,NULL
JOHAR_CHOWK_BHENDI_BAZAAR_BUS,JOHAR CHOWK (BHENDI BAZAAR),18.95948,72.831869,0,NULL
SWAMI_DAYANAND_SARASWATI_CHOWK_FORT_BUS,SWAMI DAYANAND SARASWATI CHOWK (FORT),18.93427,72.83828699999999,0,NULL
KHODADAD_CIRCLE_DADAR_TT_BUS,KHODADAD CIRCLE (DADAR TT),19.016758,72.84681399999999,0,NULL
SHANTARAM_PUJARE_CHOWK_KALA_CHOWKY_BUS,SHANTARAM PUJARE CHOWK (KALA CHOWKY),18.989982,72.835882,0,NULL
UMARKHADI_BUS,UMARKHADI,18.962509,72.835618,0,NULL
PRABODHANKAR_THACKERAY_NAGAR_MARKET_CHARKOP_BUS,PRABODHANKAR THACKERAY NAGAR MARKET (CHARKOP),19.215911,72.82868499999999,0,NULL
PRASANNA_JEEVAN_SOCIETY_BUS,PRASANNA JEEVAN SOCIETY,19.230541,72.84818,0,NULL
SAI_AMRUT_SOCIETY_DAHISAR-W_BUS,SAI AMRUT SOCIETY (DAHISAR-W),19.240313,72.858436,0,NULL
PANDYA_HOSPITAL_BUS,PANDYA HOSPITAL,19.233354,72.853371,0,NULL
EKTA_VIVEK_BUILDING_BUS,EKTA VIVEK BUILDING,19.25853,72.8519,0,NULL
AMULAKH_HIGH_SCHOOL_BUS,AMULAKH HIGH SCHOOL,19.025447,72.86023,0,NULL
ANTOP_HILL_POLICE_STATION_BUS,ANTOP HILL POLICE STATION,19.031845,72.86377899999999,0,NULL
BPT_COLONY_BARKAT_ALI_MARG_BUS,B.P.T. COLONY (BARKAT ALI MARG),19.017454,72.86425199999999,0,NULL
KANE_NAGAR_BUS,KANE NAGAR,19.029299,72.86661100000001,0,NULL
"JAGATDEV_NVARMA_CHOWK,_KAPOLE_NIWAS_BUS","JAGATDEV N.VARMA CHOWK, KAPOLE NIWAS",19.023473,72.85200500000001,0,NULL
MAHESHWARI_UDYAN_KINGS_CIRCLE_BUS,MAHESHWARI UDYAN (KINGS CIRCLE),19.027984,72.856267,0,NULL
NADKARNI_PARK_BUS,NADKARNI PARK,19.017688,72.862362,0,NULL
SEWREE_STATION_E_BUS,SEWREE STATION (E),18.997863,72.854367,0,NULL
VISHWA_PRAGATI_MANDAL_SPORTS_COMPLEX_BUS,VISHWA PRAGATI MANDAL SPORTS COMPLEX,19.259317,72.85325899999999,0,NULL
DAMU_NAGAR_EXTENSION_BUS,DAMU NAGAR (EXTENSION),19.2046167,72.8784167,0,NULL
MALAD_STATION_W_BUS,MALAD STATION (W),19.185886,72.848286,0,NULL
SHANTI_BAUG_CHEMBUR_BUS,SHANTI BAUG (CHEMBUR),19.056613,72.895658,0,NULL
RAWAL_PADA_BUS,RAWAL PADA,19.245568,72.87018,0,NULL
GARIB_NAGAR_BUS,GARIB NAGAR,19.272014,72.963241,0,NULL
RANI_LAXMIBAI_CHOWK_SION_BUS,RANI LAXMIBAI CHOWK (SION),19.041611,72.863061,0,NULL
JOHAR_CHOWK_BHENDI_BAZAAR_BUS,JOHAR CHOWK (BHENDI BAZAAR),18.959661,72.831641,0,NULL
KOPAR_KHAIRANE_BUS,KOPAR KHAIRANE,19.109252,73.001738,0,NULL
OTIS_COMPANY_BUS,OTIS COMPANY,19.200418,72.875529,0,NULL
NEW_GREEN_WOOD_GARDAN_BUS,NEW GREEN WOOD GARDAN,19.2701167,72.88943329999999,0,NULL
AGHADI_NAGAR_BUS,AGHADI NAGAR,19.126476,72.859247,0,NULL
MUMBAI_CRICKET_ASSOCIATION_EAST_GATE_BUS,MUMBAI CRICKET ASSOCIATION EAST GATE,19.059428,72.86631800000001,0,NULL
RANI_LAXMIBAI_CHOWK_SION_BUS,RANI LAXMIBAI CHOWK (SION),19.04175,72.86355,0,NULL
VILE_PARLE_STATION_E_BUS,VILE PARLE STATION (E),19.099229,72.844401,0,NULL
SHER-E-PUNJAB_ANDHERI-E_BUS,SHER-E-PUNJAB (ANDHERI-E),19.124545,72.864514,0,NULL
"HUTATMA_CHOWK,_SIDDHARTH_COLLEGE_BUS","HUTATMA CHOWK, SIDDHARTH COLLEGE",18.933896,72.83231600000001,0,NULL
MASTAN_TALAO_BUS,MASTAN TALAO,18.964981,72.830536,0,NULL
SHIV_MANDIR_BUS,SHIV MANDIR,19.128788,72.843163,0,NULL
PUSHPA_PARK_MALAD-E_BUS,PUSHPA PARK (MALAD-E),19.188551,72.857865,0,NULL
VIVIDH_BHARTI_BUS,VIVIDH BHARTI,19.231742,72.833361,0,NULL
SHIRAVANE_VILLAGE_BUS,SHIRAVANE VILLAGE,19.049974,73.02225300000001,0,NULL
RAM_GANESH_GADKARI_CHOWK_DADAR-W_BUS,RAM GANESH GADKARI CHOWK (DADAR-W),19.025815,72.840918,0,NULL
BHAYANDER_PADA_BUS,BHAYANDER PADA,19.283667,72.952367,0,NULL
VALENCIA_BUILDING_BUS,VALENCIA BUILDING,19.0257,72.878658,0,NULL
NAHUR_RAILWAY_STATION_BUS,NAHUR RAILWAY STATION,19.157842,72.946679,0,NULL
PRABODHANKAR_THACKERAY_NAGAR_MARKET_CHARKOP_BUS,PRABODHANKAR THACKERAY NAGAR MARKET (CHARKOP),19.21527,72.829199,0,NULL
SHRIPAL_NAGAR_BUS,SHRIPAL NAGAR,19.218369,72.842625,0,NULL
"KANDIVALI_INDUSTRIAL_ESTATE,_GANESH_NAGAR_BUS","KANDIVALI INDUSTRIAL ESTATE, GANESH NAGAR",19.203787,72.827668,0,NULL
BOROSIL_GLASS_FACTORY_BUS,BOROSIL GLASS FACTORY,19.11739,72.883422,0,NULL
EKTA_SOCIETY_BUS,EKTA SOCIETY,19.10669,72.875007,0,NULL
JAIN_MANDIR_OM_NAGAR_-ANDHERI-E_BUS,JAIN MANDIR (OM NAGAR) -(ANDHERI-E),19.108403,72.86803,0,NULL
SANGHARSH_NAGAR_CHANDIVALI_BUS,SANGHARSH NAGAR (CHANDIVALI),19.108317,72.901179,0,NULL
SHITALADEVI_TEMPLE_MAHIM_BUS,SHITALADEVI TEMPLE (MAHIM),19.036567,72.842297,0,NULL
KALAMBOLI_NAKA_BUS,KALAMBOLI NAKA,19.022544,73.10592800000001,0,NULL
MANKHURD_STATION_SOUTH_BUS,MANKHURD STATION (SOUTH),19.045618,72.929873,0,NULL
GOPAL_BHAVAN_GHATKOPAR-W_BUS,GOPAL BHAVAN (GHATKOPAR-W),19.090712,72.90988,0,NULL
ANKUR_HOSPITAL_BUS,ANKUR HOSPITAL,19.131199,72.93557,0,NULL
WADALA_GATE_NO4_BUS,WADALA GATE NO.4,19.021518,72.860631,0,NULL
INDIAN_OIL_DEPOT_WADALA-E_BUS,INDIAN OIL DEPOT (WADALA-E),19.017554,72.865183,0,NULL
BMCCOMPOST_PLANT_BUS,B.M.C.COMPOST PLANT,19.056883,72.92797,0,NULL
"DRAMBEDKAR_UDYAN,_CHEMBUR_STATION_BUS","DR.AMBEDKAR UDYAN, CHEMBUR STATION",19.061918,72.901062,0,NULL
MOHITE_PATIL_NAGAR_MANKHURD_BUS,MOHITE PATIL NAGAR (MANKHURD),19.053479,72.93511599999999,0,NULL
BALKUM_PADA_NO1_BUS,BALKUM PADA NO.1,19.221746,72.991067,0,NULL
BRAHMAND_PHASE-3_BUS,BRAHMAND PHASE-3,19.241261,72.98159699999999,0,NULL
KALWA_BRIDGE_BUS,KALWA BRIDGE,19.197211,72.983237,0,NULL
L_I_C_CLY_BUS,L I C CLY,19.164916,72.954436,0,NULL
LAXMINARAYAN_RESIDENCY_BUS,LAXMINARAYAN RESIDENCY,19.219066,72.959636,0,NULL
GHATI_PADA_BUS,GHATI PADA,19.187,72.94185,0,NULL
LOUISWADI_BUS,LOUISWADI,19.195812,72.962536,0,NULL
BADHWAR_PARK_BUS,BADHWAR PARK,18.919834,72.82590999999999,0,NULL
SAIBABA_MANDIR_GHATKOPAR_BUS,SAIBABA MANDIR (GHATKOPAR),19.078336,72.910977,0,NULL
GOKULDHAM_MARKET_BUS,GOKULDHAM MARKET,19.175545,72.86975200000001,0,NULL
SHITALADEVI_TEMPLE_MAHIM_BUS,SHITALADEVI TEMPLE (MAHIM),19.035953,72.84230700000001,0,NULL
MARATHA_COLONY_BUS,MARATHA COLONY,19.073456,72.846585,0,NULL
MADKEBUWA_CHOWK_PAREL_BUS,MADKEBUWA CHOWK (PAREL),19.004838,72.840563,0,NULL
NCPA_BUS,N.C.P.A.,18.925523,72.82284799999999,0,NULL
GANGA_COMPLEX_BUS,GANGA COMPLEX,19.290496,72.857321,0,NULL
LIBRA_SOCIETY_BUS,LIBRA SOCIETY,19.198968,72.82190900000001,0,NULL
DIVA_VILLAGE_JUNCTION_BUS,DIVA VILLAGE JUNCTION,19.148218,72.99303999999999,0,NULL
RANADE_ROAD_DADAR-W_BUS,RANADE ROAD (DADAR-W),19.022182,72.837919,0,NULL
MAHILA_SANGH_VILE_PARLE-E_BUS,MAHILA SANGH (VILE PARLE-E),19.107319,72.85195,0,NULL
TELEPHONE_EXCHANGE_BANDRA-W_BUS,TELEPHONE EXCHANGE (BANDRA-W),19.051225,72.83643499999999,0,NULL
ADARSH_NAGAR_JOGESHWARI-W_BUS,ADARSH NAGAR (JOGESHWARI-W),19.146043,72.829311,0,NULL
MATUNGA_STATION_W_BUS,MATUNGA STATION (W),19.029993,72.847071,0,NULL
PRABHADEVI_BUS,PRABHADEVI,19.015742,72.827799,0,NULL
"ANJANABAI_MAGAR_CHOWK,_SWATANTRA_SAINIK_SURVE_CHOWK_BUS","ANJANABAI MAGAR CHOWK, SWATANTRA SAINIK SURVE CHOWK",19.071186,72.87541400000001,0,NULL
DIVINE_CHILD_HIGH_SCHOOL_BUS,DIVINE CHILD HIGH SCHOOL,19.113198,72.86423499999999,0,NULL
KHODADAD_CIRCLE_DADAR_TT_BUS,KHODADAD CIRCLE (DADAR TT),19.016714,72.849549,0,NULL
"ORLEM_CHURCH,_VALNAI_VILLAGE_BUS","ORLEM CHURCH, VALNAI VILLAGE",19.195356,72.836984,0,NULL
AGARKAR_CHOWK_BUS,AGARKAR CHOWK,19.118916,72.84797,0,NULL
VEER_HUTATMA_BHAI_KOTWAL_UDYAN_PLAZA_BUS,VEER HUTATMA BHAI KOTWAL UDYAN (PLAZA),19.022952,72.842383,0,NULL
JALVAYU_VIHAR_POWAI_BUS,JALVAYU VIHAR (POWAI),19.117696,72.905462,0,NULL
KHOPAT_STTERMINUS_BUS,KHOPAT S.T.TERMINUS,19.200618,72.973281,0,NULL
BEST_OFFICER_QUARTERS_GORAI_BUS,BEST OFFICER QUARTERS (GORAI),19.224985,72.834299,0,NULL
GHATKOPAR_DEPOT_BUS,GHATKOPAR DEPOT,19.085629,72.919859,0,NULL
LOKMANYA_TILAK_VIDYALAYA_CHEMBUR_BUS,LOKMANYA TILAK VIDYALAYA (CHEMBUR),19.066137,72.895095,0,NULL
SOMMAIYA_COLLEGE_VIDYAVIHAR-E_BUS,SOMMAIYA COLLEGE (VIDYAVIHAR-E),19.074819,72.90322399999999,0,NULL
KAMALA_NEHRU_PARK_MALABAR_HILL_BUS,KAMALA NEHRU PARK (MALABAR HILL),18.95505,72.80452699999999,0,NULL
BANDRA_W_BUS_STATION_BUS,BANDRA (W) BUS STATION,19.053811,72.83933,0,NULL
"VANRAI,_MHADA_COLONY_BUS","VANRAI, MHADA COLONY",19.154543,72.857167,0,NULL
MARAWALI_CHURCH_BUS,MARAWALI CHURCH,19.041471,72.893612,0,NULL
TATA_COLONY_CHUNABHATTI_BUS,TATA COLONY (CHUNABHATTI),19.052991,72.87531,0,NULL
ANDHERI_STATION_W_BUS,ANDHERI STATION (W),19.119828,72.845879,0,NULL
JOE_&_HELEN_D_MELLO_GARDEN_BUS,JOE & HELEN D MELLO GARDEN,19.130179,72.84245900000001,0,NULL
LAXMI_INDUSTRIAL_ESTATE_ANDHERI-W_BUS,LAXMI INDUSTRIAL ESTATE (ANDHERI-W),19.134056,72.831934,0,NULL
SHREE_SWAMI_SAMARTH_NAGAR_EXTENSION_BUS,SHREE SWAMI SAMARTH NAGAR (EXTENSION),19.146013,72.82567,0,NULL
MARATHON_CHOWK_TEEN_HATH_NAKA_BUS,MARATHON CHOWK (TEEN HATH NAKA),19.187899,72.96301099999999,0,NULL
MARATHON_CHOWK_TEEN_HATH_NAKA_BUS,MARATHON CHOWK (TEEN HATH NAKA),19.187221,72.963753,0,NULL
MITHAGAR_MULUND-E_BUS,MITHAGAR (MULUND-E),19.165575,72.964399,0,NULL
MULUND_RAILWAY_STATION_W_BUS,MULUND RAILWAY STATION (W),19.174067,72.95438799999999,0,NULL
POWAI_CHOWK_MULUND-W_BUS,POWAI CHOWK (MULUND-W),19.172684,72.935896,0,NULL
NAVGHAR_ROAD_MULUND-E_BUS,NAVGHAR ROAD (MULUND-E),19.167897,72.96157599999999,0,NULL
GAWANPADA_MULUND-E_BUS,GAWANPADA (MULUND-E),19.17292,72.961404,0,NULL
"MIDC,_PASSPORT_OFFICE_BUS","M.I.D.C, PASSPORT OFFICE",19.191133,72.955319,0,NULL
MULUND_RAILWAY_STATION_W_BUS,MULUND RAILWAY STATION (W),19.174284,72.957002,0,NULL
MULUND_RAILWAY_STATION_W_BUS,MULUND RAILWAY STATION (W),19.174176,72.957069,0,NULL
RAJ_PARK_BUS,RAJ PARK,19.203964,73.006478,0,NULL
"SUKUR_PARK,_SAHYADRI_SOCIETY_BUS","SUKUR PARK, SAHYADRI SOCIETY",19.198835,72.995627,0,NULL
NAAGRI_NIWARA_1_&_2_BUS,NAAGRI NIWARA 1 & 2,19.172569,72.881286,0,NULL
CAINSTITUTE_BKC_BUS,C.A.INSTITUTE (BKC),19.061534,72.86875000000001,0,NULL
KANDIVALI_TELEPHONE_EXCHANGE_BUS,KANDIVALI TELEPHONE EXCHANGE,19.211382,72.851635,0,NULL
"KOLSITE_INDUSTRIES,_JUCHANDRA_SOCIETY_BUS","KOLSITE INDUSTRIES, JUCHANDRA SOCIETY",19.131881,72.835291,0,NULL
TURBHE_POLICE_STATION_BUS,TURBHE POLICE STATION,19.062586,73.019237,0,NULL
BEST_RECEIVING_CENTRE__SION_BUS,BEST RECEIVING CENTRE ( SION),19.043179,72.87292100000001,0,NULL
"AHANSARI_CHOWK,_NEW_NAGPADA_BUS","A.H.ANSARI CHOWK, NEW NAGPADA",18.966753,72.832718,0,NULL
DRCOOPER_HOSPITAL_BUS,DR.COOPER HOSPITAL,19.107769,72.836732,0,NULL
CHARKOP_NAKA_BUS,CHARKOP NAKA,19.209502,72.82265200000001,0,NULL
MANAV_KALYAN_KENDRA_BUS,MANAV KALYAN KENDRA,19.245734,72.860839,0,NULL
TERMINAL_BUS,TERMINAL,18.953542,72.846469,0,NULL
"LOKSHAHIR_SATHE_UDYAN,_SUMAN_NAGAR_BUS","LOKSHAHIR SATHE UDYAN, SUMAN NAGAR",19.054332,72.883955,0,NULL
SHAHAJIRAJE_SPORTS_COMPLEX_ANDHERI-W_BUS,SHAHAJIRAJE SPORTS COMPLEX (ANDHERI-W),19.127031,72.83655899999999,0,NULL
BSES_ANDHERI-E_BUS,B.S.E.S. (ANDHERI-E),19.130407,72.880289,0,NULL
KANDARPADA_BUS_STATION_BUS,KANDARPADA BUS STATION,19.263463,72.85182,0,NULL
ICICI_BANK_MALAD-W_BUS,ICICI BANK (MALAD-W),19.187192,72.841554,0,NULL
KALA_VIDYALAYA_BUS,KALA VIDYALAYA,19.181697,72.81352800000001,0,NULL
BAJAJ_BHAVAN_BUS,BAJAJ BHAVAN,18.926327,72.82243,0,NULL
"SAVE_NAGAR,_GAONDEVI_MANDIR_DAHISAR-E_BUS","SAVE NAGAR, GAONDEVI MANDIR (DAHISAR-E)",19.255229,72.861014,0,NULL
"BDPATIL_MARG,_HPCL_BUS","B.D.PATIL MARG, HPCL",19.019538,72.89793299999999,0,NULL
MUMBAI_CENTRAL_STATION_BUS,MUMBAI CENTRAL STATION,18.967431,72.820013,0,NULL
NAAGRI_NIWARA_1_&_2_BUS,NAAGRI NIWARA 1 & 2,19.172406,72.88082900000001,0,NULL
SINDHUWADI_BUS,SINDHUWADI,19.077747,72.903869,0,NULL
"MUKESH_CHOWK_UMAR_PARK,_TATA_GARDEN_BUS","MUKESH CHOWK (UMAR PARK, TATA GARDEN)",18.966351,72.80352000000001,0,NULL
"HINDUSTAN_NAKA,_CCHARANSINGH_CHOWK_BUS","HINDUSTAN NAKA, C.CHARANSINGH CHOWK",19.207013,72.829082,0,NULL
CITIZEN_BANK_BUS,CITIZEN BANK,19.246795,72.850414,0,NULL
ERANGAL_VILLAGE_BUS,ERANGAL VILLAGE,19.161726,72.786547,0,NULL
"MALVANI_DEPOT,_GAIKWAD_NAGAR_BUS","MALVANI DEPOT, GAIKWAD NAGAR",19.183526,72.81918400000001,0,NULL
"MALVANI_DEPOT,_GAIKWAD_NAGAR_BUS","MALVANI DEPOT, GAIKWAD NAGAR",19.183481,72.81911700000001,0,NULL
BHAYANDER_PHATAK_POLICE_CHOWKY_BUS,BHAYANDER PHATAK (POLICE CHOWKY),19.298796,72.85493700000001,0,NULL
DAHISAR_STATION_ROAD_E_BUS,DAHISAR STATION ROAD (E),19.249394,72.86312,0,NULL
DEVIPADA_BUS,DEVIPADA,19.224606,72.86446599999999,0,NULL
DHEERAJ_ENCLAVE_BUS,DHEERAJ ENCLAVE,19.215412,72.86952100000001,0,NULL
EVERSHINE_MILLENIUM_PARADISE_BUS,EVERSHINE MILLENIUM PARADISE,19.210067,72.87716,0,NULL
GANGA_COMPLEX_BUS,GANGA COMPLEX,19.29017,72.857292,0,NULL
GODDEV_NAKA_BUS,GODDEV NAKA,19.303794,72.85857799999999,0,NULL
GOKULANAND_HOTEL_BUS,GOKULANAND HOTEL,19.243839,72.86438800000001,0,NULL
JAI_MAHARASHTRA_NAGAR_BORIVALI_-E_BUS,JAI MAHARASHTRA NAGAR (BORIVALI -E),19.221482,72.868585,0,NULL
SHRIRANG_SOCIETY_THANE_BUS,SHRIRANG SOCIETY (THANE),19.206137,72.979986,0,NULL
TATWADNYAN_VIDYAPITH_BUS,TATWADNYAN VIDYAPITH,19.223591,72.977363,0,NULL
VAISHALI_NAGAR_MULUND-W_BUS,VAISHALI NAGAR (MULUND-W),19.187031,72.945849,0,NULL
VASTU_ANAND_BUS,VASTU ANAND,19.206782,73.00989300000001,0,NULL
WADARPADA_BUS,WADARPADA,19.167861,72.95129799999999,0,NULL
WAGLE_WARD_COMMITTEE_OFFICE_BUS,WAGLE WARD COMMITTEE OFFICE,19.187347,72.955243,0,NULL
MULUND_RAILWAY_STATION_W_BUS,MULUND RAILWAY STATION (W),19.17305,72.9567,0,NULL
KHOPAT_BUS,KHOPAT,19.200582,72.97323400000001,0,NULL
"MUNICIPAL_SCHOOL,_CHINCHVALI_BUNDER_BUS","MUNICIPAL SCHOOL, CHINCHVALI BUNDER",19.179251,72.842035,0,NULL
GIRIDHAR_PARK_BUS,GIRIDHAR PARK,19.195768,72.831829,0,NULL
"MARVE_ROAD_NAKA,_SWAMI_SHIVANAND_CHOWK_BUS","MARVE ROAD NAKA, SWAMI SHIVANAND CHOWK",19.191729,72.845506,0,NULL
STATE_BANK_GOREGAON-W_BUS,STATE BANK (GOREGAON-W),19.173848,72.841363,0,NULL
MARY_IMMACULATE_SCHOOL_BUS,MARY IMMACULATE SCHOOL,19.247926,72.85377099999999,0,NULL
RAM_MANDIR_BORIVALI_-W_BUS,RAM MANDIR (BORIVALI -W),19.238215,72.854795,0,NULL
KHINDIPADA_BUS,KHINDIPADA,19.1666167,72.9297,0,NULL
KHAR_TELEPHONE_EXCHANGE_BUS,KHAR TELEPHONE EXCHANGE,19.068705,72.833495,0,NULL
"AAREY_HOSPITAL,_MUNICIPAL_SCHOOL_BUS","AAREY HOSPITAL, MUNICIPAL SCHOOL",19.148573,72.87662,0,NULL
"INDIAN_BANK,_HIRANANDANI_THANE-_W_BUS","INDIAN BANK, HIRANANDANI (THANE- W)",19.254027,72.98155,0,NULL
SHIVAR_GARDEN_BUS,SHIVAR GARDEN,19.28825,72.865466,0,NULL
KASHIMIRA_BUS,KASHIMIRA,19.273199,72.882513,0,NULL
SAHAKAR_BAZAR_AIROLI_BUS,SAHAKAR BAZAR (AIROLI),19.150132,72.999628,0,NULL
SHREYAS_CINEMA_BUS,SHREYAS CINEMA,19.093974,72.913034,0,NULL
DOMNIC_SCHOOL_BUS,DOMNIC SCHOOL,19.126424,72.86369500000001,0,NULL
OBEROI_GARDEN_CHANDIVLI_BUS,OBEROI GARDEN (CHANDIVLI),19.114602,72.892718,0,NULL
MUKESH_CHOWK_KEMPS_CORNER_BUS,MUKESH CHOWK (KEMPS CORNER),18.963586,72.803133,0,NULL
PATKAR_COLLEGE_GOREGAON-W_BUS,PATKAR COLLEGE (GOREGAON-W),19.168602,72.84558800000001,0,NULL
ROYAL_HOTELJUHU_BUS,ROYAL HOTEL(JUHU),19.091891,72.827823,0,NULL
CHEMBUR_COLONY_BUS,CHEMBUR COLONY,19.044841,72.89339200000001,0,NULL
DOORDARSHAN_WORLI_BUS,DOORDARSHAN (WORLI),19.007261,72.818478,0,NULL
SHANTI_SUDHA_PARK_JAIN_MANDIR_BUS,SHANTI SUDHA PARK (JAIN MANDIR),19.075762,72.91264,0,NULL
PTPALUSKAR_CHOWK_OPERA_HOUSE_BUS,PT.PALUSKAR CHOWK (OPERA HOUSE),18.955313,72.816158,0,NULL
"AHANSARI_CHOWK,_NEW_NAGPADA_BUS","A.H.ANSARI CHOWK, NEW NAGPADA",18.96885,72.833153,0,NULL
SARDAR_NAGAR_NO4_GTB_NAGAR_BUS,SARDAR NAGAR NO.4 (GTB NAGAR),19.035786,72.867548,0,NULL
LIBERTY_GARDEN_BUS,LIBERTY GARDEN,19.187617,72.84257100000001,0,NULL
MANGATRAM_PETROLPUMP_BUS,MANGATRAM PETROLPUMP,19.140142,72.93127200000001,0,NULL
OSHIWARA_POLICE_STATION_BUS,OSHIWARA POLICE STATION,19.148321,72.83135299999999,0,NULL
NERUL_GYMKHANA_BUS,NERUL GYMKHANA,19.026451,73.015738,0,NULL
LIC_OFFICE_BORIVALI_-W_BUS,LIC OFFICE (BORIVALI -W),19.242522,72.85204299999999,0,NULL
KETAKI_PADA_BUS,KETAKI PADA,19.255929,72.869213,0,NULL
KRISHNA_VATIKA_DAHISAR-E_BUS,KRISHNA VATIKA (DAHISAR-E),19.2628,72.8616833,0,NULL
JAY_MAHARASHTRA_NAGAR_BUS,JAY MAHARASHTRA NAGAR,19.221482,72.868814,0,NULL
THE_CITY_CO-OP_BANK_LTD_BUS,THE CITY CO-OP BANK LTD,19.234354,72.86537300000001,0,NULL
NABARD_NAGAR_BUS,NABARD NAGAR,19.207731,72.86627300000001,0,NULL
OMKARESHWAR_MANDIR_BUS,OMKARESHWAR MANDIR,19.230622,72.86284499999999,0,NULL
SRUSHTI_POLICE_CHOWKY_BUS,SRUSHTI POLICE CHOWKY,19.271178,72.86775900000001,0,NULL
PUNJAB_DAIRY_KASHIMIRA_BUS,PUNJAB DAIRY (KASHIMIRA),19.278749,72.88983500000001,0,NULL
RAJENDRA_NAGAR_BUS,RAJENDRA NAGAR,19.220925,72.85777299999999,0,NULL
SHREE_SAI_HOSPITAL_BUS,SHREE SAI HOSPITAL,19.21383,72.866916,0,NULL
SHAKTI_NAGAR_BUS,SHAKTI NAGAR,19.259701,72.861982,0,NULL
SILVER_PARK_MIRA_ROAD_BUS,SILVER PARK (MIRA ROAD),19.282184,72.874213,0,NULL
NIRLON_SOCIETY_BUS,NIRLON SOCIETY,19.177333,72.836997,0,NULL
MALAD_DEPOT_BUS,MALAD DEPOT,19.183629,72.835775,0,NULL
VIJAY_NAGAR_MAROL_MAROSHI_BUS,VIJAY NAGAR (MAROL MAROSHI),19.120207,72.879514,0,NULL
TERNA_ENGINEERING_COLLEGE_NERUL_BUS,TERNA ENGINEERING COLLEGE (NERUL),19.030218,73.017117,0,NULL
GODREJ_COMPANY_VIKHROLI-W_BUS,GODREJ COMPANY (VIKHROLI-W),19.104935,72.921736,0,NULL
"KANNAMWAR_NAGAR,_BUILDING_NO150_BUS","KANNAMWAR NAGAR, BUILDING NO.150",19.114595,72.939098,0,NULL
LOKMANYA_TILAK_VIDYALAYA_CHEMBUR_BUS,LOKMANYA TILAK VIDYALAYA (CHEMBUR),19.066484,72.895014,0,NULL
MARINE_LINES_RAILWAY_STATION_BUS,MARINE LINES RAILWAY STATION,18.945418,72.824398,0,NULL
DON_BOSCO_SCHOOL_BORIVALI__BUS,DON BOSCO SCHOOL (BORIVALI ),19.23023,72.842055,0,NULL
RUSHI_COMPLEX_EXTENSION_DAHISAR_-_W_BUS,RUSHI COMPLEX EXTENSION (DAHISAR - W),19.257157,72.851444,0,NULL
ANTOP_HILL_CHURCH_BUS,ANTOP HILL CHURCH,19.032696,72.866761,0,NULL
"DRAMBEDKAR_UDYAN,_CHEMBUR_STATION_BUS","DR.AMBEDKAR UDYAN, CHEMBUR STATION",19.062315,72.900293,0,NULL
ORDNANCE_FACTORY_MALAD-E_BUS,ORDNANCE FACTORY (MALAD-E),19.192278,72.85598400000001,0,NULL
DEONAR_DEPOT_BUS,DEONAR DEPOT,19.045623,72.910844,0,NULL
BPT_COLONY_WADALA_BUS,B.P.T. COLONY (WADALA),19.012584,72.862346,0,NULL
SHIVAJI_NAGAR_DEPOT_BUS,SHIVAJI NAGAR DEPOT,19.066198,72.92785499999999,0,NULL
GANDHI_MAIDAN_WORLI_BUS,GANDHI MAIDAN (WORLI),19.001941,72.819214,0,NULL
JOGESHWARI_W_BUS_STATION_BUS,JOGESHWARI (W) BUS STATION,19.133904,72.848131,0,NULL
SION_KOLIWADA_BUS,SION KOLIWADA,19.03976,72.864724,0,NULL
MULLA_BAUG_BUS,MULLA BAUG,19.239211,72.975386,0,NULL
GHATLA_MUNICIPAL_SCHOOL_BUS,GHATLA MUNICIPAL SCHOOL,19.052759,72.906738,0,NULL
URBAN_CO-OPERATIVE_BANK_MULUND-W_BUS,URBAN CO-OPERATIVE BANK (MULUND-W),19.168954,72.952344,0,NULL
"KAMOTHE_VILLAGE,_MANSAROVAR_BUS","KAMOTHE VILLAGE, MANSAROVAR",19.025596,73.095596,0,NULL
LOKMANYA_TILAK_HOSPITAL_SION_BUS,LOKMANYA TILAK HOSPITAL (SION),19.035033,72.860405,0,NULL
KOKAN_NAGAR_BHANDUP-W_BUS,KOKAN NAGAR (BHANDUP-W),19.146086,72.928704,0,NULL
MAROL_DEPOT_BUS,MAROL DEPOT,19.117797,72.864546,0,NULL
HUTATMA_CHOWK_BUS,HUTATMA CHOWK,18.933551,72.83019899999999,0,NULL
SHANKAR_MANDIR_MAHUL_BUS,SHANKAR MANDIR (MAHUL),19.028888,72.897284,0,NULL
MATRUCHAYA_GURUPRASAD_SOCIETY_BUS,MATRUCHAYA (GURUPRASAD SOCIETY),19.103497,72.850233,0,NULL
BABASAHEB_WORLIKAR_CHOWK_CENTURY_BAZAAR_BUS,BABASAHEB WORLIKAR CHOWK (CENTURY BAZAAR),19.01442,72.82356299999999,0,NULL
TRANSPORT_CORPORATION_BUS,TRANSPORT CORPORATION,19.26962,72.878614,0,NULL
"SEEPZ_VILLAGE,_RELIANCE_ENERGY_TRAINING_CENTRE_BUS","SEEPZ VILLAGE, RELIANCE ENERGY TRAINING CENTRE",19.129287,72.881534,0,NULL
ERANGAL_VILLAGE_BUS,ERANGAL VILLAGE,19.161654,72.78637500000001,0,NULL
MHBCOLONY_JOGESHWARI-E_BUS,M.H.B.COLONY (JOGESHWARI-E),19.133569,72.86290200000001,0,NULL
NEW_ERA_TALKIES_BUS,NEW ERA TALKIES,19.18425,72.846547,0,NULL
BPT_COLONY_DOCKYARD_RD_BUS,B.P.T COLONY (DOCKYARD RD),18.964085,72.841769,0,NULL
SALSAR_NAGAR_BUS,SALSAR NAGAR,19.309296,72.859184,0,NULL
PRATIKSHA_NAGAR_MHADA_COLONY_BUS,PRATIKSHA NAGAR (MHADA COLONY),19.041934,72.876446,0,NULL
THAKUR_COLLEGE_KANDIVALI-E_BUS,THAKUR COLLEGE (KANDIVALI-E),19.206298,72.87255,0,NULL
VICEROY_PARK_BUS,VICEROY PARK,19.210372,72.87122599999999,0,NULL
WESTERN_PARK_BUS,WESTERN PARK,19.2736667,72.8905333,0,NULL
DAHISAR_BUS_STATION_BUS,DAHISAR BUS STATION,19.259102,72.873739,0,NULL
CHINCH_PADA_SG_NATIONAL_PARK_BUS,CHINCH PADA (SG NATIONAL PARK),19.22275,72.875404,0,NULL
MSEB_TRANSMISSION_COMPANY_SGNP_BUS,M.S.E.B TRANSMISSION COMPANY (SGNP),19.223782,72.88012999999999,0,NULL
DAHISAR_POLICE_STATION_BUS,DAHISAR POLICE STATION,19.253289,72.865106,0,NULL
NILKANT_APARTMENT_BUS,NILKANT APARTMENT,19.27185,72.88931669999999,0,NULL
MAHESHWARI_UDYAN_KINGS_CIRCLE_BUS,MAHESHWARI UDYAN (KINGS CIRCLE),19.025552,72.85424500000001,0,NULL
"JAGATDEV_NVARMA_CHOWK,_KAPOLE_NIWAS_BUS","JAGATDEV N.VARMA CHOWK, KAPOLE NIWAS",19.023347,72.852233,0,NULL
LOKMANYA_TILAK_HOSPITAL_SION_BUS,LOKMANYA TILAK HOSPITAL (SION),19.037725,72.86083000000001,0,NULL
RANI_LAXMIBAI_CHOWK_SION_BUS,RANI LAXMIBAI CHOWK (SION),19.046509,72.86566999999999,0,NULL
DNYANSAMPADA_HIGH_SCHOOL_BUS,DNYANSAMPADA HIGH SCHOOL,19.060785,72.92106200000001,0,NULL
GOVANDI_STATION_ROAD_W_BUS,GOVANDI STATION ROAD (W),19.055255,72.916399,0,NULL
NARAYAN_GURU_HIGH_SCHOOL_CHEMBUR-W_BUS,NARAYAN GURU HIGH SCHOOL (CHEMBUR-W),19.060999,72.909025,0,NULL
SHIVAJI_NAGAR_BUS_STATION_BUS,SHIVAJI NAGAR BUS STATION,19.066062,72.929061,0,NULL
"TATA_NAGAR,_SAMBHAJI_NAGAR_BUS","TATA NAGAR, SAMBHAJI NAGAR",19.051877,72.92147300000001,0,NULL
ATRIA_SOCIETY_BUS,ATRIA SOCIETY,19.245482,72.982417,0,NULL
"DRAMBEDKAR_CHOWK,_INDIRA_NAGAR_THANE_BUS","DR.AMBEDKAR CHOWK, INDIRA NAGAR THANE",19.204774,72.949994,0,NULL
NEW_ERA_TALKIES_BUS,NEW ERA TALKIES,19.182552,72.84678599999999,0,NULL
MADINA_MANZIL_MALAD-W_BUS,MADINA MANZIL (MALAD-W),19.174039,72.841858,0,NULL
DON_BOSCO_VIDYALAYA_NERUL_BUS,DON BOSCO VIDYALAYA (NERUL),19.017742,73.014453,0,NULL
NEW_DNNAGAR_BUS,NEW D.N.NAGAR,19.118471,72.829808,0,NULL
WAREHOUSE_SAHAR_BUS,WAREHOUSE (SAHAR),19.103117,72.866455,0,NULL
"SEWREE_POLICE_STATION,_DARUKHANA_BUS","SEWREE POLICE STATION, DARUKHANA",18.979303,72.848767,0,NULL
WALKESHWAR_BUS,WALKESHWAR,18.946623,72.79605599999999,0,NULL
BMCOFFICE-VIKHROLI_BUS,B.M.C.OFFICE-VIKHROLI,19.118062,72.92601000000001,0,NULL
MAHUL_VILLAGE_BUS,MAHUL VILLAGE,19.014024,72.890365,0,NULL
NITYANAND_NAGAR_BUS,NITYANAND NAGAR,19.091734,72.91255,0,NULL
FOREST_OFFICE_THANE_BUS,FOREST OFFICE (THANE),19.188946,72.964628,0,NULL
MALVANI_DEPOT_BUS,MALVANI DEPOT,19.181964,72.819451,0,NULL
SIDDHIVINAYAK_TOWER_THANE_BUS,SIDDHIVINAYAK TOWER (THANE),19.209887,72.974414,0,NULL
HUTATMA_CHOWK_BUS,HUTATMA CHOWK,18.930815,72.832508,0,NULL
TAKSHILA_BUS,TAKSHILA,19.129967,72.868379,0,NULL
GHATKOPAR_PIPE_LINE_BUS,GHATKOPAR PIPE LINE,19.087401,72.9029,0,NULL
SOUTH-NORTH_MARG_NO9_VILE_PARLE-W_BUS,SOUTH-NORTH MARG NO.9 (VILE PARLE-W),19.107107,72.831242,0,NULL
BISHOP_SCHOOL_BUS,BISHOP SCHOOL,19.295073,72.852389,0,NULL
SIDDHIVINAYAK_MANDIR_PRABHADEVI_BUS,SIDDHIVINAYAK MANDIR (PRABHADEVI),19.017958,72.831644,0,NULL
HUTATMA_CHOWK_BUS,HUTATMA CHOWK,18.93338,72.83205100000001,0,NULL
STANTHONY_HOME_COOPSOCIETY_BUS,ST.ANTHONY HOME CO.OP.SOCIETY,19.05507,72.902157,0,NULL
ESTRELLA_BATTERY_BUS,ESTRELLA BATTERY,19.03951,72.85471099999999,0,NULL
DINDOSHI_SESSION_COURT_BUS,DINDOSHI SESSION COURT,19.175634,72.867118,0,NULL
"SHRI_SWAMI_SAMARTH_MUTT,_HANUMAN_ROAD_VILE_PARLE-E_BUS","SHRI SWAMI SAMARTH MUTT, HANUMAN ROAD (VILE PARLE-E)",19.103651,72.85130700000001,0,NULL
WADALA_BUS_DEPOT_BUS,WADALA BUS DEPOT,19.014819,72.85261800000001,0,NULL
IRBCOMPLEX_POWAI_BUS,I.R.B.COMPLEX (POWAI),19.113575,72.90133899999999,0,NULL
VESAVA-YARI_ROAD_BUS_STATION_BUS,VESAVA-YARI ROAD BUS STATION,19.139468,72.80829,0,NULL
"BRAMHALA_TALAO,_MANORPADA_BUS","BRAMHALA TALAO, MANORPADA",19.202542,72.97599200000001,0,NULL
NAHAR_ESTATE_BUS,NAHAR ESTATE,19.106474,72.89922199999999,0,NULL
STANTHONY_CHURCH_BUS,ST.ANTHONY CHURCH,19.106444,72.893491,0,NULL
CHETANA_COLLEGE_BUS,CHETANA COLLEGE,19.060701,72.848579,0,NULL
RANI_LAXMIBAI_CHOWK_SION_BUS,RANI LAXMIBAI CHOWK (SION),19.041287,72.865189,0,NULL
MEGHWADI_DHARAVI_BUS,MEGHWADI (DHARAVI),19.033732,72.850759,0,NULL
BSES_ANDHERI-E_BUS,B.S.E.S. (ANDHERI-E),19.130858,72.880308,0,NULL
GOREGAON_CHECK_NAKA_NO2_BUS,GOREGAON CHECK NAKA NO.2,19.126278,72.87951099999999,0,NULL
DURGA_NAGAR_JOGESHWARI-E_BUS,DURGA NAGAR (JOGESHWARI-E),19.138073,72.87217699999999,0,NULL
MAHARAJ_BHAVAN_BUS,MAHARAJ BHAVAN,19.137812,72.85638899999999,0,NULL
MODEL_TOWN_JOGESHWARI-E_BUS,MODEL TOWN (JOGESHWARI-E),19.132245,72.86956600000001,0,NULL
PMGP_COLONY_MAJAS_BUS,P.M.G.P COLONY (MAJAS),19.134051,72.869451,0,NULL
POST_OFFICE_JOGESHWARI_E_BUS,POST OFFICE JOGESHWARI (E),19.131141,72.849929,0,NULL
"BALASAHEB_THACKERAY_TRAUMA_CENTRE,_SRP_CAMP_BUS","BALASAHEB THACKERAY TRAUMA CENTRE, S.R.P. CAMP",19.142572,72.855397,0,NULL
SADBHAKTI_MANDIR_BUS,SADBHAKTI MANDIR,19.129867,72.84993,0,NULL
SEEPZ_BUS_STATION_BUS,SEEPZ BUS STATION,19.124477,72.87255500000001,0,NULL
GAGANDEEP_BUS,GAGANDEEP,19.113787,72.836635,0,NULL
RALLI_WOLF_BUS,RALLI WOLF,19.170715,72.940365,0,NULL
RANI_LAXMIBAI_CHOWK_SION_BUS,RANI LAXMIBAI CHOWK (SION),19.04349,72.863544,0,NULL
HANUMAN_NAGAR_KANDIVALI-E_BUS,HANUMAN NAGAR (KANDIVALI-E),19.201236,72.86632400000001,0,NULL
MARATHON_CHOWK_TEEN_HATH_NAKA_BUS,MARATHON CHOWK (TEEN HATH NAKA),19.187745,72.96225099999999,0,NULL
ADARSH_NAGAR_AAREY_COLONY_BUS,ADARSH NAGAR (AAREY COLONY),19.149975,72.882684,0,NULL
"CHARKOP_SECTOR_9,_AKSHARA_VIDYALAYA_BUS","CHARKOP SECTOR 9, AKSHARA VIDYALAYA",19.219753,72.819514,0,NULL
RAM_GANESH_GADKARI_CHOWK_DADAR-W_BUS,RAM GANESH GADKARI CHOWK (DADAR-W),19.02195,72.842422,0,NULL
MILAP_TALKIES_BUS,MILAP TALKIES,19.197169,72.847765,0,NULL
BEVERLY_PARK_BUS,BEVERLY PARK,19.287014,72.867512,0,NULL
PWD_COLONY_RISING_CITY_BUS,P.W.D. COLONY (RISING CITY),19.069465,72.912272,0,NULL
MANTRALAYA_BUS,MANTRALAYA,18.929282,72.82346200000001,0,NULL
RAM_MANDIR_BORIVALI_-W_BUS,RAM MANDIR (BORIVALI -W),19.218987,72.847979,0,NULL
JASLOK_HOSPITAL_BUS,JASLOK HOSPITAL,18.973484,72.80920999999999,0,NULL
TRANSIT_CAMP_DISPENSARY_BUS,TRANSIT CAMP DISPENSARY,19.041497,72.87043300000001,0,NULL
CENTRAL_LABOUR_INSTITUTE_BUS,CENTRAL LABOUR INSTITUTE,19.048758,72.86578299999999,0,NULL
NEHRU_NAGAR_DHARAVI_BUS,NEHRU NAGAR (DHARAVI),19.045494,72.859163,0,NULL
THAKUR_PAKHADI_BUS,THAKUR PAKHADI,19.235138,72.845771,0,NULL
GHATKOPAR_STATION_W_BUS,GHATKOPAR STATION (W),19.086276,72.908057,0,NULL
"KEVA_FRAGRANCES,_KELKAR_COMPANY_BUS","KEVA FRAGRANCES, KELKAR COMPANY",19.184989,72.947846,0,NULL
HPCL_NORTH_GATE_MAHUL_BUS,HPCL NORTH GATE (MAHUL),19.022231,72.90072499999999,0,NULL
CHAKALA_SATAMWADI_BUS,CHAKALA (SATAMWADI),19.111687,72.860225,0,NULL
DESAI_MUNICIPAL_HOSPITAL_BUS,DESAI MUNICIPAL HOSPITAL,19.178634,72.851467,0,NULL
KELKARWADI_BUS,KELKARWADI,19.052642,72.90793499999999,0,NULL
AZIZ_BAUG_BUS,AZIZ BAUG,19.037542,72.895067,0,NULL
GOKUL_GARDEN_KANDIVALI-E_BUS,GOKUL GARDEN (KANDIVALI-E),19.210702,72.863152,0,NULL
NANI_PADA_JUNC_BUS,NANI PADA JUNC,19.167581,72.953456,0,NULL
CHHATRAPATI_SHIVAJI_MAHARAJ_TERMINUSCSMT_BUS,CHHATRAPATI SHIVAJI MAHARAJ TERMINUS(CSMT),18.941495,72.83475,0,NULL
"MALAD_STATION_E,_PODDAR_PARK_BUS","MALAD STATION (E), PODDAR PARK",19.184505,72.850151,0,NULL
BASANT_PARK_BUS,BASANT PARK,19.05018,72.893704,0,NULL
GANDHI_MARKET_KINGS_CIRCLE_BUS,GANDHI MARKET (KINGS CIRCLE),19.032701,72.858791,0,NULL
STANDREW_S_CHURCH_BUS,ST.ANDREW S CHURCH,19.054732,72.82569599999999,0,NULL
RUPAREL_COLLEGE_DADAR-W_BUS,RUPAREL COLLEGE (DADAR-W),19.028105,72.84660599999999,0,NULL
DATTANI_PARK_BUS,DATTANI PARK,19.211599,72.869285,0,NULL
VATSALABAI_DESAI_CHOWK_HAJI_ALI_BUS,VATSALABAI DESAI CHOWK (HAJI ALI),18.979621,72.812282,0,NULL
"WADALA_GATE_NO4,_SIWS_SCHOOL_BUS","WADALA GATE NO.4, S.I.W.S SCHOOL",19.021029,72.85933,0,NULL
JUHU_BEACH_BUS,JUHU BEACH,19.096877,72.827107,0,NULL
ARYA_SAMAJ_MANDIR_BUS,ARYA SAMAJ MANDIR,19.079212,72.834504,0,NULL
GRANT_ROAD_STATION_E_BUS,GRANT ROAD STATION (E),18.9632,72.816569,0,NULL
COLABA_BUS_STATION_BUS,COLABA BUS STATION,18.912143,72.82186299999999,0,NULL
PILOT_BUNDER_BUS,PILOT BUNDER,18.904703,72.815765,0,NULL
ZAKERIA_MASJID_BUS,ZAKERIA MASJID,18.953419,72.833583,0,NULL
"BHARATMATA_CINEMA,_MAHADEO_PALAV_MARG_BUS","BHARATMATA CINEMA, MAHADEO PALAV MARG",18.995213,72.83528,0,NULL
FIVE_GARDENS_BUS,FIVE GARDENS,19.019833,72.853708,0,NULL
SHANTARAM_PUJARE_CHOWK_KALA_CHOWKY_BUS,SHANTARAM PUJARE CHOWK (KALA CHOWKY),18.989856,72.835673,0,NULL
TATA_HOSPITAL_BHOIWADA_BUS,TATA HOSPITAL (BHOIWADA),19.004098,72.84260500000001,0,NULL
"MAHARASHTRA_COLLEGE,_ALEXANDRA_CINEMA_BUS","MAHARASHTRA COLLEGE, ALEXANDRA CINEMA",18.967769,72.826042,0,NULL
INSPECTOR_KAKLIS_CHOWK_BUS,INSPECTOR KAKLIS CHOWK,18.963716,72.84354500000001,0,NULL
VATSALABAI_DESAI_CHOWK_HAJI_ALI_BUS,VATSALABAI DESAI CHOWK (HAJI ALI),18.979558,72.812291,0,NULL
ARYA_SAMAJ_MANDIR_BUS,ARYA SAMAJ MANDIR,19.079374,72.834361,0,NULL
MANEKJI_COOPER_SCHOOL_BUS,MANEKJI COOPER SCHOOL,19.088295,72.82719899999999,0,NULL
THANE_BELAPUR_JUNCTION_BUS,THANE BELAPUR JUNCTION,19.067475,73.014697,0,NULL
BHOIWADA/MANE_MASTER_CHK_BUS,BHOIWADA/MANE MASTER CHK,19.00541,72.844779,0,NULL
MITHA_NAGAR_GOREGAON-W_BUS,MITHA NAGAR (GOREGAON-W),19.163222,72.837416,0,NULL
NARAYAN_NAGAR_GHATKOPAR-E_BUS,NARAYAN NAGAR (GHATKOPAR-E),19.086028,72.89536200000001,0,NULL
ALANKAR_CINEMA_BUS,ALANKAR CINEMA,18.958032,72.827569,0,NULL
VEER_HUTATMA_BHAI_KOTWAL_UDYAN_PLAZA_BUS,VEER HUTATMA BHAI KOTWAL UDYAN (PLAZA),19.021353,72.842033,0,NULL
"VANRAI_MHADA,_NIRLON_INDUSTRIAL_ESTATE_BUS","VANRAI MHADA, NIRLON INDUSTRIAL ESTATE",19.154696,72.856616,0,NULL
"SHIVAJI_CHOWK,_KALWA_NAKA_BUS","SHIVAJI CHOWK, KALWA NAKA",19.196343,72.987573,0,NULL
AGARKAR_CHOWK_ANDHERI-E_BUS,AGARKAR CHOWK (ANDHERI-E),19.118989,72.84795099999999,0,NULL
PARVAT_NAGAR_BUS,PARVAT NAGAR,19.243123,72.86012700000001,0,NULL
MAHINDRA_COMPANY_GATE_BHAD_COLONY_BUS,MAHINDRA COMPANY GATE (B.H.A.D. COLONY),19.2069,72.86618799999999,0,NULL
KANHERI_CAVES_BASE_BUS,KANHERI CAVES BASE,19.209119,72.901048,0,NULL
D_MONTE_GARDEN_BUS,D MONTE GARDEN,19.059656,72.82610099999999,0,NULL
JOHAR_CHOWK_BHENDI_BAZAAR_BUS,JOHAR CHOWK (BHENDI BAZAAR),18.959751,72.831632,0,NULL
VASANTRAO_NAIK_CHOWK_TARDEO_BUS,VASANTRAO NAIK CHOWK (TARDEO),18.968448,72.81495,0,NULL
AHILYABAI_HOLKAR_CHOWK_CHURCHGATE_BUS,AHILYABAI HOLKAR CHOWK (CHURCHGATE),18.933667,72.828737,0,NULL
YASHWANTRAO_CHAVAN_PRATISHTHAN_MANTRALAYA_BUS,YASHWANTRAO CHAVAN PRATISHTHAN (MANTRALAYA),18.925698,72.826902,0,NULL
PAREL_WORKSHOP_BUS,PAREL WORKSHOP,19.000816,72.83791600000001,0,NULL
MAHARASHTRA_NAGAR_MANKHURD_BUS,MAHARASHTRA NAGAR (MANKHURD),19.051961,72.936104,0,NULL
VICEROY_PARK_BUS,VICEROY PARK,19.210381,72.87113100000001,0,NULL
KENDRIYA_VIHAR_SECTOR_12_BUS,KENDRIYA VIHAR (SECTOR 12),19.037451,73.065729,0,NULL
"VIRWANI_ESTATE,_SARVODAYA_NAGAR_BUS","VIRWANI ESTATE, SARVODAYA NAGAR",19.169297,72.85864100000001,0,NULL
ICLSCHOOL_VASHI_BUS,I.C.L.SCHOOL (VASHI),19.073402,73.01204799999999,0,NULL
AMRUT_NAGAR_VIKHROLI-W_BUS,AMRUT NAGAR (VIKHROLI-W),19.101183,72.911816,0,NULL
RAGHUVANSHI_MILL_BUS,RAGHUVANSHI MILL,18.992052,72.824465,0,NULL
"SASOON_DOCK,_COLABA_FIRE_STATION_BUS","SASOON DOCK, COLABA FIRE STATION",18.916166,72.826482,0,NULL
APNA_BAZAR__MIRA_ROAD_BUS,APNA BAZAR  (MIRA ROAD),19.275162,72.867976,0,NULL
MAHARANA_PRATAP_CHOWK_MULUND_CHECK_NAKA-W_BUS,MAHARANA PRATAP CHOWK (MULUND CHECK NAKA-W),19.184276,72.953969,0,NULL
BABULNATH_BUS,BABULNATH,18.957791,72.80899700000001,0,NULL
JALVAYU_VIHAR_KHARGHAR_BUS,JALVAYU VIHAR (KHARGHAR),19.049581,73.070097,0,NULL
BORIVALI_PHATAK_E_BUS,BORIVALI PHATAK (E),19.23388,72.858041,0,NULL
BORIVALI_WSTATION_JAYA_TALKIES_BUS,BORIVALI (W)STATION (JAYA TALKIES),19.227899,72.855619,0,NULL
SEVEN_BUNGALOWS_GARDEN_BUS,SEVEN BUNGALOWS GARDEN,19.128769,72.816502,0,NULL
"PETROL_PUMP,_MAHESHWARI_MANSION_NAPEAN_SEA_ROAD_BUS","PETROL PUMP, MAHESHWARI MANSION (NAPEAN SEA ROAD)",18.961254,72.80152099999999,0,NULL
ESIC_NAGAR_BUS,ESIC NAGAR,19.120793,72.829882,0,NULL
KALAMBOLI_COLONY_BUS,KALAMBOLI COLONY,19.022159,73.10096,0,NULL
BANDRA_TALAO_BUS,BANDRA TALAO,19.055969,72.83707699999999,0,NULL
SUYASH_SHOPPING_CENTRE_BUS,SUYASH SHOPPING CENTRE,19.176319,72.877871,0,NULL
NEW_INDIA_QUARTERS_ANDHERI-W_BUS,NEW INDIA QUARTERS (ANDHERI-W),19.116182,72.83795499999999,0,NULL
KURLA_W_LEVEL_CROSSING_BUS,KURLA (W) LEVEL CROSSING,19.058274,72.87120299999999,0,NULL
NAFA_BUS,NAFA,19.071089,72.86308099999999,0,NULL
SANTACRUZ_STATION_E_BUS,SANTACRUZ STATION (E),19.081431,72.842465,0,NULL
VIDYA_NAGARI_KALINA_BUS,VIDYA NAGARI (KALINA),19.072579,72.861019,0,NULL
BOMBAY_DYEING_BUS,BOMBAY DYEING,19.006285,72.82962999999999,0,NULL
"KIRTI_COLLEGE,_INDIA_UNITED_MILL_BUS","KIRTI COLLEGE, INDIA UNITED MILL",19.020841,72.83295200000001,0,NULL
NEHRU_PLANETARIUM_WORLI_BUS,NEHRU PLANETARIUM (WORLI),18.989451,72.81403,0,NULL
GOPIKRISHNA_PIRAMAL_HOSPITAL_BUS,GOPIKRISHNA PIRAMAL HOSPITAL,18.998286,72.825153,0,NULL
PRABHADEVI_BUS,PRABHADEVI,19.013729,72.829548,0,NULL
VEER_HUTATMA_BHAI_KOTWAL_UDYAN_PLAZA_BUS,VEER HUTATMA BHAI KOTWAL UDYAN (PLAZA),19.020992,72.842384,0,NULL
POLICE_CAMP_BUS,POLICE CAMP,19.0112,72.817753,0,NULL
BARKAT_ALI_DARGAH_BUS,BARKAT ALI DARGAH,19.018359,72.866294,0,NULL
SAHAR_VILLAGE_BUS,SAHAR VILLAGE,19.098617,72.865004,0,NULL
CENTRAL_DAIRY_AAREY_COLONY_BUS,CENTRAL DAIRY (AAREY COLONY),19.154265,72.878804,0,NULL
"GAUTAM_NAGAR,_DEONAR_ABATTOIR_BUS","GAUTAM NAGAR, DEONAR ABATTOIR",19.059112,72.913928,0,NULL
AFGHAN_CHURCH_BUS,AFGHAN CHURCH,18.90698,72.81676,0,NULL
AZAD_NAGAR_ANDHERI_BUS,AZAD NAGAR (ANDHERI),19.130194,72.837678,0,NULL
SHATABDI_HOSPITAL_DEONAR_BUS,SHATABDI HOSPITAL (DEONAR),19.049526,72.91039600000001,0,NULL
TEEN_MURTI_BUS,TEEN MURTI,19.223146,72.871314,0,NULL
FIRE_BRIGADE_JUNCTION_ANTOP_HILL_BUS,FIRE BRIGADE JUNCTION (ANTOP HILL),19.025903,72.86830399999999,0,NULL
SAMATA_NAGAR_KANDIVALI_BUS,SAMATA NAGAR (KANDIVALI),19.205758,72.86909199999999,0,NULL
DATTA_MANDIR_INCOME_TAX_COLONY_BUS,DATTA MANDIR (INCOME TAX COLONY),19.131301,72.862257,0,NULL
VASANTRAO_NAIK_CHOWK_TARDEO_BUS,VASANTRAO NAIK CHOWK (TARDEO),18.968223,72.81658400000001,0,NULL
BPT_COLONY_BARKAT_ALI_MARG_BUS,B.P.T. COLONY (BARKAT ALI MARG),19.014698,72.86304800000001,0,NULL
PATKAR_COMPOUND_BHANDUP-W_BUS,PATKAR COMPOUND (BHANDUP-W),19.159394,72.930936,0,NULL
POST_&_TELEGRAPHS_MULUND-W_BUS,POST & TELEGRAPHS (MULUND-W),19.16983,72.94612600000001,0,NULL
KORA_KENDRA_BUS,KORA KENDRA,19.221935,72.853388,0,NULL
HINDMATA_CINEMA_PAREL_BUS,HINDMATA CINEMA (PAREL),19.01063,72.84291399999999,0,NULL
MAHESHWARI_UDYAN_KINGS_CIRCLE_BUS,MAHESHWARI UDYAN (KINGS CIRCLE),19.028699,72.85879300000001,0,NULL
JAWAHAR_NAGAR_GOREGAON-W_BUS,JAWAHAR NAGAR (GOREGAON-W),19.159334,72.84645,0,NULL
"KANNAMWAR_NAGAR,_BUILDING_NO124_BUS","KANNAMWAR NAGAR, BUILDING NO.124",19.12241,72.940314,0,NULL
PANCHAVATI_BUS,PANCHAVATI,19.116832,73.002728,0,NULL
SAHAR_POLICE_STATION_BUS,SAHAR POLICE STATION,19.102047,72.876273,0,NULL
CHHATRAPATI_SHIVAJI_MAHARAJ_TERMINUSCSMT_BUS,CHHATRAPATI SHIVAJI MAHARAJ TERMINUS(CSMT),18.939354,72.83556799999999,0,NULL
POISAR_DEPOT_BUS,POISAR DEPOT,19.214047,72.851035,0,NULL
NERUL_SECTOR_42_BUS,NERUL SECTOR 42,19.015475,73.015145,0,NULL
WORLI_SEA_FACE_N_BUS,WORLI SEA FACE (N),19.013918,72.817019,0,NULL
"KOPAR_KHAIRANE,_SECTOR_15_BUS","KOPAR KHAIRANE, SECTOR 15",19.100877,73.004321,0,NULL
ATMARAM_TOWER_BUS,ATMARAM TOWER,19.246141,72.845421,0,NULL
BOMBAY_DYEING_BUS,BOMBAY DYEING,19.006294,72.82971499999999,0,NULL
SHANTI_ASHRAM_BORIVALI-W_BUS,SHANTI ASHRAM (BORIVALI-W),19.24121,72.847127,0,NULL
VIHAR_LAKE_BUS,VIHAR LAKE,19.139655,72.89813599999999,0,NULL
JUHU_BUS_STATION_BUS,JUHU BUS STATION,19.106995,72.826795,0,NULL
SANTACRUZ_STATION_W_ROAD_BUS,SANTACRUZ STATION (W) ROAD,19.083496,72.838083,0,NULL
CHHATRAPATI_SHIVAJI_INTERNATIONAL_AIRPORT_SAHAR_BUS,CHHATRAPATI SHIVAJI INTERNATIONAL AIRPORT (SAHAR),19.100673,72.874392,0,NULL
COLABA_BUS_STATION_BUS,COLABA BUS STATION,18.912749,72.822906,0,NULL
MUNICIPAL_ENGLISH_SCHOOL_BUS,MUNICIPAL ENGLISH SCHOOL,19.214431,72.876853,0,NULL
COMRADE_PKKURNE_CHOWK_WORLI__BUS,COMRADE P.K.KURNE CHOWK (WORLI ),19.005267,72.82099700000001,0,NULL
"SWAMI_NARAYAN_CHOWK,_DADAR_STATION_-E_BUS","SWAMI NARAYAN CHOWK, DADAR STATION -E",19.018355,72.844599,0,NULL
DHIRAJ_ENCLAVE_BUS,DHIRAJ ENCLAVE,19.215331,72.86952100000001,0,NULL
SAIBABA_MANDIR_WORLI_BUS,SAIBABA MANDIR (WORLI),19.006319,72.815383,0,NULL
BHAVISHYA_NIDHI_BHAVAN_CHARKOP_BUS,BHAVISHYA NIDHI BHAVAN (CHARKOP),19.215335,72.831035,0,NULL
"DRDATTA_SAMANT_CHOWK,_SAKINAKA_BUS","DR.DATTA SAMANT CHOWK, SAKINAKA",19.105267,72.885965,0,NULL
KULKARNI_WADI_BUS,KULKARNI WADI,19.098523,72.89779900000001,0,NULL
GANDHI_MARKET_CHEMBUR_BUS,GANDHI MARKET (CHEMBUR),19.045863,72.89667,0,NULL
KONKAN_RAILVIHAR_BUS,KONKAN RAILVIHAR,19.022051,73.016392,0,NULL
GANDHI_NAGAR_KANJURMARG_BUS,GANDHI NAGAR (KANJURMARG),19.124332,72.925134,0,NULL
HIRANANDANI_POWAI_BUS,HIRANANDANI (POWAI),19.120163,72.906621,0,NULL
TELEPHONE_EXCHANGE_BARVE_NAGAR_BUS,TELEPHONE EXCHANGE (BARVE NAGAR),19.088976,72.904141,0,NULL
GARODIA_PALACE_BUS,GARODIA PALACE,19.074549,72.906417,0,NULL
VIKHROLI_STATION_ROAD_E_BUS,VIKHROLI STATION ROAD (E),19.108523,72.931961,0,NULL
VIKHROLI_STATION_ROAD_E_BUS,VIKHROLI STATION ROAD (E),19.109255,72.933463,0,NULL
KHIRA_NAGAR_SANTACRUZ-W_BUS,KHIRA NAGAR (SANTACRUZ-W),19.087255,72.838109,0,NULL
NEW_INDIA_QUARTERS_ANDHERI-W_BUS,NEW INDIA QUARTERS (ANDHERI-W),19.113098,72.838746,0,NULL
MULUND_COURT_BUS,MULUND COURT,19.174302,72.958552,0,NULL
"NLCOMPLEX,_RIDDHI_SIDDHI_SOCIETY_DAHISAR-E_BUS","N.L.COMPLEX, RIDDHI SIDDHI SOCIETY (DAHISAR-E)",19.260986,72.865748,0,NULL
FIVE_GARDENS_BUS,FIVE GARDENS,19.021604,72.854086,0,NULL
MALAD_STATION_W_BUS,MALAD STATION (W),19.187873,72.84731499999999,0,NULL
SHINDEWADI_DADAR-E_BUS,SHINDEWADI (DADAR-E),19.012121,72.843796,0,NULL
RAJSHIV_BUILDING_BUS,RAJSHIV BUILDING,19.244337,72.867232,0,NULL
"JARIMARI,_BANDRA_TALAO_BUS","JARIMARI, BANDRA TALAO",19.057568,72.836753,0,NULL
AZIZ_BAUG_BUS,AZIZ BAUG,19.037316,72.894896,0,NULL
HANUMAN_MANDIR_BHANDUP-W_BUS,HANUMAN MANDIR (BHANDUP-W),19.154914,72.935024,0,NULL
WADI_BUNDER_BUS,WADI BUNDER,18.957644,72.84276199999999,0,NULL
TILAK_NAGAR_RAILWAY_STATION_BUS,TILAK NAGAR RAILWAY STATION,19.066134,72.891356,0,NULL
KURLA_BUS_STATION_E_BUS,KURLA BUS STATION (E),19.064412,72.880206,0,NULL
SWATI_STUDIO_BUS,SWATI STUDIO,19.163213,72.852675,0,NULL
HIGHLAND_PARK_MULUND-W_BUS,HIGHLAND PARK (MULUND-W),19.169883,72.932312,0,NULL
WAREHOUSE_SAHAR_BUS,WAREHOUSE (SAHAR),19.102973,72.86686400000001,0,NULL
PHOENIX_CHEMICALS_BYCULLA-E_BUS,PHOENIX CHEMICALS (BYCULLA-E),18.985403,72.83750000000001,0,NULL
SARVODAY_MAHABUDDHA_VIHAR_TILAK_NAGAR_CHEMBUR_BUS,SARVODAY MAHABUDDHA VIHAR (TILAK NAGAR CHEMBUR),19.067499,72.892545,0,NULL
OMKARESHWAR_MANDIR_BUS,OMKARESHWAR MANDIR,19.229881,72.863502,0,NULL
JOHAR_CHOWK_BHENDI_BAZAAR_BUS,JOHAR CHOWK (BHENDI BAZAAR),18.959254,72.831869,0,NULL
BASANT_PARK_BUS,BASANT PARK,19.051635,72.894131,0,NULL
JIJAMATA_UDYAN_BYCULLA_BUS,JIJAMATA UDYAN (BYCULLA),18.980795,72.83624,0,NULL
AAREY_UNIT_NO32_BUS,AAREY UNIT NO.32,19.164379,72.870081,0,NULL
LIC_OFFICE_BORIVALI_-W_BUS,LIC OFFICE (BORIVALI -W),19.242324,72.852329,0,NULL
BALKUM_NAKA_BUS,BALKUM NAKA,19.221331,72.98984,0,NULL
DONGRI_BUS,DONGRI,18.95735,72.83405500000001,0,NULL
SHREE_SWAMI_SAMARTH_NAGAR_MARKET_BUS,SHREE SWAMI SAMARTH NAGAR MARKET,19.144783,72.82366500000001,0,NULL
MAXUS_MALL_BHAYANDER-W_BUS,MAXUS MALL (BHAYANDER-W),19.294755,72.850258,0,NULL
FILMALAYA_AMBOLI_BUS,FILMALAYA (AMBOLI),19.127921,72.844048,0,NULL
ACHARYA_ATRE_CHOWK_WORLI_NAKA_BUS,ACHARYA ATRE CHOWK (WORLI NAKA),18.997169,72.81657800000001,0,NULL
KASTURBA_GANDHI_CHOWK_CPTANK_BUS,KASTURBA GANDHI CHOWK (C.P.TANK),18.95513,72.825881,0,NULL
"MHADA_COLONY,_MALVANI_BUS","MHADA COLONY, MALVANI",19.178915,72.813559,0,NULL
HUTATMA_CHOWK_BUS,HUTATMA CHOWK,18.93374,72.83022800000001,0,NULL
WADALA_FLYOVER_BRIDGE_BUS,WADALA FLYOVER BRIDGE,19.018817,72.860642,0,NULL
SHIMPAVALI_VILLAGE_BUS,SHIMPAVALI VILLAGE,19.223879,72.84245,0,NULL
GODREJ_CHOWK_KEMPS_CORNER_BUS,GODREJ CHOWK (KEMPS CORNER),18.964106,72.808155,0,NULL
MULUND_RAILWAY_STATION_W_BUS,MULUND RAILWAY STATION (W),19.17386,72.95732599999999,0,NULL
"RTO_ANDHERI-W,_NEW_VIKAS_HOUSING_SOCIETY_BUS","R.T.O. (ANDHERI-W), NEW VIKAS HOUSING SOCIETY",19.132471,72.825681,0,NULL
CHOWPATTY_BAND_STAND_BUS,CHOWPATTY BAND STAND,18.955686,72.808514,0,NULL
SUKH_SAGAR_BUS,SUKH SAGAR,18.956557,72.813318,0,NULL
WILSON_COLLEGE_BUS,WILSON COLLEGE,18.956546,72.810213,0,NULL
"RAJASTHANI_SAMMELAN_CAMPUS,_CHINCHVALI_BUS","RAJASTHANI SAMMELAN CAMPUS, CHINCHVALI",19.176968,72.84595299999999,0,NULL
KALA_NAGAR_BANDRA-E_MHADA_OFFICE_BUS,KALA NAGAR (BANDRA-E) MHADA OFFICE,19.055334,72.847899,0,NULL
"16TH_ROAD,_KHAR_BUS","16TH ROAD, KHAR",19.073364,72.83081199999999,0,NULL
"MUNICIPAL_OFFICE,_BHABHA_HOSPITAL_BANDRA-W_BUS","MUNICIPAL OFFICE, BHABHA HOSPITAL (BANDRA-W)",19.057385,72.833922,0,NULL
KHAR_STATION_W_BUS,KHAR STATION (W),19.069838,72.839718,0,NULL
STANDREW_S_CHURCH_BUS,ST.ANDREW S CHURCH,19.054669,72.82597199999999,0,NULL
SKPATIL_AROGYADHAM_MALAD-E_BUS,S.K.PATIL AROGYADHAM (MALAD-E),19.188654,72.854569,0,NULL
ESISHOSPITAL_KANDIVALI-_E_BUS,E.S.I.S.HOSPITAL (KANDIVALI- E),19.202107,72.856234,0,NULL
GOREGAON_CHECK_NAKA_NO1_BUS,GOREGAON CHECK NAKA NO.1,19.166422,72.85596200000001,0,NULL
BHUMI_COMPLEX_BUS,BHUMI COMPLEX,19.20053,72.82153700000001,0,NULL
VAKOLA_MASJID_BUS,VAKOLA MASJID,19.081718,72.855435,0,NULL
STJOSEPH_TECHNICAL_SCHOOL_BUS,ST.JOSEPH TECHNICAL SCHOOL,19.08093,72.888712,0,NULL
"BHOIWADA,_MANE_MASTER_CHOWK_BUS","BHOIWADA, MANE MASTER CHOWK",19.005718,72.846384,0,NULL
"JAMBHULPADA,_SHIVSENA_OFFICE_BUS","JAMBHULPADA, SHIVSENA OFFICE",19.093726,72.89894099999999,0,NULL
"TAGORE_NAGAR_UDYAN,_VIKHROLI_BRIDGE_BUS","TAGORE NAGAR UDYAN, VIKHROLI BRIDGE",19.113655,72.9337,0,NULL
DEONAR_DEPOT_BUS,DEONAR DEPOT,19.045714,72.91202199999999,0,NULL
GHANSOLI_RAILWAY_STATION_BUS,GHANSOLI RAILWAY STATION,19.116397,73.00773700000001,0,NULL
MAHIM_PHATAK_BUS,MAHIM PHATAK,19.044536,72.844534,0,NULL
"10TH_ROAD,_CHEMBUR_CHURCH_BUS","10TH ROAD, CHEMBUR CHURCH",19.056624,72.900447,0,NULL
PRINCESS_DOCK_BUS,PRINCESS DOCK,18.955268,72.842032,0,NULL
FILMISTAN_GOREGAON-W_BUS,FILMISTAN (GOREGAON-W),19.162794,72.84603,0,NULL
ESISHOSPITAL_MULUND_BUS,E.S.I.S.HOSPITAL (MULUND),19.179587,72.945679,0,NULL
"MAHAVIR_NAGAR_EXTENSION_KANDIVLI-W,_PARIJAT_SOCIETY_BUS","MAHAVIR NAGAR EXTENSION (KANDIVLI-W), PARIJAT SOCIETY",19.214446,72.839527,0,NULL
"DRRAVINDRA_KULKARNI_CHOWK,_SASMIRA_WORLI_BUS","DR.RAVINDRA KULKARNI CHOWK, SASMIRA (WORLI)",19.010117,72.82009100000001,0,NULL
GOREGAON_STATION_E_BUS,GOREGAON STATION (E),19.164324,72.85096299999999,0,NULL
STANTHONY_CHURCH_BUS,ST.ANTHONY CHURCH,19.10639,72.89371,0,NULL
MARINE_LINES_RAILWAY_STATION_BUS,MARINE LINES RAILWAY STATION,18.946167,72.82379,0,NULL
SEWREE_STATION_E_BUS,SEWREE STATION (E),18.997818,72.85469999999999,0,NULL
PALI_MARKET_BUS,PALI MARKET,19.062053,72.829519,0,NULL
DAHISAR_BRIDGE_BUS,DAHISAR BRIDGE,19.254838,72.85686699999999,0,NULL
AGRIPADA_POLICE_STATION_BUS,AGRIPADA POLICE STATION,18.977615,72.82421100000001,0,NULL
VASANTRAO_NAIK_CHOWK_TARDEO_BUS,VASANTRAO NAIK CHOWK (TARDEO),18.968683,72.816109,0,NULL
SAHARA_GOREGAON-W_BUS,SAHARA (GOREGAON-W),19.154003,72.845133,0,NULL
"LOKSHAHIR_SATHE_UDYAN,_SUMAN_NAGAR_BUS","LOKSHAHIR SATHE UDYAN, SUMAN NAGAR",19.054206,72.88433499999999,0,NULL
WORLI_VILLAGE_BUS,WORLI VILLAGE,19.016632,72.82096799999999,0,NULL
SHIVAJI_CHOWK_ANDHERI-E_BUS,SHIVAJI CHOWK (ANDHERI-E),19.110091,72.849335,0,NULL
VITTHAL_MANDIR_KANDIVALI-W_BUS,VITTHAL MANDIR (KANDIVALI-W),19.2002,72.826634,0,NULL
OMKARESHWAR_MANDIR_BUS,OMKARESHWAR MANDIR,19.230044,72.86358799999999,0,NULL
DOCKYARD_COLONY_KANJURMARG-W_BUS,DOCKYARD COLONY (KANJURMARG-W),19.130692,72.92654899999999,0,NULL
VAKOLA_PIPE_LINE_BUS,VAKOLA PIPE LINE,19.080723,72.85204400000001,0,NULL
VESAVA_VILLAGE_BUS,VESAVA VILLAGE,19.138518,72.806703,0,NULL
ANTOP_HILL_POST_OFFICE_BUS,ANTOP HILL POST OFFICE,19.024465,72.86382999999999,0,NULL
CHHATRAPATI_SHIVAJI_MAHARAJ_TERMINUS_GPO_BUS,CHHATRAPATI SHIVAJI MAHARAJ TERMINUS (GPO),18.93856,72.83645199999999,0,NULL
PARSI_AGYARI_BUS,PARSI AGYARI,18.949346,72.800364,0,NULL
"IES_SCHOOL,_JVLR_BUS","I.E.S SCHOOL, (J.V.L.R)",19.128513,72.887551,0,NULL
MAHARASHTRA_NAGAR_MANKHURD_BUS,MAHARASHTRA NAGAR (MANKHURD),19.051266,72.937662,0,NULL
"DHARAN_TALAO,_ASHTAGANDHA_SOCIETY_BUS","DHARAN TALAO, ASHTAGANDHA SOCIETY",19.010831,73.016417,0,NULL
"KHOT_ROAD,_BHATIPADA_BUS","KHOT ROAD, BHATIPADA",19.150876,72.935947,0,NULL
GOKULDHAM_MARKET_BUS,GOKULDHAM MARKET,19.175608,72.869733,0,NULL
DEVIPADA_BUS,DEVIPADA,19.225915,72.86363799999999,0,NULL
JAWAHAR_NAGAR_GOREGAON-W_BUS,JAWAHAR NAGAR (GOREGAON-W),19.15928,72.846526,0,NULL
MOUNT_MARY_STEPS_MUNICIPAL_GARDEN_BUS,MOUNT MARY STEPS (MUNICIPAL GARDEN),19.048254,72.825018,0,NULL
"ACHARYA_GARDEN,_DIAMOND_GARDEN_BUS","ACHARYA GARDEN, DIAMOND GARDEN",19.053462,72.899944,0,NULL
KONKAN_RAILVIHAR_BUS,KONKAN RAILVIHAR,19.022006,73.016715,0,NULL
YOGASHRAM_BUS,YOGASHRAM,19.167919,72.79079,0,NULL
"MAROSHI_NAKA,_PICNIC_POINT_BUS","MAROSHI NAKA, PICNIC POINT",19.136596,72.881683,0,NULL
MUMBAI_CENTRAL_DEPOT_BUS,MUMBAI CENTRAL DEPOT,18.968211,72.824427,0,NULL
MAHARASHTRA_NAGAR_BHANDUP-W_BUS,MAHARASHTRA NAGAR (BHANDUP-W),19.140214,72.928201,0,NULL
OLD_AGRA_ROAD_KURLA-W_BUS,OLD AGRA ROAD (KURLA-W),19.079228,72.879886,0,NULL
ADARSH_DAIRY_MALAD-W_BUS,ADARSH DAIRY (MALAD-W),19.19264,72.841892,0,NULL
GENERAL_ARUN_KUMAR_VAIDYA_MARG_JUNCTION_GOREGAON-E_BUS,GENERAL ARUN KUMAR VAIDYA MARG JUNCTION (GOREGAON-E),19.174502,72.86100500000001,0,NULL
PRABODHANKAR_THACKERAY_CHOWK_DADAR-W_BUS,PRABODHANKAR THACKERAY CHOWK (DADAR-W),19.019814,72.837332,0,NULL
"VIDYABEN_GARDI_SCHOOL,_KESHAVPADA_BUS","VIDYABEN GARDI SCHOOL, KESHAVPADA",19.171366,72.947571,0,NULL
MASTER_WADI_BUS,MASTER WADI,19.151946,72.790616,0,NULL
SHIVAJI_CHOWK_ANDHERI-E_BUS,SHIVAJI CHOWK (ANDHERI-E),19.111672,72.849553,0,NULL
MAHATMA_PHULE_MARKET_CRAWFORD_MARKET_BUS,MAHATMA PHULE MARKET (CRAWFORD MARKET),18.946681,72.83531600000001,0,NULL
"DAMU_NAGAR,_MAYUR_MARKET_BUS","DAMU NAGAR, MAYUR MARKET",19.2009667,72.8788833,0,NULL
COMRADE_GULABRAO_GANACHARYA_CHOWK_BUS,COMRADE GULABRAO GANACHARYA CHOWK,18.985968,72.83169700000001,0,NULL
HANUMAN_NAGAR_MALAD-E_BUS,HANUMAN NAGAR (MALAD-E),19.172865,72.875353,0,NULL
RANI_SATI_MARG_JUNCTION_MALAD-E_BUS,RANI SATI MARG JUNCTION (MALAD-E),19.179993,72.858682,0,NULL
EDENWOOD_BUS,EDENWOOD,19.2279,72.96953329999999,0,NULL
NAVRANG_HOTEL_BUS,NAVRANG HOTEL,19.040051,73.067716,0,NULL
THANE_CIVIL_HOSPITAL_BUS,THANE CIVIL HOSPITAL,19.199028,72.978987,0,NULL
VESAVA-YARI_ROAD_BUS_STATION_BUS,VESAVA-YARI ROAD BUS STATION,19.139531,72.808499,0,NULL
"MAHARASHTRA_NAGAR_KANDIVALI-W,_YADAV_NAGAR_BUS","MAHARASHTRA NAGAR (KANDIVALI-W), YADAV NAGAR",19.207098,72.83390300000001,0,NULL
NORTH_BOMBAY_SCHOOL_BUS,NORTH BOMBAY SCHOOL,19.096521,72.907864,0,NULL
GRANT_ROAD_STATION_E_BUS,GRANT ROAD STATION (E),18.963164,72.81652200000001,0,NULL
AGHADI_NAGAR_BUS,AGHADI NAGAR,19.126918,72.85920900000001,0,NULL
FATHER_AGNEL_ASHRAM_BANDRA-W_BUS,FATHER AGNEL ASHRAM (BANDRA-W),19.044636,72.819016,0,NULL
EMPIRE_MILL_BUS,EMPIRE MILL,19.000339,72.828523,0,NULL
SHIVAJI_NAGAR_GOVANDI_TERMINUS_BUS,SHIVAJI NAGAR (GOVANDI) TERMINUS,19.060641,72.925338,0,NULL
BELA_NIVAS_BUS,BELA NIVAS,19.114534,72.86163000000001,0,NULL
PODDAR_&_RUIA_COLLEGE_MATUNGA_BUS,PODDAR & RUIA COLLEGE (MATUNGA),19.023815,72.84972500000001,0,NULL
RNA_COMPLEX_BUS,R.N.A. COMPLEX,19.060621,72.851116,0,NULL
ORKAY_MILL_BUS,ORKAY MILL,19.121603,72.87055100000001,0,NULL
ONGCCOLONY_DINDOSHI_BUS,O.N.G.C.COLONY (DINDOSHI),19.173846,72.868212,0,NULL
PRABHADEVI_BUS,PRABHADEVI,19.013466,72.82897800000001,0,NULL
KHERWADI_POLICE_STATION_BUS,KHERWADI POLICE STATION,19.065174,72.850059,0,NULL
KAMRAJ_NAGAR_KANDIVALI-W_BUS,KAMRAJ NAGAR (KANDIVALI-W),19.210121,72.835713,0,NULL
BHANDUP_PEOPLES_SCHOOL_BUS,BHANDUP PEOPLES SCHOOL,19.140033,72.925568,0,NULL
TAPOVAN_PATHANWADI_BUS,TAPOVAN (PATHANWADI),19.179921,72.85967100000001,0,NULL
HINDUSTAN_PETROLEUM_COLONY_GOREGAON_-E_BUS,HINDUSTAN PETROLEUM COLONY (GOREGAON -E),19.172392,72.869516,0,NULL
RNA_COMPLEX_BANDRA-E_BUS,R.N.A. COMPLEX (BANDRA-E),19.056055,72.84523799999999,0,NULL
CHHATRAPATI_SHIVAJI_MAHARAJ_TERMINUSCSMT_BUS,CHHATRAPATI SHIVAJI MAHARAJ TERMINUS(CSMT),18.94035,72.838416,0,NULL
DHOBI_GHAT_BORIVALI-E_BUS,DHOBI GHAT (BORIVALI-E),19.23195,72.86576669999999,0,NULL
INTER_STATE_BUS_STATION_ANIK_BUS,INTER STATE BUS STATION (ANIK),19.04273,72.878668,0,NULL
MAHARANA_PRATAP_CHOWK_MAZGAON_BUS,MAHARANA PRATAP CHOWK (MAZGAON),18.96844,72.841538,0,NULL
NAHUR_RAILWAY_STATION_BUS,NAHUR RAILWAY STATION,19.15721,72.946907,0,NULL
SARSOLE_BUS_STATION_BUS,SARSOLE BUS STATION,19.039858,73.01464,0,NULL
"WADALA_STATION,_P&T_QUARTERS_BUS","WADALA STATION, P&T QUARTERS",19.016213,72.85769000000001,0,NULL
MAROL_PIPELINE_BUS,MAROL PIPELINE,19.110582,72.87230599999999,0,NULL
BHARATIYA_AROGYA_NIDHI_HOSPITAL_BUS,BHARATIYA AROGYA NIDHI HOSPITAL,19.111613,72.82852099999999,0,NULL
BANDRA_W_BUS_STATION_BUS,BANDRA (W) BUS STATION,19.053893,72.839568,0,NULL
MAHALAXMI_MANDIR_DEONAR_BUS,MAHALAXMI MANDIR (DEONAR),19.046926,72.919641,0,NULL
MIRA_ROAD_MARKET_BUS,MIRA ROAD MARKET,19.278454,72.85827999999999,0,NULL
BHANDUP_PUMPING_CENTRE_BUS,BHANDUP PUMPING CENTRE,19.155548,72.95729799999999,0,NULL
AZAD_FLOUR_MILL_BUS,AZAD FLOUR MILL,18.985414,72.8407,0,NULL
RBI_COLONY_GOREGAON-E_BUS,R.B.I COLONY (GOREGAON-E),19.172085,72.87035299999999,0,NULL
"MOUNT_CARMEL_CHURCH,_LILAVATI_HOSPITAL_BUS","MOUNT CARMEL CHURCH, LILAVATI HOSPITAL",19.05093,72.827505,0,NULL
MARAWALI_CHURCH_BUS,MARAWALI CHURCH,19.040821,72.894097,0,NULL
"SANT_ROHIDAS_SABHAGURHA,_KURLA_POST_OFFICE_BUS","SANT ROHIDAS SABHAGURHA, KURLA POST OFFICE",19.064464,72.874439,0,NULL
SEVEN_BUNGALOWS_GARDEN_BUS,SEVEN BUNGALOWS GARDEN,19.128697,72.816807,0,NULL
CHINCHVALI_BUNDER_ROAD_BUS,CHINCHVALI BUNDER ROAD,19.179582,72.837138,0,NULL
CAFE_PARADISE_BUS,CAFE PARADISE,18.961837,72.82996799999999,0,NULL
JOHNSON_&_JOHNSON_COMPANY_BUS,JOHNSON & JOHNSON COMPANY,19.174934,72.94208500000001,0,NULL
RCFPOLICE_STATION_BUS,R.C.F.POLICE STATION,19.036042,72.89527699999999,0,NULL
RUSHI_COMPLEX_EXTENSION_DAHISAR_-_W_BUS,RUSHI COMPLEX EXTENSION (DAHISAR - W),19.257229,72.851349,0,NULL
"YOGI_NAGAR,_JAYRAJ_NAGAR_BORIVALI_-W_BUS","YOGI NAGAR, JAYRAJ NAGAR (BORIVALI -W)",19.234737,72.840597,0,NULL
SAIFEE_HOSPITAL_BUS,SAIFEE HOSPITAL,18.952351,72.81809800000001,0,NULL
LALA_LAJPATRAI_COLLEGE_BUS,LALA LAJPATRAI COLLEGE,18.981944,72.81432100000001,0,NULL
RAMGAD_ANITA_NAGAR_BUS,RAMGAD (ANITA NAGAR),19.197547,72.878668,0,NULL
MHADA_COLONY_OSHIWARA_BUS,MHADA COLONY (OSHIWARA),19.134143,72.82628800000001,0,NULL
SUNDAR_NAGAR_MALAD-W_BUS,SUNDAR NAGAR (MALAD-W),19.175251,72.845232,0,NULL
MAHARANA_PRATAP_CHOWK_MULUND_CHECK_NAKA-W_BUS,MAHARANA PRATAP CHOWK (MULUND CHECK NAKA-W),19.182731,72.95379800000001,0,NULL
GHANSOLI_VILLAGE_BUS,GHANSOLI VILLAGE,19.126191,73.00443199999999,0,NULL
LOKMANYA_TILAK_HOSPITAL_SION_BUS,LOKMANYA TILAK HOSPITAL (SION),19.037635,72.861096,0,NULL
GAMMON_HOUSE_BUS,GAMMON HOUSE,19.014666,72.826251,0,NULL
PARSI_GENERAL_HOSPITAL_BUS,PARSI GENERAL HOSPITAL,18.968321,72.803451,0,NULL
CRISIL_HOUSE_BUS,CRISIL HOUSE,19.117237,72.91068,0,NULL
SHRAWAN_YASHWANTE_CHOWK_KALA_CHOWKY_BUS,SHRAWAN YASHWANTE CHOWK (KALA CHOWKY),18.987195,72.841649,0,NULL
PHOENIX_CHEMICALS_BYCULLA-E_BUS,PHOENIX CHEMICALS (BYCULLA-E),18.985268,72.837414,0,NULL
PRABODHANKAR_THACKERAY_NAGAR_BUS_STATION_CHARKOP_BUS,PRABODHANKAR THACKERAY NAGAR BUS STATION (CHARKOP),19.220004,72.82878700000001,0,NULL
SECTOR_7_MIRA_ROAD_BUS,SECTOR 7 (MIRA ROAD),19.278529,72.863407,0,NULL
SWAMI_VIVEKANAND_VIDYALAYA_BORIVALI_-W_BUS,SWAMI VIVEKANAND VIDYALAYA (BORIVALI -W),19.225842,72.831768,0,NULL
SAMRAT_ASHOK_NAGAR_DEONAR_BUS,SAMRAT ASHOK NAGAR (DEONAR),19.055615,72.91142000000001,0,NULL
AHILYABAI_HOLKAR_CHOWK_CHURCHGATE_BUS,AHILYABAI HOLKAR CHOWK (CHURCHGATE),18.934434,72.827085,0,NULL
NAVJEEVAN_NAGAR_GOREGAON-E_BUS,NAVJEEVAN NAGAR (GOREGAON-E),19.1528,72.88039999999999,0,NULL
MANDALA_BUS,MANDALA,19.041978,72.934832,0,NULL
HIGHWAY_APARTMENT_SION_BUS,HIGHWAY APARTMENT (SION),19.047919,72.867113,0,NULL
GAVDEVI_MANDIR_THANE_BUS,GAVDEVI MANDIR (THANE),19.184664,72.972453,0,NULL
BHARATMATA_CINEMA_BUS,BHARATMATA CINEMA,18.996117,72.837065,0,NULL
"FIRE_BRIGADE,_KHARODI_COLONY_BUS","FIRE BRIGADE, KHARODI COLONY",19.196682,72.821769,0,NULL
VILE_PARLE_SUBWAY_BUS,VILE PARLE SUBWAY,19.091876,72.846344,0,NULL
KAMAL_TALAO_BUS,KAMAL TALAO,19.196549,72.813125,0,NULL
600_TENAMENT_GATE_BUS,600 TENAMENT GATE,19.054461,72.921159,0,NULL
JAGDUSHA_NAGAR_BUS,JAGDUSHA NAGAR,19.099882,72.908699,0,NULL
CHINCHVALI_BUNDER_ROAD_BUS,CHINCHVALI BUNDER ROAD,19.180007,72.836539,0,NULL
NATRAJ_STUDIO_BUS,NATRAJ STUDIO,19.117177,72.854263,0,NULL
KALAMBOLI_FIRE_BRIGADE_BUS,KALAMBOLI FIRE BRIGADE,19.026249,73.104516,0,NULL
VESAVA_VILLAGE_BUS,VESAVA VILLAGE,19.138437,72.80678899999999,0,NULL
WHITE_HOUSE_BUS,WHITE HOUSE,18.950432,72.80185400000001,0,NULL
NAVRANG_TALKIES_ANDHERI-W_BUS,NAVRANG TALKIES (ANDHERI-W),19.124776,72.84169300000001,0,NULL
MAHAPE_NAKA_BUS,MAHAPE NAKA,19.113406,73.008734,0,NULL
SHANTI_NAGAR_ANDHERI-E_BUS,SHANTI NAGAR (ANDHERI-E),19.119504,72.863623,0,NULL
SHASTRI_NAGAR_BORIVALI_-W_BUS,SHASTRI NAGAR (BORIVALI -W),19.217941,72.851679,0,NULL
"KANNAMWAR_NAGAR,_PRAVIN_HOTEL_BUS","KANNAMWAR NAGAR, PRAVIN HOTEL",19.116627,72.935543,0,NULL
BHABREKAR_NAGAR_BUS,BHABREKAR NAGAR,19.205402,72.824281,0,NULL
TEEN_MURTI_BUS,TEEN MURTI,19.223119,72.87157999999999,0,NULL
PASSPORT_OFFICE_WORLI_BUS,PASSPORT OFFICE (WORLI),19.0115333,72.8210833,0,NULL
CHINCH_BUNDER_BUS,CHINCH BUNDER,18.958933,72.838402,0,NULL
"MALVANI_BLOCK_NO5,_POLICE_STATION_BUS","MALVANI BLOCK NO.5, POLICE STATION",19.191315,72.821573,0,NULL
MHADA_COLONY_SHIMPAVALI_BUS,MHADA COLONY (SHIMPAVALI),19.21972,72.836129,0,NULL
MUMBAI_CENTRAL_STATION_BUS,MUMBAI CENTRAL STATION,18.968804,72.820268,0,NULL
RAMESH_HOTELMALAD-E_BUS,RAMESH HOTEL(MALAD-E),19.187032,72.862072,0,NULL
BABASAHEB_WORLIKAR_CHOWK_CENTURY_BAZAAR_BUS,BABASAHEB WORLIKAR CHOWK (CENTURY BAZAAR),19.012586,72.82269100000001,0,NULL
DADOJI_KONDEV_NAGAR_KHARDEV_NAGAR_BUS,DADOJI KONDEV NAGAR (KHARDEV NAGAR),19.057042,72.909539,0,NULL
PTPALUSKAR_CHOWK_OPERA_HOUSE-_MARWADI_VIDYALAYA_BUS,PT.PALUSKAR CHOWK (OPERA HOUSE)- MARWADI VIDYALAYA,18.957265,72.817324,0,NULL
MARY_IMMACULATE_SCHOOL_BUS,MARY IMMACULATE SCHOOL,19.24788,72.85358100000001,0,NULL
SAHYADRI_NAGAR_CHARKOP_BUS,SAHYADRI NAGAR (CHARKOP),19.210346,72.828709,0,NULL
JUI_NAGAR_RAILWAY_STATION_BUS,JUI NAGAR RAILWAY STATION,19.056046,73.019187,0,NULL
JAIN_MANDIR_MIRA_ROAD_BUS,JAIN MANDIR (MIRA ROAD),19.280037,72.86229299999999,0,NULL
PWD_COLONY_RISING_CITY_BUS,P.W.D. COLONY (RISING CITY),19.069465,72.91234799999999,0,NULL
MANTRALAYA_BUS,MANTRALAYA,18.928587,72.82449800000001,0,NULL
"DRRAVINDRA_KULKARNI_CHOWK,_SASMIRA_WORLI_BUS","DR.RAVINDRA KULKARNI CHOWK, SASMIRA (WORLI)",19.010126,72.820261,0,NULL
ANAND_NAGAR_MARKET_BUS,ANAND NAGAR MARKET,19.255764,72.864619,0,NULL
KARTVYA_NAGAR_BUS,KARTVYA NAGAR,19.007749,72.859196,0,NULL
WADALA_GATE_NO4_BUS,WADALA GATE NO.4,19.022421,72.860868,0,NULL
SAI_CHITRA_SOCIETY_KANDIVALI-W_BUS,SAI CHITRA SOCIETY (KANDIVALI-W),19.21652,72.820734,0,NULL
EVERARD_NAGAR_BUS,EVERARD NAGAR,19.050769,72.87520600000001,0,NULL
RANI_LAXMIBAI_CHOWK_SION_BUS,RANI LAXMIBAI CHOWK (SION),19.041557,72.863308,0,NULL
EVERSHINE_NAGAR_MALAD-W_BUS,EVERSHINE NAGAR (MALAD-W),19.192364,72.834599,0,NULL
LAXMI_INDUSTRIAL_ESTATE_ANDHERI-W_BUS,LAXMI INDUSTRIAL ESTATE (ANDHERI-W),19.135691,72.83198,0,NULL
MADKEBUWA_CHOWK_PAREL_BUS,MADKEBUWA CHOWK (PAREL),19.001864,72.838238,0,NULL
HEALTH_CENTRE_VIDYANAGARI_BUS,HEALTH CENTRE (VIDYANAGARI),19.072479,72.860088,0,NULL
VIDYA_NAGARI_KALINA_BUS,VIDYA NAGARI (KALINA),19.071132,72.858625,0,NULL
BANK_OF_MAHARASHTRA_KANDIVALI-W_BUS,BANK OF MAHARASHTRA (KANDIVALI-W),19.212641,72.828441,0,NULL
BAYER_HOUSE_BUS,BAYER HOUSE,19.118664,72.91243799999999,0,NULL
AHILYABAI_HOLKAR_CHOWK_CHURCHGATE_BUS,AHILYABAI HOLKAR CHOWK (CHURCHGATE),18.933043,72.826981,0,NULL
BORIVALI_W_STATION_BUS,BORIVALI (W) STATION,19.230139,72.856607,0,NULL
MALAD_STATION_W_BUS,MALAD STATION (W),19.189057,72.848198,0,NULL
SHANTI_NAGAR_ANDHERI-E_BUS,SHANTI NAGAR (ANDHERI-E),19.120226,72.863918,0,NULL
RESERVE_BANK_OF_INDIA_FORT_BUS,RESERVE BANK OF INDIA (FORT),18.93285,72.836181,0,NULL
SAIBABA_ROAD_LALBAUG_BUS,SAIBABA ROAD (LALBAUG),18.994693,72.841263,0,NULL
JIJAMATA_UDYAN_BYCULLA_BUS,JIJAMATA UDYAN (BYCULLA),18.981083,72.83433100000001,0,NULL
SAMRAT_HOTEL_MATUNGA-E_BUS,SAMRAT HOTEL (MATUNGA-E),19.03089,72.844875,0,NULL
BHANDUP_VILLAGE_E_BUS,BHANDUP VILLAGE (E),19.15,72.943904,0,NULL
KARIM_BUNGALOWS_BUS,KARIM BUNGALOWS,19.152329,72.870453,0,NULL
DHARKHADI_BUS,DHARKHADI,19.252418,72.873625,0,NULL
ASALPHA_VILLAGE_BUS,ASALPHA VILLAGE,19.095803,72.895634,0,NULL
"AIROLI_SECTOR_4,_CORPORATION_BANK_BUS","AIROLI SECTOR 4, CORPORATION BANK",19.153999,72.99949599999999,0,NULL
"PADMASHREE_MOHAMMED_RAFI_CHOWK,_BANDRA_W_BUS","PADMASHREE MOHAMMED RAFI CHOWK, BANDRA (W)",19.051362,72.838335,0,NULL
ADV_PALJIBHAI_BORICHA_CHOWK_BUS,ADV. PALJIBHAI BORICHA CHOWK,19.146792,72.828169,0,NULL
"RANI_LAXMIBAI_CHOWK,_SION_STATION_BUS","RANI LAXMIBAI CHOWK, SION STATION",19.047285,72.86322800000001,0,NULL
RAWLI_CAMP_BUS,RAWLI CAMP,19.036772,72.868906,0,NULL
MARIAMMAN_MANDIR_BUS,MARIAMMAN MANDIR,19.189186,72.837616,0,NULL
DATTA_WADI_BUS,DATTA WADI,19.200551,72.999127,0,NULL
BSESSUB_STATION-CHEMBUR_BUS,B.S.E.S.SUB STATION-CHEMBUR,19.059144,72.89936299999999,0,NULL
JIJAMATA_NAGAR_WORLI_BUS,JIJAMATA NAGAR (WORLI),18.993413,72.820162,0,NULL
NAFA_BUS,NAFA,19.071017,72.863034,0,NULL
NAVJEEVAN_SOCIETY_TARDEO_BUS,NAVJEEVAN SOCIETY (TARDEO),18.966264,72.818504,0,NULL
KALA_NAGAR_BANDRA-E_BUS,KALA NAGAR (BANDRA-E),19.053582,72.84892600000001,0,NULL
KANNAMWAR_NAGAR_NO2_BUS,KANNAMWAR NAGAR NO.2,19.120521,72.938727,0,NULL
SHIMPAVALI_TELEPHONE_EXCHANGE_BUS,SHIMPAVALI TELEPHONE EXCHANGE,19.224005,72.840205,0,NULL
SHIVAJI_PARK_GYMKHANA_BUS,SHIVAJI PARK GYMKHANA,19.025813,72.83704299999999,0,NULL
RANI_SATI_MARG_MALAD-E_MUNICIPAL_SCHOOL_BUS,RANI SATI MARG (MALAD-E) MUNICIPAL SCHOOL,19.18354,72.852062,0,NULL
BHAYANDER_POLICE_STATION_BUS,BHAYANDER POLICE STATION,19.300924,72.846896,0,NULL
SAIBABA_NAGAR_KANDARPADA_BUS,SAIBABA NAGAR (KANDARPADA),19.260564,72.852897,0,NULL
SANDUWADI_CHEMBUR-E_BUS,SANDUWADI (CHEMBUR-E),19.053271,72.89712299999999,0,NULL
AMBASSADOR_HOTEL_SAHAR_BUS,AMBASSADOR HOTEL (SAHAR),19.104133,72.874447,0,NULL
KABUTARKHANA_DADAR-W_BUS,KABUTARKHANA (DADAR-W),19.01837,72.839803,0,NULL
"SAMAJ_MANDIR_HALL_VASHI,_SECTOR_11_BUS","SAMAJ MANDIR HALL (VASHI), SECTOR 11",19.082837,73.000439,0,NULL
KURAR_VILLAGE_BUS,KURAR VILLAGE,19.185991,72.85833599999999,0,NULL
"KANDIVALI_INDUSTRIAL_ESTATE,_GANESH_NAGAR_BUS","KANDIVALI INDUSTRIAL ESTATE, GANESH NAGAR",19.204456,72.828238,0,NULL
HANUMAN_MANDIR_BHANDUP-W_BUS,HANUMAN MANDIR (BHANDUP-W),19.157489,72.943513,0,NULL
MUNICIPAL_COLONY_VIKHROLI-W_BUS,MUNICIPAL COLONY (VIKHROLI-W),19.103606,72.916139,0,NULL
SARVODAYA_NAGAR_BHANDUP-W_BUS,SARVODAYA NAGAR (BHANDUP-W),19.148517,72.930823,0,NULL
"SHIRDI_NAGAR,_RAM_NAGAR_BHAYANDER-E_BUS","SHIRDI NAGAR, RAM NAGAR (BHAYANDER-E)",19.306054,72.861536,0,NULL
BEHRAM_BAUG_BUS,BEHRAM BAUG,19.146852,72.836658,0,NULL
BORIVALI_E_STATION_BUS,BORIVALI (E) STATION,19.229354,72.857568,0,NULL
NORTH_BOMBAY_SCHOOL_BUS,NORTH BOMBAY SCHOOL,19.09662,72.90777799999999,0,NULL
BEST_QUARRIES_CHANDIVALI_BUS,BEST QUARRIES (CHANDIVALI),19.11203,72.90094999999999,0,NULL
"PADMASHREE_MOHAMMED_RAFI_CHOWK,_BANDRA_W_BUS","PADMASHREE MOHAMMED RAFI CHOWK, BANDRA (W)",19.054903,72.837677,0,NULL
KANDIVALI_STATION_W_BUS,KANDIVALI STATION (W),19.206323,72.851021,0,NULL
BHANDUP_VILLAGE_W_BUS,BHANDUP VILLAGE (W),19.151671,72.943324,0,NULL
MARATHA_COLONY_BUS,MARATHA COLONY,19.073791,72.84710699999999,0,NULL
MADKEBUWA_CHOWK_PAREL_BUS,MADKEBUWA CHOWK (PAREL),19.005785,72.839071,0,NULL
BANDRA_TALKIES_BUS,BANDRA TALKIES,19.062292,72.835657,0,NULL
SHARDASHRAM_VIDYAMANDIR_BUS,SHARDASHRAM VIDYAMANDIR,19.016372,72.837695,0,NULL
VIDYA_VIHAR_BUS_STATION_W_BUS,VIDYA VIHAR BUS STATION (W),19.080129,72.896143,0,NULL
DRKBHEDGEWAR_CHOWK_BUS,DR.K.B.HEDGEWAR CHOWK,19.163849,72.93714300000001,0,NULL
JIJAMATA_MUNICIPAL_SCHOOLBYCULLA-E_BUS,JIJAMATA MUNICIPAL SCHOOL(BYCULLA-E),18.9803,72.84003,0,NULL
"DATTA_TEKDI,_SHIV_TEKDI_BUS","DATTA TEKDI, SHIV TEKDI",19.139188,72.86163500000001,0,NULL
"MHADA_COLONY,_MALVANI_BUS","MHADA COLONY, MALVANI",19.178996,72.81312200000001,0,NULL
JARIMARI_SAKINAKA_BUS,JARIMARI (SAKINAKA),19.09307,72.882853,0,NULL
HUTATMA_CHOWK_BUS,HUTATMA CHOWK,18.933578,72.830161,0,NULL
RAJENDRA_NAGAR_BUS,RAJENDRA NAGAR,19.221271,72.861073,0,NULL
ANTOP_HILL_BUS_STATION_BUS,ANTOP HILL BUS STATION,19.025966,72.866613,0,NULL
HP_NAGAR_MAHUL_BUS,H.P. NAGAR (MAHUL),19.02773,72.892687,0,NULL
MANDLI_TALAO_BUS,MANDLI TALAO,19.299696,72.849294,0,NULL
SHANTI_NAGAR_MADH_BUS,SHANTI NAGAR (MADH),19.150131,72.79095,0,NULL
FAMOUS_STUDIO_BUS,FAMOUS STUDIO,18.986866,72.82368099999999,0,NULL
ERLA_MASJID_BUS,ERLA MASJID,19.110951,72.837208,0,NULL
"JARIMARI_MATA_MANDIR,_STOFFICE_WORLI_BUS","JARIMARI MATA MANDIR, S.T.OFFICE (WORLI)",18.994774,72.815288,0,NULL
MULUND_STN_-_E_BUS,MULUND STN - E,19.17161,72.956755,0,NULL
FOREST_STREET_POWAI_BUS,FOREST STREET (POWAI),19.114815,72.908647,0,NULL
DATTAGURU_CO-OPERATIVE_HOUSING_SOCIETY_BUS,DATTAGURU CO-OPERATIVE HOUSING SOCIETY,19.047983,72.920191,0,NULL
HINDUSTAN_DORR-OLIVER_LIMITED_BUS,HINDUSTAN DORR-OLIVER LIMITED,19.112688,72.856956,0,NULL
ALANKAR_CINEMA_BUS,ALANKAR CINEMA,18.958147,72.825138,0,NULL
BHARATI_VIDYAPITH_BUS,BHARATI VIDYAPITH,19.026299,73.056299,0,NULL
TUMNI_PADA_BUS,TUMNI PADA,19.221481,72.886284,0,NULL
NEELKAMAL_NAKA_BUS,NEELKAMAL NAKA,19.2733333,72.8853333,0,NULL
LAXMI_INDUSTRIAL_ESTATE_ANDHERI-W_BUS,LAXMI INDUSTRIAL ESTATE (ANDHERI-W),19.13552,72.832104,0,NULL
SARVODAYA_BALIKA_VIDYALAYA_MALAD-W_BUS,SARVODAYA BALIKA VIDYALAYA (MALAD-W),19.177293,72.845972,0,NULL
CHAINANI_ELDER_S_HOME_BUS,CHAINANI ELDER S HOME,19.166687,72.96364800000001,0,NULL
SHIVAJI_NAGAR_BUS_STATION_BUS,SHIVAJI NAGAR BUS STATION,19.065918,72.929175,0,NULL
NEHRU_PLANETARIUM_WORLI_BUS,NEHRU PLANETARIUM (WORLI),18.989027,72.814021,0,NULL
HIRA_NAGAR_MULUND-W_BUS,HIRA NAGAR (MULUND-W),19.161835,72.94568,0,NULL
AAREY_MUNICIPAL_SCHOOL_BUS,AAREY MUNICIPAL SCHOOL,19.149133,72.877685,0,NULL
"MALAD_STATION_E,_PODDAR_PARK_BUS","MALAD STATION (E), PODDAR PARK",19.184631,72.85004600000001,0,NULL
GANESH_SOCIETY_KANDIVALI-W_BUS,GANESH SOCIETY (KANDIVALI-W),19.219328,72.83078399999999,0,NULL
HAFFKINE_INSTITUTE_BUS,HAFFKINE INSTITUTE,19.001452,72.844431,0,NULL
"AIROLI_SECTOR_4,_CORPORATION_BANK_BUS","AIROLI SECTOR 4, CORPORATION BANK",19.153177,72.99964799999999,0,NULL
SHIVSENA_OFFICE_CHEMBUR-W_BUS,SHIVSENA OFFICE (CHEMBUR-W),19.062064,72.905832,0,NULL
VIKHROLI_DEPOT_BUS,VIKHROLI DEPOT,19.101953,72.91956999999999,0,NULL
KAMGAR_NAGAR_KURLA-E_BUS,KAMGAR NAGAR (KURLA-E),19.059374,72.88547199999999,0,NULL
KASTURBA_GANDHI_HOSPITAL_SAATRASTA_BUS,KASTURBA GANDHI HOSPITAL (SAATRASTA),18.983048,72.828413,0,NULL
CHECK_POST_BUS,CHECK POST,19.209669,72.899136,0,NULL
BANDRA_COLONY_BUS_STATION_BUS,BANDRA COLONY BUS STATION,19.061732,72.85063100000001,0,NULL
MAHESHWARI_UDYAN_KINGS_CIRCLE_BUS,MAHESHWARI UDYAN (KINGS CIRCLE),19.0269,72.856011,0,NULL
BHANDUP_VILLAGE_E_BUS,BHANDUP VILLAGE (E),19.149928,72.943856,0,NULL
TADWADI_MAZGAON_BUS,TADWADI (MAZGAON),18.966152,72.839214,0,NULL
"DRDATTA_SAMANT_CHOWK,_SAKINAKA_BUS","DR.DATTA SAMANT CHOWK, SAKINAKA",19.105475,72.88530900000001,0,NULL
SHANTARAM_PUJARE_CHOWK_KALA_CHOWKY_BUS,SHANTARAM PUJARE CHOWK (KALA CHOWKY),18.989784,72.835911,0,NULL
APMC_FRUIT_AND_VEGETABLE_MARKET_BUS,A.P.M.C. FRUIT AND VEGETABLE MARKET,19.076222,73.009683,0,NULL
AKSA_VILLAGE_BUS,AKSA VILLAGE,19.176525,72.79755,0,NULL
GHATKOPAR_STATION_E_BUS,GHATKOPAR STATION (E),19.0852167,72.9079167,0,NULL
VAKOLA_POLICE_STATION_BUS,VAKOLA POLICE STATION,19.080542,72.85128400000001,0,NULL
RAMESHWAR_MANDIR_BORIVALI_-E_BUS,RAMESHWAR MANDIR (BORIVALI -E),19.24442,72.870133,0,NULL
"JAGATDEV_NVARMA_CHOWK,_KAPOLE_NIWAS_BUS","JAGATDEV N.VARMA CHOWK, KAPOLE NIWAS",19.024649,72.85358100000001,0,NULL
BKC_TELEPHONE_EXCHANGE_BUS,BKC TELEPHONE EXCHANGE,19.071058,72.871576,0,NULL
GATE_WAY_OF_INDIA_BUS,GATE WAY OF INDIA,18.923245,72.83361499999999,0,NULL
KANDIVALI_TELEPHONE_EXCHANGE_BUS,KANDIVALI TELEPHONE EXCHANGE,19.211283,72.851702,0,NULL
HAFFKINE_INSTITUTE_BUS,HAFFKINE INSTITUTE,19.001353,72.84460199999999,0,NULL
"MASINA_HOSPITAL,_RUSTOM_BAUG_BUS","MASINA HOSPITAL, RUSTOM BAUG",18.975899,72.837402,0,NULL
AGRAWAL_GREEN_VILLAGE_BUS,AGRAWAL GREEN VILLAGE,19.2710333,72.8906167,0,NULL
MUMBAI_CENTRAL_STATION_BUS,MUMBAI CENTRAL STATION,18.96838,72.820515,0,NULL
VEER_HUTATMA_BHAI_KOTWAL_UDYAN_PLAZA_BUS,VEER HUTATMA BHAI KOTWAL UDYAN (PLAZA),19.021299,72.841947,0,NULL
CHAKALA_BUS,CHAKALA,19.115038,72.857904,0,NULL
PRARTHANALAYA_BUS,PRARTHANALAYA,19.050962,72.82178500000001,0,NULL
RAM_MANDIR_GOREGAON-W_BUS,RAM MANDIR (GOREGAON-W),19.152566,72.84456299999999,0,NULL
BANDRA_DEPOT_BUS,BANDRA DEPOT,19.071578,72.83505100000001,0,NULL
ABHISHEK_APARTMENTS_BUS,ABHISHEK APARTMENTS,19.120817,72.826403,0,NULL
MINI_NAGAR_BUS,MINI NAGAR,19.24965,72.867448,0,NULL
DATTA_MANDIR_BUS,DATTA MANDIR,19.209958,72.837737,0,NULL
BHANDUP_VILLAGE_E_BUS,BHANDUP VILLAGE (E),19.144698,72.95060599999999,0,NULL
GAONDEVI_POLICE_STATION_BUS,GAONDEVI POLICE STATION,18.959962,72.812147,0,NULL
KUMBHAR_TUKDA_BUS,KUMBHAR TUKDA,18.953776,72.826424,0,NULL
BORIVALI_E_STATION_BUS,BORIVALI (E) STATION,19.228903,72.858966,0,NULL
VASUDEO_BALWANT_PHADKE_CHOWK_DHOBI_TALAO_BUS,VASUDEO BALWANT PHADKE CHOWK (DHOBI TALAO),18.942936,72.82798,0,NULL
YASHWANTRAO_CHAVAN_PRATISHTHAN_MANTRALAYA_BUS,YASHWANTRAO CHAVAN PRATISHTHAN (MANTRALAYA),18.924433,72.82682699999999,0,NULL
CHAR_NAL_BUS,CHAR NAL,18.958354,72.83668400000001,0,NULL
JUHU_PRABHAT_ANDHERI-E_BUS,JUHU PRABHAT (ANDHERI-E),19.118082,72.82884799999999,0,NULL
HARIDAS_NAGAR_BUS,HARIDAS NAGAR,19.22166,72.847796,0,NULL
SHAHAJIRAJE_SPORTS_COMPLEX_ANDHERI-W_BUS,SHAHAJIRAJE SPORTS COMPLEX (ANDHERI-W),19.127863,72.837509,0,NULL
MOTILAL_NAGAR_NO2_BUS,MOTILAL NAGAR NO.2,19.163374,72.83534400000001,0,NULL
YOGI_HOTEL_BORIVALI_-W_BUS,YOGI HOTEL (BORIVALI -W),19.235101,72.84427700000001,0,NULL
SWADESHI_MARKET_BUS,SWADESHI MARKET,18.949495,72.828867,0,NULL
RANI_LAXMIBAI_CHOWK_SION_BUS,RANI LAXMIBAI CHOWK (SION),19.046473,72.865604,0,NULL
RUIA_COLLEGE_MATUNGA-E_BUS,RUIA COLLEGE (MATUNGA-E),19.021521,72.85034400000001,0,NULL
"GOTHIVALI_VILLAGE,_RABALE_STATION_BUS","GOTHIVALI VILLAGE, RABALE STATION",19.137149,73.003114,0,NULL
MEGHWADI_DHARAVI_BUS,MEGHWADI (DHARAVI),19.033859,72.85072,0,NULL
ESIC_NAGAR_BUS,ESIC NAGAR,19.121443,72.829824,0,NULL
BAINGANWADI_BUS,BAINGANWADI,19.058762,72.923438,0,NULL
MHADA_COLONY_SHIMPAVALI_BUS,MHADA COLONY (SHIMPAVALI),19.219792,72.836119,0,NULL
PUNCHASHEEL_APARTMENTS_BUS,PUNCHASHEEL APARTMENTS,19.213327,72.841373,0,NULL
"GOREGAON,_OSHIWARA_DEPOT_BUS","GOREGAON, OSHIWARA DEPOT",19.153391,72.835446,0,NULL
PRARTHANA_SAMAJ_BUS,PRARTHANA SAMAJ,18.957954,72.820543,0,NULL
LOKMANYA_TILAK_NAGAR_ASALPHA_BUS,LOKMANYA TILAK NAGAR (ASALPHA),19.101899,72.890376,0,NULL
LALJIPADA_BUS,LALJIPADA,19.201036,72.83390799999999,0,NULL
MALVANI_AKASHWANI_BUS,MALVANI AKASHWANI,19.196249,72.810748,0,NULL
MAHATMA_GANDHI_HOSPITAL_PAREL_BUS,MAHATMA GANDHI HOSPITAL (PAREL),18.997583,72.84051100000001,0,NULL
BORIVALI_E_STATION_BUS,BORIVALI (E) STATION,19.232083,72.858784,0,NULL
SALASAR_HANUMAN_MANDIR_MALAD-W_BUS,SALASAR HANUMAN MANDIR (MALAD-W),19.192569,72.830691,0,NULL
"MUMBAI_CENTRAL_STATION,_RESERVE_BANK_BUS","MUMBAI CENTRAL STATION, RESERVE BANK",18.969898,72.82115,0,NULL
HASRAT_MOHANI_CHOWK_BUS,HASRAT MOHANI CHOWK,18.966326,72.828768,0,NULL
JAMA_MASJID_POWAI_BUS,JAMA MASJID (POWAI),19.113232,72.902764,0,NULL
"DRDATTA_SAMANT_CHOWK,_SAKINAKA_BUS","DR.DATTA SAMANT CHOWK, SAKINAKA",19.105601,72.88528100000001,0,NULL
DRKBHEDGEWAR_CHOWK_BHANDUP_SONAPUR_BUS,DR.K.B.HEDGEWAR CHOWK BHANDUP SONAPUR,19.163632,72.938835,0,NULL
VALENCIA_BUILDING_BUS,VALENCIA BUILDING,19.025709,72.87862,0,NULL
"GANDHI_NAGAR__BANDRA-E,_CHETANA_COLLEGE_BUS","GANDHI NAGAR  (BANDRA-E), CHETANA COLLEGE",19.059887,72.847753,0,NULL
"VASHI_NAKA_CHEMBUR,_MMRDA_COLONY_BUS","VASHI NAKA (CHEMBUR), M.M.R.D.A COLONY",19.030931,72.90284,0,NULL
SIDDHARAJ_SOCIETY_BUS,SIDDHARAJ SOCIETY,19.2351833,72.8722333,0,NULL
KANDARPADA_BUS_STATION_BUS,KANDARPADA BUS STATION,19.262668,72.851202,0,NULL
MANEKLAL_MUNICIPAL_SCHOOL_BUS,MANEKLAL MUNICIPAL SCHOOL,19.089915,72.902582,0,NULL
SANGHARSH_NAGAR_CHANDIVALI_BUS,SANGHARSH NAGAR (CHANDIVALI),19.108543,72.901293,0,NULL
GAUTAM_NAGAR_KANDIVALI-E_BUS,GAUTAM NAGAR (KANDIVALI-E),19.199751,72.878705,0,NULL
SONA_UDYOG_INDUSTRIAL_ESTATE_BUS,SONA UDYOG INDUSTRIAL ESTATE,19.125804,72.85350699999999,0,NULL
AAI_TULJABHAVANI_CHOWK_BUS,AAI TULJABHAVANI CHOWK,19.141652,72.828734,0,NULL
POST_&_TELEGRAPHS_MULUND-W_BUS,POST & TELEGRAPHS (MULUND-W),19.171185,72.94361600000001,0,NULL
BARKAT_ALI_DARGAH_BUS,BARKAT ALI DARGAH,19.018259,72.866418,0,NULL
VASHI_NAKA_CHEMBUR_BUS,VASHI NAKA (CHEMBUR),19.031146,72.896884,0,NULL
MACHHALIMAR_VESAVA_BUS,MACHHALIMAR (VESAVA),19.132614,72.812383,0,NULL
MAHATMA_GANDHI_HOSPITAL_PAREL_BUS,MAHATMA GANDHI HOSPITAL (PAREL),18.99771,72.840653,0,NULL
ANDHERI_STATION_W_BUS,ANDHERI STATION (W),19.11981,72.845955,0,NULL
JAMMU_&_KASHMIR_BANK_BUS,JAMMU & KASHMIR BANK,19.280177,72.870903,0,NULL
LODHA_COMPLEX_BUS,LODHA COMPLEX,19.292519,72.856568,0,NULL
SANTACRUZ_DEPOT_BUS,SANTACRUZ DEPOT,19.091158,72.83846699999999,0,NULL
NIRLON_SOCIETY_BUS,NIRLON SOCIETY,19.177297,72.836911,0,NULL
"CHEMBUR_LEVEL_CROSSING,_SHELL_BRIDGE_BUS","CHEMBUR LEVEL CROSSING, SHELL BRIDGE",19.063615,72.89748,0,NULL
GOLDEN_CHEMICALS_DAHISAR-E_BUS,GOLDEN CHEMICALS (DAHISAR-E),19.262047,72.8733,0,NULL
RELIANCE_ENERGY_OFFICE_TILAK_NAGAR_CHEMBUR_BUS,RELIANCE ENERGY OFFICE (TILAK NAGAR CHEMBUR),19.0667243,72.897323,0,NULL
BORIVALI_E_STATION_BUS,BORIVALI (E) STATION,19.231505,72.859621,0,NULL
BALKUM_PADA_NO1_BUS,BALKUM PADA NO.1,19.221846,72.991134,0,NULL
ANDHERI_STATION_W_BUS,ANDHERI STATION (W),19.117885,72.846108,0,NULL
MAHIM_KOLIWADA_BUS,MAHIM KOLIWADA,19.046475,72.838443,0,NULL
PWD_GROUND_CHEMBUR_BUS,P.W.D. GROUND (CHEMBUR),19.067585,72.91000099999999,0,NULL
ARIHANT_INDUSTRIAL_ESTATE_BUS,ARIHANT INDUSTRIAL ESTATE,19.1494333,72.8478333,0,NULL
PRARTHANA_SAMAJ_BUS,PRARTHANA SAMAJ,18.957087,72.820325,0,NULL
BAPMARKET_BUS,B.A.P.MARKET,19.073611,73.008342,0,NULL
SHRIRANG_SOCIETY_THANE_BUS,SHRIRANG SOCIETY (THANE),19.206074,72.98031899999999,0,NULL
KHAREGAON_NAKA_BUS,KHAREGAON NAKA,19.201897,73.00149500000001,0,NULL
SUMATI_SCHOOL_BUS,SUMATI SCHOOL,19.113438,72.824259,0,NULL
MIRA-BHAYANDER_MUNICIPAL_HEAD_OFFICE_BUS,MIRA-BHAYANDER MUNICIPAL HEAD OFFICE,19.30171,72.848208,0,NULL
"VEENA_NAGAR,_GOVARDHAN_NAGAR_BUS","VEENA NAGAR, GOVARDHAN NAGAR",19.182107,72.947048,0,NULL
KHEDEKAR_WADI_BUS,KHEDEKAR WADI,19.166614,72.954464,0,NULL
JEEVAN_BIMA_NAGAR_BORIVALI_-W_BUS,JEEVAN BIMA NAGAR (BORIVALI -W),19.243985,72.849969,0,NULL
SEVEN_BUNGALOWS_BUS_STATION_BUS,SEVEN BUNGALOWS BUS STATION,19.130479,72.820426,0,NULL
VAISHALI_NAGAR_MULUND-W_BUS,VAISHALI NAGAR (MULUND-W),19.186796,72.946163,0,NULL
VIJAY_VALLABH_CHOWK_PYDHONIE_BUS,VIJAY VALLABH CHOWK (PYDHONIE),18.954548,72.83210099999999,0,NULL
MULUND_RAILWAY_STATION_W_BUS,MULUND RAILWAY STATION (W),19.17345,72.9564833,0,NULL
PTPALUSKAR_CHOWK_OPERA_HOUSE_BUS,PT.PALUSKAR CHOWK (OPERA HOUSE),18.954111,72.816501,0,NULL
DADAR_MARKET_BUS,DADAR MARKET,19.020975,72.84375199999999,0,NULL
VENUS_APARTMENT_BUS,VENUS APARTMENT,19.308863,72.860916,0,NULL
KRISHNA_NAGAR_SAKI_NAKA_BUS,KRISHNA NAGAR (SAKI NAKA),19.099929,72.887953,0,NULL
NERUL_BUS_STATION_BUS,NERUL BUS STATION,19.039983,73.019324,0,NULL
AGARKAR_CHOWK_ANDHERI-E_BUS,AGARKAR CHOWK (ANDHERI-E),19.119332,72.847903,0,NULL
AMAR_TALKIES_BUS,AMAR TALKIES,19.052173,72.910766,0,NULL
JMEHTA_MARG_NAPEAN_SEA_ROAD_BUS,J.MEHTA MARG (NAPEAN SEA ROAD),18.950553,72.795901,0,NULL
INDIRA_DOCK_BUS,INDIRA DOCK,18.938236,72.838161,0,NULL
GATE_WAY_PLAZA_POWAI_BUS,GATE WAY PLAZA (POWAI),19.123904,72.91198,0,NULL
POUSHMATA_MANDIR_BUS,POUSHMATA MANDIR,19.281048,72.955259,0,NULL
MATRUCHAYA_GURUPRASAD_SOCIETY_BUS,MATRUCHAYA (GURUPRASAD SOCIETY),19.103469,72.849853,0,NULL
MAHATMA_GANDHI_HOSPITAL_PAREL_BUS,MAHATMA GANDHI HOSPITAL (PAREL),18.998333,72.84089,0,NULL
"LALLUBHAI_COMPOUND,_DRAMBEDKAR_CHOWK_BUS","LALLUBHAI COMPOUND, DR.AMBEDKAR CHOWK",19.053803,72.92688800000001,0,NULL
PRATIKSHA_NAGAR_MHADA_COLONY_BUS,PRATIKSHA NAGAR (MHADA COLONY),19.04178,72.876503,0,NULL
BALLARD_PIER_BUS,BALLARD PIER,18.934083,72.842218,0,NULL
TROMBAY_BUS,TROMBAY,19.034364,72.94939599999999,0,NULL
ANDHERI_STATION_W_BUS,ANDHERI STATION (W),19.1184,72.845043,0,NULL
KAILAS_INDUSTRIAL_ESTATE_BUS,KAILAS INDUSTRIAL ESTATE,19.112206,72.917952,0,NULL
COLABA_BUS_STATION_BUS,COLABA BUS STATION,18.913896,72.82272500000001,0,NULL
ANAND_NAGAR_KOPRI_POLICE_CHOWKY_BUS,ANAND NAGAR (KOPRI) POLICE CHOWKY,19.173489,72.968583,0,NULL
KURAR_POLICE_CHOWKY_BUS,KURAR POLICE CHOWKY,19.185696,72.863699,0,NULL
MAHESHWARI_UDYAN_KINGS_CIRCLE_BUS,MAHESHWARI UDYAN (KINGS CIRCLE),19.02755,72.856229,0,NULL
DINDOSHI_DEPOT_BUS,DINDOSHI DEPOT,19.176103,72.86533,0,NULL
ACHARYA_ATRE_CHOWK_WORLI_NAKA_BUS,ACHARYA ATRE CHOWK (WORLI NAKA),18.996997,72.816436,0,NULL
"SSC_BOARD_OFFICE,_STLAWRENCE_SCHOOL_VASHI_BUS","SSC BOARD OFFICE, ST.LAWRENCE SCHOOL (VASHI)",19.074245,73.000846,0,NULL
RADHA_SILK_MILL_BUS,RADHA SILK MILL,19.126248,72.855369,0,NULL
MUMBAI_CENTRAL_STATION_BUS,MUMBAI CENTRAL STATION,18.968625,72.82231899999999,0,NULL
SUHASINI_PAWASKAR_MARG_DAHISAR-E_BUS,SUHASINI PAWASKAR MARG (DAHISAR-E),19.253439,72.871371,0,NULL
BYCULLA_STATION_E_BUS,BYCULLA STATION (E),18.976583,72.833613,0,NULL
SANPADA_POLICE_CHOWKY_BUS,SANPADA POLICE CHOWKY,19.062905,73.010296,0,NULL
JIVALA_PADA_BUS,JIVALA PADA,19.214518,72.86994900000001,0,NULL
AMBOLI_NAKA_BUS,AMBOLI NAKA,19.1283,72.8414667,0,NULL
SHIVDHAM_RUSHI_COMPLEX_BUS,SHIVDHAM (RUSHI COMPLEX),19.253831,72.84960100000001,0,NULL
NETAJI_SUBHASHCHANDRA_BOSE_SPORTS_COMPLEX_BUS,NETAJI SUBHASHCHANDRA BOSE SPORTS COMPLEX,19.2122,72.845235,0,NULL
DRMIQBAL_CHOWK_J_J_HOSPITAL_BUS,DR.M.IQBAL CHOWK (J J HOSPITAL),18.962101,72.832769,0,NULL
MARATHI_VIDNYAN_PARISHAD_CHUNABHATTI_BUS,MARATHI VIDNYAN PARISHAD (CHUNABHATTI),19.053408,72.879214,0,NULL
SANTACRUZ_DEPOT_BUS,SANTACRUZ DEPOT,19.089701,72.835893,0,NULL
SHITALADEVI_TEMPLE_MAHIM_BUS,SHITALADEVI TEMPLE (MAHIM),19.034001,72.842356,0,NULL
SINDHUWADI_BUS,SINDHUWADI,19.077738,72.903907,0,NULL
KANJUR_MARG_VILLAGE_EEH_BUS,KANJUR MARG VILLAGE (EEH),19.130251,72.94150999999999,0,NULL
DR_SHYAMAPRASAD_MUKHERJEE_CHOWKMUSEUM_BUS,DR. SHYAMAPRASAD MUKHERJEE CHOWK(MUSEUM),18.925756,72.833386,0,NULL
PRABHADEVI_BUS,PRABHADEVI,19.013385,72.829016,0,NULL
VIKHROLI_BUS_STATION_E_BUS,VIKHROLI BUS STATION (E),19.110348,72.928901,0,NULL
RYAN_INTERNATIONAL_SCHOOLGOREGAON-E_BUS,RYAN INTERNATIONAL SCHOOL(GOREGAON-E),19.171942,72.872207,0,NULL
ODEON_CINEMA_BUS,ODEON CINEMA,19.079022,72.908705,0,NULL
VILE_PARLE_STATION_E_BUS,VILE PARLE STATION (E),19.098705,72.844819,0,NULL
ZUNKA_BHAKAR_KENDRA_MALVANI_BUS,ZUNKA BHAKAR KENDRA (MALVANI),19.1908,72.8256167,0,NULL
CHINCHVALI_BUNDER_ROAD_BUS,CHINCHVALI BUNDER ROAD,19.18044,72.836291,0,NULL
DRBHADKAMKAR_ROAD_BUS,DR.BHADKAMKAR ROAD,18.960364,72.817312,0,NULL
JOHAR_CHOWK_BHENDI_BAZAAR_BUS,JOHAR CHOWK (BHENDI BAZAAR),18.958875,72.831661,0,NULL
DRMIQBAL_CHOWK_J_J_HOSPITAL_BUS,DR.M.IQBAL CHOWK (J J HOSPITAL),18.96322,72.83193300000001,0,NULL
MUNICIPAL_LIBRARY_CHEMBUR_BUS,MUNICIPAL LIBRARY (CHEMBUR),19.087887,72.91779699999999,0,NULL
NERUL_VILLAGE_BUS,NERUL VILLAGE,19.036732,73.01513300000001,0,NULL
RBI_COLONY_CHEMBUR-E_BUS,R.B.I COLONY (CHEMBUR-E),19.051421,72.903014,0,NULL
KHODADAD_CIRCLE_DADAR_TT_BUS,KHODADAD CIRCLE (DADAR TT),19.017155,72.847146,0,NULL
ASHISH_COMPLEX_BUS,ASHISH COMPLEX,19.2613833,72.8620167,0,NULL
YOGI_NAGAR_BORIVALI_-W_BUS,YOGI NAGAR (BORIVALI -W),19.235045,72.841595,0,NULL
"SAIBABA_MANDIR_GOVANDI,_KOKAN_BANK_BUS","SAIBABA MANDIR (GOVANDI), KOKAN BANK",19.06494,72.919617,0,NULL
"PRARTHANA_SAMAJ,_HARKISHANDAS_HOSPITAL_BUS","PRARTHANA SAMAJ, HARKISHANDAS HOSPITAL",18.959047,72.819754,0,NULL
MAHATMA_GANDHI_VIDYALAYA_JOGESHWARI-W_BUS,MAHATMA GANDHI VIDYALAYA (JOGESHWARI-W),19.14322,72.836775,0,NULL
NAIK_NAGAR_DHARAVI_BUS,NAIK NAGAR (DHARAVI),19.050953,72.86467,0,NULL
"KANNAMWAR_NAGAR,_BUILDING_NO175_BUS","KANNAMWAR NAGAR, BUILDING NO.175",19.116438,72.94088499999999,0,NULL
FERRY_WHARF_BUS,FERRY WHARF,18.957034,72.849428,0,NULL
DURGAMATA_MANDIR_BUS,DURGAMATA MANDIR,19.202896,72.862976,0,NULL
"MATHADI_BHAVAN,_COMMODITY_EXCHANGE_BUS","MATHADI BHAVAN, COMMODITY EXCHANGE",19.078968,73.009399,0,NULL
BORIVALI_W_STATION_BUS,BORIVALI (W) STATION,19.229859,72.856388,0,NULL
IJMIMA_BUS,IJMIMA,19.184113,72.831249,0,NULL
ALIKA_NAGAR_JUNCTION_BUS,ALIKA NAGAR JUNCTION,19.197869,72.87245,0,NULL
"KEM_HOSPITAL,_NURSES_QUARTERS_BUS","K.E.M HOSPITAL, NURSES QUARTERS",19.000837,72.843101,0,NULL
JUHU_BEACH_BUS,JUHU BEACH,19.09602,72.827602,0,NULL
GOREGAON_STATION_E_BUS_STATION_BUS,GOREGAON STATION (E) BUS STATION,19.165217,72.85028699999999,0,NULL
STANDARD_ALKALI_COMPANY_BUS,STANDARD ALKALI COMPANY,19.119451,73.00636,0,NULL
VIDYA_MANDIR_DAHISAR-E_BUS,VIDYA MANDIR (DAHISAR-E),19.254968,72.86263099999999,0,NULL
DR_SHYAMAPRASAD_MUKHERJEE_CHOWKMUSEUM_BUS,DR. SHYAMAPRASAD MUKHERJEE CHOWK(MUSEUM),18.925629,72.83219,0,NULL
"CHANDIVALI_STUDIO,_PETROL_PUMP_BUS","CHANDIVALI STUDIO, PETROL PUMP",19.114585,72.896007,0,NULL
BHANDUP_POLICE_STATION_BUS,BHANDUP POLICE STATION,19.150939,72.93727800000001,0,NULL
SIDDHARTH_NAGAR_GOREGAON-W_NO2_BUS,SIDDHARTH NAGAR (GOREGAON-W) NO.2,19.15514,72.843525,0,NULL
PAREL_STATION_E_BUS,PAREL STATION (E),19.00713,72.836933,0,NULL
SHANTI_NAGAR_BUS,SHANTI NAGAR,19.079163,72.875686,0,NULL
MALAD_STATION_W_BUS,MALAD STATION (W),19.18978,72.84855899999999,0,NULL
SKSTONE_MIRA_ROAD_BUS,S.K.STONE (MIRA ROAD),19.28538,72.86976799999999,0,NULL
ELIA_SARVAT_JUNIOR_COLLEGE_BUS,ELIA SARVAT JUNIOR COLLEGE,19.18725,72.8247667,0,NULL
"MUKESH_CHOWK_UMAR_PARK,_TATA_GARDEN_BUS","MUKESH CHOWK (UMAR PARK, TATA GARDEN)",18.965728,72.803786,0,NULL
GS_COLONY_BANDRA-E_BUS,G.S COLONY (BANDRA-E),19.063853,72.84766500000001,0,NULL
ADDITIONAL_CPOFFICE_BANDRA-W_BUS,ADDITIONAL C.P.OFFICE (BANDRA-W),19.063602,72.82276299999999,0,NULL
KALA_NAGAR_BANDRA-E_BUS,KALA NAGAR (BANDRA-E),19.056345,72.846255,0,NULL
SKYLARK_BUS,SKYLARK,19.146499,72.823531,0,NULL
MHADA_COLONY_MAJAS_BUS,MHADA COLONY (MAJAS),19.134104,72.866371,0,NULL
BHAYANDER_PHATAK_POLICE_CHOWKY_BUS,BHAYANDER PHATAK (POLICE CHOWKY),19.298869,72.85507,0,NULL
"CHAITYABHUMI,_BHAGOJI_KEER_CREMETORI_BUS","CHAITYABHUMI, BHAGOJI KEER CREMETORI",19.025315,72.83578900000001,0,NULL
AHILYABAI_HOLKAR_CHOWK_CHURCHGATE_BUS,AHILYABAI HOLKAR CHOWK (CHURCHGATE),18.932827,72.82889,0,NULL
JOHAR_CHOWK_BHENDI_BAZAAR_BUS,JOHAR CHOWK (BHENDI BAZAAR),18.959534,72.83167,0,NULL
GOREGAON_CHECK_NAKA_NO1_BUS,GOREGAON CHECK NAKA NO.1,19.165132,72.858653,0,NULL
"PAREL_STDEPOT,_SANT_ROHIDAS_CHOWK_BUS","PAREL S.T.DEPOT, SANT ROHIDAS CHOWK",19.010351,72.831384,0,NULL
JOGESHWARI_TABELA_BUS,JOGESHWARI TABELA,19.13832,72.84529499999999,0,NULL
"GODREJ_FOODS_COMPANY,_VEGOILS_WADALA-E_BUS","GODREJ FOODS COMPANY, VEG.OILS (WADALA-E)",19.009566,72.861512,0,NULL
BHAKTI_PARK_GATE_ANIK_BUS,BHAKTI PARK GATE (ANIK),19.032919,72.87943300000001,0,NULL
COMRADE_PKKURNE_CHOWK_WORLI__BUS,COMRADE P.K.KURNE CHOWK (WORLI ),19.004363,72.820599,0,NULL
GODREJ_SOAP_COMPANY_VIKHROLI-E_BUS,GODREJ SOAP COMPANY (VIKHROLI-E),19.093209,72.925825,0,NULL
BANDRA_E_PHATAK_BUS,BANDRA (E) PHATAK,19.05702,72.841399,0,NULL
MADINA_MANZIL_MALAD-W_BUS,MADINA MANZIL (MALAD-W),19.173571,72.84568899999999,0,NULL
KURLA_DEPOT_BUS,KURLA DEPOT,19.0748,72.87656200000001,0,NULL
PUMP_HOUSE_ANDHERI-E_BUS,PUMP HOUSE (ANDHERI-E),19.125643,72.856577,0,NULL
GODREJ_COMPANY_VIKHROLI-E_BUS,GODREJ COMPANY (VIKHROLI-E),19.101332,72.92930200000001,0,NULL
HOUSING_COLONY_GOREGAON-E_BUS,HOUSING COLONY (GOREGAON-E),19.173394,72.86847899999999,0,NULL
KACHPADA_BUS,KACHPADA,19.189546,72.835476,0,NULL
MORE_MALL_BUS,MORE MALL,19.21479,72.83999300000001,0,NULL
BORIVALI_W_BUS_STATION_BUS,BORIVALI (W) BUS STATION,19.232172,72.856976,0,NULL
VASANTRAO_NAIK_CHOWK_TARDEO_BUS,VASANTRAO NAIK CHOWK (TARDEO),18.96928,72.816773,0,NULL
OLD_AGRA_ROAD_KURLA-W_BUS,OLD AGRA ROAD (KURLA-W),19.079138,72.87978099999999,0,NULL
SUNFLOWER_SOCIETY_BUS,SUNFLOWER SOCIETY,19.214484,72.875113,0,NULL
MILITARY_CAMP_KALINA_BUS,MILITARY CAMP (KALINA),19.081955,72.857991,0,NULL
STATE_BANK_VILE_PARLE-W_BUS,STATE BANK (VILE PARLE-W),19.110015,72.829947,0,NULL
SHREE_RAM_MILL_BUS,SHREE RAM MILL,18.997769,72.822048,0,NULL
RAWAL_PADA_BUS,RAWAL PADA,19.245568,72.870113,0,NULL
MARWAH_ROAD_JUNCTION_SAKI_VIHAR_ROAD_BUS,MARWAH ROAD JUNCTION (SAKI VIHAR ROAD),19.10964,72.88786399999999,0,NULL
BANDRA_BUS_STATION_BUS,BANDRA BUS STATION,19.055793,72.845229,0,NULL
MADHUBAN_SOCIETY_BUS,MADHUBAN SOCIETY,19.224038,72.836078,0,NULL
SHANTIVAN_ROAD_JUNCTION_OSHIWARA_BUS,SHANTIVAN ROAD JUNCTION (OSHIWARA),19.151546,72.831712,0,NULL
JUHU_NAGAR_VASHI_BUS,JUHU NAGAR (VASHI),19.084517,73.00158,0,NULL
CCICOLONY_GOREGAON-W_BUS,C.C.I.COLONY (GOREGAON-W),19.163106,72.839432,0,NULL
VILE_PARLE_W_BUS,VILE PARLE (W),19.102406,72.8394,0,NULL
SHIVAJIRAJE_COMPLEX_KANDIVALI-W_EXTENSION_BUS,SHIVAJIRAJE COMPLEX (KANDIVALI-W) (EXTENSION),19.202157,72.821859,0,NULL
LOHA_BHAVAN_BUS,LOHA BHAVAN,18.952268,72.841493,0,NULL
BANDRA_DEPOT_BUS,BANDRA DEPOT,19.053583,72.839257,0,NULL
KAMANI_BUS,KAMANI,19.08457,72.885176,0,NULL
SANDUWADI_CHEMBUR-E_BUS,SANDUWADI (CHEMBUR-E),19.053271,72.897541,0,NULL
CANARA_BANK_BUS,CANARA BANK,19.058874,72.860761,0,NULL
INDUSTRIAL_ESTATE_VIKHROLI-W_BUS,INDUSTRIAL ESTATE (VIKHROLI-W),19.100163,72.913935,0,NULL
KHERWADI_BANDRA-E_BUS,KHERWADI (BANDRA-E),19.060465,72.84664100000001,0,NULL
ISMAIL_YUSUF_COLLEGE_BUS,ISMAIL YUSUF COLLEGE,19.134496,72.85533599999999,0,NULL
VASHI_BUS_STATION_BUS,VASHI BUS STATION,19.074427,72.999059,0,NULL
LION_S_GATE_BUS,LION S GATE,18.926796,72.83392600000001,0,NULL
CHHATRAPATI_SHIVAJI_MAHARAJ_TERMINUSCSMT_BUS,CHHATRAPATI SHIVAJI MAHARAJ TERMINUS(CSMT),18.939282,72.835303,0,NULL
"CBDBELAPUR,_KONKAN_BHAVAN_BUS","C.B.D.BELAPUR, KONKAN BHAVAN",19.024138,73.039636,0,NULL
ANKUR_PALACE_BUS,ANKUR PALACE,19.222737,72.84951700000001,0,NULL
SKPATIL_GARDEN_CHARNI_ROAD_BUS,S.K.PATIL GARDEN (CHARNI ROAD),18.949146,72.82148100000001,0,NULL
VATSALABAI_DESAI_CHOWK_HAJI_ALI_BUS,VATSALABAI DESAI CHOWK (HAJI ALI),18.977253,72.811724,0,NULL
MHADESHWAR_MANDIR_BUS,MHADESHWAR MANDIR,19.136562,72.82371000000001,0,NULL
CADBURY_JUNCTION_THANE_BUS,CADBURY JUNCTION (THANE),19.204087,72.96803300000001,0,NULL
"ALBERT_ROAD,_TANAJI_MALUSARE_CHOWK_BUS","ALBERT ROAD, TANAJI MALUSARE CHOWK",18.984638,72.842258,0,NULL
SIDDHIVINAYAK_TOWER_THANE_BUS,SIDDHIVINAYAK TOWER (THANE),19.209047,72.973349,0,NULL
MINILAND_SOCIETY_BHANDUP-W_BUS,MINILAND SOCIETY (BHANDUP-W),19.146918,72.93342800000001,0,NULL
WADALA_FLYOVER_BRIDGE_BUS,WADALA FLYOVER BRIDGE,19.018673,72.862561,0,NULL
JAIHIND_CINEMA_BUS,JAIHIND CINEMA,18.984634,72.83525,0,NULL
NITIN_COMPANY_JUNCTION_BUS,NITIN COMPANY JUNCTION,19.199182,72.963116,0,NULL
SHIVAJI_CHOWK_MULUND-W_BUS,SHIVAJI CHOWK (MULUND-W),19.175936,72.937721,0,NULL
WORLD_TRADE_CENTRE_BUS,WORLD TRADE CENTRE,18.915374,72.818091,0,NULL
CENTRAL_CINEMA_BUS,CENTRAL CINEMA,18.954528,72.818352,0,NULL
BHAGWATI_HOSPITAL_BUS,BHAGWATI HOSPITAL,19.241051,72.854631,0,NULL
CHHATRAPATI_SHIVAJI_MAHARAJ_TERMINUSCSMT_BUS,CHHATRAPATI SHIVAJI MAHARAJ TERMINUS(CSMT),18.940753,72.833403,0,NULL
MAHIM_MACHHIMAR_NAGAR_BUS,MAHIM MACHHIMAR NAGAR,19.046514,72.843706,0,NULL
GANDHI_NAGAR_KANJURMARG_BUS,GANDHI NAGAR (KANJURMARG),19.126509,72.925239,0,NULL
MAHAVIR_NAGAR_-EXTENSION_KANDIVLI-W_BUS,MAHAVIR NAGAR -EXTENSION (KANDIVLI-W),19.215267,72.836969,0,NULL
KHERANI_BAUG_BUS,KHERANI BAUG,19.103338,72.89763600000001,0,NULL
NEW_INDIA_QUARTERS_ANDHERI-W_BUS,NEW INDIA QUARTERS (ANDHERI-W),19.116001,72.837898,0,NULL
AHANSARI_CHOWK_NAGPADA_BUS,A.H.ANSARI CHOWK (NAGPADA),18.970809,72.83162299999999,0,NULL
"RCFCOLONY_CHEMBUR,_GOLF_CLUB_BUS","R.C.F.COLONY (CHEMBUR), GOLF CLUB",19.046026,72.898636,0,NULL
SHINDEWADI_DADAR-E_BUS,SHINDEWADI (DADAR-E),19.011299,72.843142,0,NULL
GANESH_CHOWK_BUS,GANESH CHOWK,19.215264,72.833212,0,NULL
OVALE_BUS,OVALE,19.274498,72.960435,0,NULL
DUDHSAGAR_SOCIETY_BUS,DUDHSAGAR SOCIETY,19.168231,72.859279,0,NULL
DHARAVI_PUMPING_STATION_BUS,DHARAVI PUMPING STATION,19.047166,72.861442,0,NULL
KALA_NAGAR_BANDRA-E_BUS,KALA NAGAR (BANDRA-E),19.053727,72.848736,0,NULL
VARTAK_NAGAR_BUS,VARTAK NAGAR,19.210059,72.96178500000001,0,NULL
URBAN_CO-OPERATIVE_BANK_MULUND-W_BUS,URBAN CO-OPERATIVE BANK (MULUND-W),19.168584,72.952068,0,NULL
SEAWOOD_DARAVE_RAILWAY_STATION_BUS,SEAWOOD DARAVE RAILWAY STATION,19.021174,73.01737,0,NULL
PRAGATI_HIGH_SCHOOL_GORAI_BUS,PRAGATI HIGH SCHOOL (GORAI),19.227425,72.822199,0,NULL
SRA_COLONY_MANKHURD_LALLUBHAI_COMPOUND_BUS,S.R.A COLONY MANKHURD (LALLUBHAI COMPOUND),19.049801,72.926908,0,NULL
AAREY_UNIT_NO7_BUS,AAREY UNIT NO.7,19.1591,72.8822667,0,NULL
SANT_GADGE_MAHARAJ_CHOWK_SAATRASTA_BUS,SANT GADGE MAHARAJ CHOWK (SAATRASTA),18.98142,72.825879,0,NULL
"DIVA_VILLAGE,_SECTOR_8_BUS","DIVA VILLAGE, SECTOR 8",19.148109,72.994685,0,NULL
SUNCITY_COMPLEX_BUS,SUNCITY COMPLEX,19.125921,72.92163600000001,0,NULL
ATI_CHUNABHATTI_BUS,A.T.I. (CHUNABHATTI),19.054078,72.881294,0,NULL
NEHRU_PLANETARIUM_WORLI_BUS,NEHRU PLANETARIUM (WORLI),18.988575,72.813784,0,NULL
"DRDATTA_SAMANT_CHOWK,_SAKINAKA_BUS","DR.DATTA SAMANT CHOWK, SAKINAKA",19.105006,72.88723899999999,0,NULL
SHANTARAM_PUJARE_CHOWK_KALA_CHOWKY_BUS,SHANTARAM PUJARE CHOWK (KALA CHOWKY),18.989449,72.83590100000001,0,NULL
KINGSTON_SEZ_POWAI_BUS,KINGSTON SEZ (POWAI),19.112774,72.91076700000001,0,NULL
PARLESHWAR_MANDIR_BUS,PARLESHWAR MANDIR,19.102979,72.8459,0,NULL
CBIQUARTERS_GHATKOPAR-E_BUS,C.B.I.QUARTERS (GHATKOPAR-E),19.081751,72.91082400000001,0,NULL
KASHI_VILLAGE_BUS,KASHI VILLAGE,19.274411,72.88570900000001,0,NULL
MAHARSHI_ARVIND_CHOWK_MULUND-W_BUS,MAHARSHI ARVIND CHOWK (MULUND-W),19.175603,72.951868,0,NULL
TALOJA_PHATA_BUS,TALOJA PHATA,19.032063,73.086215,0,NULL
TURBHE_POLICE_STATION_BUS,TURBHE POLICE STATION,19.063011,73.01899899999999,0,NULL
KAMALA_NEHRU_PARK_MALABAR_HILL_BUS,KAMALA NEHRU PARK (MALABAR HILL),18.955276,72.804717,0,NULL
COAL_BUNDER_BUS,COAL BUNDER,18.98332,72.858384,0,NULL
TEEN_TAKI_KOPAR_KHAIRANE_BUS,TEEN TAKI (KOPAR KHAIRANE),19.104997,73.003067,0,NULL
PIONEER_HIGH_SCHOOL_BUS,PIONEER HIGH SCHOOL,19.030801,72.854556,0,NULL
"ORLEM_CHURCH,_VALNAI_VILLAGE_BUS","ORLEM CHURCH, VALNAI VILLAGE",19.195456,72.838324,0,NULL
YASHKRIPA_BUILDING_BUS,YASHKRIPA BUILDING,19.221042,72.841919,0,NULL
BELPADA_VILLAGE_BUS,BELPADA VILLAGE,19.028456,73.060242,0,NULL
HUMA_CINEMA_KANJURMARG-W_BUS,HUMA CINEMA (KANJURMARG-W),19.129599,72.925837,0,NULL
SEEPZ_VILLAGE_BUS,SEEPZ VILLAGE,19.129601,72.876288,0,NULL
RUSHI_COMPLEX_DAHISAR-W_BUS,RUSHI COMPLEX (DAHISAR-W),19.251646,72.85151399999999,0,NULL
MAHESHWARI_UDYAN_KINGS_CIRCLE_BUS,MAHESHWARI UDYAN (KINGS CIRCLE),19.02802,72.856391,0,NULL
"CHECK_POST_NO2,_MAROL_POLICE_CAMP_BUS","CHECK POST NO.2, MAROL POLICE CAMP",19.123911,72.879988,0,NULL
KANJUR_MARG_VILLAGE_EEH_BUS,KANJUR MARG VILLAGE (EEH),19.130206,72.941805,0,NULL
"KHAR_POLICE_STATION,_SACRED_HEART_SCHOOL_BUS","KHAR POLICE STATION, SACRED HEART SCHOOL",19.074263,72.837615,0,NULL
MAHESHWARI_UDYAN_KINGS_CIRCLE_BUS,MAHESHWARI UDYAN (KINGS CIRCLE),19.028354,72.85648500000001,0,NULL
"TARDEO_BUS_STATION,_RUSI_MEHTA_CHOWK_BUS","TARDEO BUS STATION, RUSI MEHTA CHOWK",18.964576,72.820442,0,NULL
SAHAKAR_NAGAR_WADALA-W_BUS,SAHAKAR NAGAR (WADALA-W),19.012063,72.85131,0,NULL
BHANDUP_STATION_W_ROAD_BUS,BHANDUP STATION (W) ROAD,19.146087,72.936014,0,NULL
KALA_NAGAR_BANDRA-E_BUS,KALA NAGAR (BANDRA-E),19.054612,72.847785,0,NULL
MUMBAI_CENTRAL_DEPOT_BUS,MUMBAI CENTRAL DEPOT,18.969223,72.825025,0,NULL
RAM_GANESH_GADKARI_CHOWK_DADAR-W_BUS,RAM GANESH GADKARI CHOWK (DADAR-W),19.021883,72.83778599999999,0,NULL
GEETA_NAGAR_COLABA_BUS,GEETA NAGAR (COLABA),18.913885,72.808543,0,NULL
MAZGAON_POST_OFFICE_BUS,MAZGAON POST OFFICE,18.970986,72.84045399999999,0,NULL
PTPALUSKAR_CHOWK_OPERA_HOUSE-_MARWADI_VIDYALAYA_BUS,PT.PALUSKAR CHOWK (OPERA HOUSE)- MARWADI VIDYALAYA,18.957564,72.81835,0,NULL
ERLA_BUS,ERLA,19.10686,72.840024,0,NULL
WADALA_BUS_DEPOT_BUS,WADALA BUS DEPOT,19.014467,72.85317000000001,0,NULL
"SAMAJ_MANDIR_HALL_SION_KOLIWADA,_PRATIKSHA_NAGAR_NO1_BUS","SAMAJ MANDIR HALL (SION KOLIWADA), PRATIKSHA NAGAR NO.1",19.040566,72.868837,0,NULL
MONGINIS_ANDHERI-W_BUS,MONGINIS (ANDHERI-W),19.138835,72.831731,0,NULL
BANDRA_STATION_E_BUS,BANDRA STATION (E),19.054816,72.841933,0,NULL
"RAJMATA_AHILYABAI_HOLKAR_UDYAN,_KURLA_LION_S_PARK_BUS","RAJMATA AHILYABAI HOLKAR UDYAN, KURLA LION S PARK",19.061383,72.87280699999999,0,NULL
RAHAT_APARTMENT_BUS,RAHAT APARTMENT,19.07556,72.879773,0,NULL
BHANDUP_STATION_E_BUS,BHANDUP STATION (E),19.143369,72.939741,0,NULL
LALJIPADA_POLICE_CHOWKY_BUS,LALJIPADA POLICE CHOWKY,19.203846,72.834163,0,NULL
CHIRA_BAZAR_BUS,CHIRA BAZAR,18.949059,72.825288,0,NULL
NOORBAUG_BUS,NOORBAUG,18.962538,72.837801,0,NULL
"DRAMBEDKAR_UDYAN,_CHEMBUR_STATION_BUS","DR.AMBEDKAR UDYAN, CHEMBUR STATION",19.059822,72.90139600000001,0,NULL
"MMRDA,_FAMILY_COURT_BKC_BUS","M.M.R.D.A., FAMILY COURT (BKC)",19.056041,72.85108099999999,0,NULL
CHARKOP_NAKA_BUS,CHARKOP NAKA,19.209204,72.822585,0,NULL
SMALLSCALE_INDUSTRIES_BUS,SMALLSCALE INDUSTRIES,19.160677,72.857049,0,NULL
THAKUR_NAGAR_CAVES_ROAD_BUS,THAKUR NAGAR (CAVES ROAD),19.137867,72.858299,0,NULL
BHAVANS_COLLEGE_BUS,BHAVANS COLLEGE,19.12471,72.838471,0,NULL
AGARKAR_CHOWK_ANDHERI-E_BUS,AGARKAR CHOWK (ANDHERI-E),19.119865,72.848236,0,NULL
VASANTRAO_NAIK_CHOWK_TARDEO_BUS,VASANTRAO NAIK CHOWK (TARDEO),18.96919,72.817257,0,NULL
INCOME_TAX_COLONY_JOGESHWARI-E_BUS,INCOME TAX COLONY (JOGESHWARI-E),19.131129,72.860765,0,NULL
DAWN_MILL_BUS,DAWN MILL,18.998153,72.828515,0,NULL
SHREENATH_COMPLEX_BUS,SHREENATH COMPLEX,19.292196,72.86193400000001,0,NULL
LOKPURAM_BUS,LOKPURAM,19.22475,72.9697,0,NULL
JMEHTA_MARG_NAPEAN_SEA_ROAD_BUS,J.MEHTA MARG (NAPEAN SEA ROAD),18.950905,72.796119,0,NULL
SAHAKAR_NAGAR_SCLR-_KURLA-E_BUS,SAHAKAR NAGAR (SCLR- KURLA-E),19.063451,72.89352700000001,0,NULL
ACHARYA_ATRE_CHOWK_WORLI_NAKA_BUS,ACHARYA ATRE CHOWK (WORLI NAKA),18.999184,72.817554,0,NULL
PRAVASI_INDUSTRIAL_ESTATE_BUS,PRAVASI INDUSTRIAL ESTATE,19.172845,72.854703,0,NULL
"ANAND_NAGAR,_APPAPADA_MALAD-E_BUS","ANAND NAGAR, APPAPADA (MALAD-E)",19.190514,72.869829,0,NULL
VISHNU_NAGAR_BUS,VISHNU NAGAR,19.022683,72.902815,0,NULL
SATYAM_BUILDING_BUS,SATYAM BUILDING,19.005664,72.832802,0,NULL
WORLD_TRADE_CENTRE_BUS,WORLD TRADE CENTRE,18.915013,72.818566,0,NULL
SANTOSH_NAGAR_EXTENSION_BUS,SANTOSH NAGAR (EXTENSION),19.167318,72.876772,0,NULL
MULUND_STATION_E_BUS,MULUND STATION (E),19.170779,72.956175,0,NULL
BMC_COMMISSIONERS_BUNGALOW_BUS,BMC COMMISSIONERS BUNGALOW,18.973224,72.811442,0,NULL
SANSKRITI_APARTMENT_BUS,SANSKRITI APARTMENT,19.212942,72.86328399999999,0,NULL
KHAMBATA_LANE_BUS,KHAMBATA LANE,18.960396,72.824282,0,NULL
CALICO_CHEMICALS_BUS,CALICO CHEMICALS,19.022347,72.89778,0,NULL
NEW_CUSTOM_HOUSE_BUS,NEW CUSTOM HOUSE,18.934081,72.839617,0,NULL
"KHAR,_LINKING_ROAD_BUS","KHAR, LINKING ROAD",19.072165,72.834129,0,NULL
MHBCOLONY_BORIVALI_-W_BUS,M.H.B.COLONY (BORIVALI -W),19.230553,72.83835500000001,0,NULL
DIAMOND_BOURSE_BKC_BUS,DIAMOND BOURSE (BKC),19.066989,72.864946,0,NULL
RTOCAMP_KASHIMIRA_BUS,R.T.O.CAMP (KASHIMIRA),19.284386,72.889852,0,NULL
GURU_NANAK_SCHOOL_VIKHROLI-W_BUS,GURU NANAK SCHOOL (VIKHROLI-W),19.104329,72.91719399999999,0,NULL
TATA_COLONY_BANDRA-E_BUS,TATA COLONY (BANDRA-E),19.06197,72.85659699999999,0,NULL
"BANDRA_E_PHATAK,_GATE_NO18_BUS","BANDRA (E) PHATAK, GATE NO.18",19.056225,72.841409,0,NULL
SHANTI_NAGAR_KALINA_BUS,SHANTI NAGAR (KALINA),19.074253,72.84972,0,NULL
JOGESHWARI_STATION-E_BUS,JOGESHWARI STATION-E,19.135288,72.85010699999999,0,NULL
SAVARKAR_NAGAR_BUS,SAVARKAR NAGAR,19.243054,72.865073,0,NULL
ADARSH_MARKET_BUS,ADARSH MARKET,19.013098,73.017842,0,NULL
MARAWALI_CHURCH_BUS,MARAWALI CHURCH,19.040947,72.893784,0,NULL
"MAROL_NAKA,_MATA_RAMABAI_AMBEDKAR_CHOWK_BUS","MAROL NAKA, MATA RAMABAI AMBEDKAR CHOWK",19.107831,72.880499,0,NULL
"TATA_NAGAR,_SAMBHAJI_NAGAR_BUS","TATA NAGAR, SAMBHAJI NAGAR",19.051968,72.92138799999999,0,NULL
MAHIM_BUS,MAHIM,19.041318,72.84079300000001,0,NULL
AMBOLI_NAKA_BUS,AMBOLI NAKA,19.127606,72.84656699999999,0,NULL
SAI_GARDEN_KANDIVALI-E_BUS,SAI GARDEN (KANDIVALI-E),19.199171,72.87316199999999,0,NULL
KHIRA_NAGAR_SANTACRUZ-W_BUS,KHIRA NAGAR (SANTACRUZ-W),19.086523,72.838138,0,NULL
MANSUKH_DYEING_COMPANY_BUS,MANSUKH DYEING COMPANY,19.129564,72.93384,0,NULL
TRAFFIC_POLICE_HQ_WORLI_BUS,TRAFFIC POLICE H.Q (WORLI),19.009329,72.81666199999999,0,NULL
NSC_COMPOUND_GOREGAON-E_BUS,N.S.C COMPOUND (GOREGAON-E),19.149122,72.855963,0,NULL
ORLEM_WELL_BUS,ORLEM WELL,19.193361,72.839933,0,NULL
MAHESHWARI_UDYAN_KINGS_CIRCLE_BUS,MAHESHWARI UDYAN (KINGS CIRCLE),19.028318,72.85657999999999,0,NULL
AHANSARI_CHOWK_NAGPADA_BUS,A.H.ANSARI CHOWK (NAGPADA),18.97398,72.83238,0,NULL
KHIRA_NAGAR_SANTACRUZ-W_BUS,KHIRA NAGAR (SANTACRUZ-W),19.086957,72.838166,0,NULL
NEHRU_PLANETARIUM_WORLI_BUS,NEHRU PLANETARIUM (WORLI),18.989397,72.81394400000001,0,NULL
JUHU_BUS_STATION_BUS,JUHU BUS STATION,19.108396,72.826651,0,NULL
ESIS_LOCAL_OFFICE_POWAI_BUS,E.S.I.S. LOCAL OFFICE POWAI,19.117329,72.88948600000001,0,NULL
IT_PARK_MAIN_GATE_MALAD-E_BUS,I.T. PARK MAIN GATE (MALAD-E),19.176074,72.88113199999999,0,NULL
DINDOSHI_DEPOT_BUS,DINDOSHI DEPOT,19.17557,72.864903,0,NULL
CHUNABHATTI_BUS,CHUNABHATTI,19.051813,72.867301,0,NULL
MILIND_NAGAR_BHANDUP-W_BUS,MILIND NAGAR (BHANDUP-W),19.158798,72.931782,0,NULL
"MUKUND_COMPANY,_PWDOFFICE_KAMANI_BUS","MUKUND COMPANY, P.W.D.OFFICE (KAMANI)",19.084256,72.890383,0,NULL
"VISHAL_HALL,_PRAKASH_STUDIO_BUS","VISHAL HALL, PRAKASH STUDIO",19.118133,72.852248,0,NULL
DOMNIC_SCHOOL_BUS,DOMNIC SCHOOL,19.126469,72.863733,0,NULL
RCFCHEMBUR_HOSTEL_BUS,R.C.F.(CHEMBUR) HOSTEL,19.039258,72.893271,0,NULL
SUYASH_SHOPPING_CENTRE_BUS,SUYASH SHOPPING CENTRE,19.175991,72.877595,0,NULL
KASHI_VILLAGE_BUS,KASHI VILLAGE,19.27395,72.885661,0,NULL
MAROL_DEPOT_BUS,MAROL DEPOT,19.117923,72.865183,0,NULL
SHIVAJI_CHOWK_NERUL_BUS,SHIVAJI CHOWK (NERUL),19.044255,73.023211,0,NULL
ZAKERIA_MASJID_BUS,ZAKERIA MASJID,18.952714,72.833232,0,NULL
"MALLET_BUNDER,_RAILWAY_CROSSING_BUS","MALLET BUNDER, RAILWAY CROSSING",18.958929,72.84605500000001,0,NULL
EVERARD_SOCIETY_BUS,EVERARD SOCIETY,19.049496,72.877363,0,NULL
SAMRAT_ASHOK_NAGAR_DEONAR_BUS,SAMRAT ASHOK NAGAR (DEONAR),19.054495,72.911563,0,NULL
HOLY_SPIRIT_HOSPITAL_ANDHERI-E_BUS,HOLY SPIRIT HOSPITAL (ANDHERI-E),19.127139,72.86732600000001,0,NULL
"SSC_BOARD_OFFICE,_STLAWRENCE_SCHOOL_VASHI_BUS","SSC BOARD OFFICE, ST.LAWRENCE SCHOOL (VASHI)",19.074164,73.001245,0,NULL
BHANDUP_PUMPING_CENTRE_BUS,BHANDUP PUMPING CENTRE,19.154409,72.957706,0,NULL
AJARA_BANK_BUS,AJARA BANK,19.231005,72.825344,0,NULL
HIRANANDANI_GARDEN_POWAI_BUS,HIRANANDANI GARDEN (POWAI),19.115764,72.908884,0,NULL
SAMRAT_HOTEL_CHURCHGATE_BUS,SAMRAT HOTEL (CHURCHGATE),18.930711,72.82636599999999,0,NULL
GODREJ_CHOWK_KEMPS_CORNER_BUS,GODREJ CHOWK (KEMPS CORNER),18.96397,72.808289,0,NULL
"PODDAR_HOSPITAL_WORLI,_SIDDHARTH_NAGAR_BUS","PODDAR HOSPITAL (WORLI), SIDDHARTH NAGAR",19.003185,72.81587,0,NULL
SHIPPING_CORPORATION_POWAI_BUS,SHIPPING CORPORATION (POWAI),19.123132,72.89837900000001,0,NULL
SHREYAS_CINEMA_BUS,SHREYAS CINEMA,19.092501,72.91092500000001,0,NULL
NAVA_GAON_DAHISAR-W_BUS,NAVA GAON (DAHISAR-W),19.251449,72.85374,0,NULL
HITCO_BUS,HITCO,19.2799,72.877353,0,NULL
PENKARPADA_BUS,PENKARPADA,19.263492,72.872253,0,NULL
PRABODHANKAR_THACKERAY_NAGAR_MARKET_CHARKOP_BUS,PRABODHANKAR THACKERAY NAGAR MARKET (CHARKOP),19.21611,72.82853299999999,0,NULL
MAHINDRA_COMPANY_GATE_BHAD_COLONY_BUS,MAHINDRA COMPANY GATE (B.H.A.D. COLONY),19.205391,72.8648,0,NULL
SANTOSH_NAGAR_EXTENSION_BUS,SANTOSH NAGAR (EXTENSION),19.167291,72.876791,0,NULL
POISAR_DEPOT_BUS,POISAR DEPOT,19.213685,72.85066399999999,0,NULL
LIBRA_SOCIETY_BUS,LIBRA SOCIETY,19.198995,72.82190900000001,0,NULL
VATSALABAI_DESAI_CHOWK_HAJI_ALI_BUS,VATSALABAI DESAI CHOWK (HAJI ALI),18.97598,72.81211399999999,0,NULL
BALKANJI_BARI_SCHOOL_BUS,BALKANJI BARI SCHOOL,19.084712,72.83270400000001,0,NULL
NAIR_HOSPITAL_BUS,NAIR HOSPITAL,18.973856,72.822675,0,NULL
ADARSH_HIGH_SCHOOL_ANIK_BUS,ADARSH HIGH SCHOOL (ANIK),19.021995,72.87594300000001,0,NULL
LOKIM_COMPANY_BUS,LOKIM COMPANY,19.22987,72.976612,0,NULL
AGARKAR_CHOWK_ANDHERI-E_BUS,AGARKAR CHOWK (ANDHERI-E),19.118085,72.848113,0,NULL
GHATLA_MUNICIPAL_SCHOOL_BUS,GHATLA MUNICIPAL SCHOOL,19.052714,72.906966,0,NULL
BORIVALI_W_BUS_STATION_BUS,BORIVALI (W) BUS STATION,19.23235,72.85705,0,NULL
SAHAR_CARGO_COMPLEX_BUS,SAHAR CARGO COMPLEX,19.097506,72.865337,0,NULL
NAVY_NAGAR_COLABA_BUS,NAVY NAGAR (COLABA),18.907471,72.808796,0,NULL
KANDIVALI_STATION_W_BUS,KANDIVALI STATION (W),19.205239,72.85124999999999,0,NULL
VASHI_VILLAGE_BUS,VASHI VILLAGE,19.069351,72.98894799999999,0,NULL
CHAKALA_BUS,CHAKALA,19.115119,72.858655,0,NULL
SHIVNERI_BUILDING_BORIVALI_-W_BUS,SHIVNERI BUILDING (BORIVALI -W),19.227047,72.82442500000001,0,NULL
MULUND_SONAPUR_BUS,MULUND SONAPUR,19.17825,72.95379800000001,0,NULL
BABU_GENU_MARKET_BUS,BABU GENU MARKET,19.095932,72.904224,0,NULL
NADKARNI_PARK_WELFARE_CENTRE_BUS,NADKARNI PARK WELFARE CENTRE,19.016144,72.86308200000001,0,NULL
RADHA_SILK_MILL_BUS,RADHA SILK MILL,19.126121,72.855512,0,NULL
SARASWATI_VIDYAMANDIR_MAHIM_BUS,SARASWATI VIDYAMANDIR (MAHIM),19.034538,72.847752,0,NULL
BEST_POWER_HOUSE_KUSSARA_BUS,BEST POWER HOUSE (KUSSARA),18.970095,72.84549699999999,0,NULL
"SHIVNER_CHOWK,_GANESH_MANDIR_GHATKOPAR-E_BUS","SHIVNER CHOWK, GANESH MANDIR (GHATKOPAR-E)",19.082058,72.912524,0,NULL
PRABODHANKAR_THACKERAY_NAGAR_BUS_STATION_CHARKOP_BUS,PRABODHANKAR THACKERAY NAGAR BUS STATION (CHARKOP),19.220185,72.82911900000001,0,NULL
JAMA_MASJID_MIRA_ROAD_BUS,JAMA MASJID (MIRA ROAD),19.284515,72.857496,0,NULL
GIRISHIKHAR_BUS,GIRISHIKHAR,19.235973,72.87272,0,NULL
KAMALA_VIHAR_SPORTS_COMPLEX_POISAR_BUS,KAMALA VIHAR SPORTS COMPLEX (POISAR),19.212723,72.84325699999999,0,NULL
FAROOKH_VIDYALAYA_BUS,FAROOKH VIDYALAYA,19.131618,72.847486,0,NULL
AMBAWADI_BUS,AMBAWADI,19.24053,72.859691,0,NULL
MOVIE_STAR_TALKIES_GOREGAON-W_BUS,MOVIE STAR TALKIES (GOREGAON-W),19.1517,72.8469333,0,NULL
ESISHOSPITAL_THANE_BUS,E.S.I.S.HOSPITAL (THANE),19.20378,72.954206,0,NULL
VIKHROLI_STATION_ROAD_E_BUS,VIKHROLI STATION ROAD (E),19.109291,72.933453,0,NULL
"KEVA_FRAGRANCES,_KELKAR_COMPANY_BUS","KEVA FRAGRANCES, KELKAR COMPANY",19.184474,72.948312,0,NULL
SHASTRI_NAGAR_GOREGAON-W_BUS,SHASTRI NAGAR (GOREGAON-W),19.159282,72.83655400000001,0,NULL
SHAHAJIRAJE_SPORTS_COMPLEX_ANDHERI-W_BUS,SHAHAJIRAJE SPORTS COMPLEX (ANDHERI-W),19.127112,72.83691,0,NULL
SHANGRILA_COMPANY_BUS,SHANGRILA COMPANY,19.155619,72.93742,0,NULL
"DNNAGAR,_BARFIWALA_VIDYALAYA_BUS","D.N.NAGAR, BARFIWALA VIDYALAYA",19.124136,72.830478,0,NULL
DRBHADKAMKAR_ROAD_BUS,DR.BHADKAMKAR ROAD,18.960066,72.817303,0,NULL
NERUL_SECTOR_2_BUS,NERUL SECTOR 2,19.044618,73.017777,0,NULL
NEHRU_NAGAR_KURLA-E_BUS,NEHRU NAGAR (KURLA-E),19.061875,72.88370399999999,0,NULL
MAROL_LIONS_CLUB_BUS,MAROL LIONS CLUB,19.109572,72.875243,0,NULL
"TALAVALI_NAKA,_NOCIL_COMPANY_BUS","TALAVALI NAKA, NOCIL COMPANY",19.130744,73.00354900000001,0,NULL
JANKALYAN_NAGAR_BUS,JANKALYAN NAGAR,19.19967,72.81884700000001,0,NULL
CANOSSA_SCHOOL_ANDHERI-E_BUS,CANOSSA SCHOOL (ANDHERI-E),19.125015,72.86513100000001,0,NULL
ELCO_MARKET_BUS,ELCO MARKET,19.055568,72.83232700000001,0,NULL
JUHU_BUS_STATION_BUS,JUHU BUS STATION,19.108206,72.826594,0,NULL
JAMA_MASJID_POWAI_BUS,JAMA MASJID (POWAI),19.113332,72.90264999999999,0,NULL
LASHYACHANDI_SOCIETY_BUS,LASHYACHANDI SOCIETY,19.17204,72.87118,0,NULL
"NAHUR_VILLAGE,_MEHUL_CINEMA_BUS","NAHUR VILLAGE, MEHUL CINEMA",19.165928,72.949178,0,NULL
KURLA_STATION_W_BUS,KURLA STATION (W),19.067393,72.879093,0,NULL
"GOVANDI_STATION_E,_PATWARDHAN_SCHOOL_BUS","GOVANDI STATION (E), PATWARDHAN SCHOOL",19.053854,72.913359,0,NULL
ADDITIONAL_CPOFFICE_BANDRA-W_BUS,ADDITIONAL C.P.OFFICE (BANDRA-W),19.062373,72.822298,0,NULL
BYCULLA_STATION_E_BUS,BYCULLA STATION (E),18.977965,72.833764,0,NULL
JOHAR_CHOWK_BHENDI_BAZAAR_BUS,JOHAR CHOWK (BHENDI BAZAAR),18.959173,72.831642,0,NULL
STLAWRENCE_HIGH_SCHOOL_KANDIVALI-E_BUS,ST.LAWRENCE HIGH SCHOOL (KANDIVALI-E),19.239547,72.847213,0,NULL
KOKANI_PADA_BORIVALI_-E_BUS,KOKANI PADA (BORIVALI -E),19.24742,72.87041600000001,0,NULL
MOTI_MAHAL_BANDRA-W_BUS,MOTI MAHAL (BANDRA-W),19.059335,72.832182,0,NULL
NOVELTY_SILK_MILL_DAHISAR-E_BUS,NOVELTY SILK MILL (DAHISAR-E),19.253443,72.8656,0,NULL
JUHU_BEACH_BUS,JUHU BEACH,19.096471,72.827839,0,NULL
SAHYADRI_NAGAR_CHARKOP_BUS,SAHYADRI NAGAR (CHARKOP),19.210825,72.828318,0,NULL
BHARAT_NAGAR_BANDRA-E_BUS,BHARAT NAGAR (BANDRA-E),19.065258,72.854686,0,NULL
BANDRA_COLONY_BUS_STATION_BUS,BANDRA COLONY BUS STATION,19.061651,72.850736,0,NULL
RAJKUMAR_ANDHERI-W_BUS,RAJKUMAR (ANDHERI-W),19.126337,72.838517,0,NULL
SAVARKAR_NAGAR_BUS,SAVARKAR NAGAR,19.24299,72.865216,0,NULL
NAHUR_RAILWAY_STATION_BUS,NAHUR RAILWAY STATION,19.153831,72.94366599999999,0,NULL
WORLD_TRADE_CENTRE_BUS,WORLD TRADE CENTRE,18.914923,72.818699,0,NULL
DINDOSHI_DEPOT_BUS,DINDOSHI DEPOT,19.17594,72.864846,0,NULL
JUIPADA_VILLAGE_BUS,JUIPADA VILLAGE,19.051484,73.01687699999999,0,NULL
"DNYANSADHANA_COLLEGE,_KOPARI_BUS","DNYANSADHANA COLLEGE, KOPARI",19.183942,72.96502700000001,0,NULL
COMRADE_PKKURNE_CHOWK_WORLI__BUS,COMRADE P.K.KURNE CHOWK (WORLI ),19.006287,72.820863,0,NULL
CHAINANI_ELDER_S_HOME_BUS,CHAINANI ELDER S HOME,19.166849,72.963543,0,NULL
MANKHURD_STATION_NORTH_BUS,MANKHURD STATION (NORTH),19.050353,72.933995,0,NULL
ASIAN_PAINTS_BUS,ASIAN PAINTS,19.159214,72.93748600000001,0,NULL
AGARI_PADA_AAREY_COLONY_BUS,AGARI PADA (AAREY COLONY),19.1589,72.88075000000001,0,NULL
SAHAR_CARGO_COMPLEX_BUS,SAHAR CARGO COMPLEX,19.097407,72.86542300000001,0,NULL
SGBARVE_MARG_NAKA_KURLA-E_BUS,S.G.BARVE MARG NAKA (KURLA-E),19.057378,72.887924,0,NULL
KHODADAD_CIRCLE_DADAR_TT_BUS,KHODADAD CIRCLE (DADAR TT),19.016848,72.84729799999999,0,NULL
KANJUR_MARG_STATION_W_BUS,KANJUR MARG STATION (W),19.130756,72.92865,0,NULL
VIDYA_VIHAR_BUS_STATION_W_BUS,VIDYA VIHAR BUS STATION (W),19.080129,72.896637,0,NULL
BHAGWATI_HOSPITAL_BUS,BHAGWATI HOSPITAL,19.240771,72.854574,0,NULL
RABALE_NAKA_BUS,RABALE NAKA,19.142706,73.00216500000001,0,NULL
SRUSHTI_BUS,SRUSHTI,19.270166,72.86862499999999,0,NULL
ASALPHA_VILLAGE_BUS,ASALPHA VILLAGE,19.096083,72.895501,0,NULL
MITHAGAR_BUS,MITHAGAR,19.16291,72.95493,0,NULL
LIC_COLONY_KHAR-W_BUS,L.I.C COLONY (KHAR-W),19.066118,72.829801,0,NULL
SHAMRAO_VITHAL_BANK_CHEMBUR_BUS,SHAMRAO VITHAL BANK (CHEMBUR),19.059799,73.003274,0,NULL
VESAVA-YARI_ROAD_BUS_STATION_BUS,VESAVA-YARI ROAD BUS STATION,19.139558,72.808584,0,NULL
CHIRAG_NAGAR_BUS,CHIRAG NAGAR,19.086616,72.89758500000001,0,NULL
RAM_GANESH_GADKARI_CHOWK_DADAR-W_BUS,RAM GANESH GADKARI CHOWK (DADAR-W),19.026421,72.841032,0,NULL
"MITH_CHOWKY,_KAVIVRKANT_CHOWK_BUS","MITH CHOWKY, KAVI.V.R.KANT CHOWK",19.19558,72.835044,0,NULL
GHATKOPAR_BUS_STATION_BUS,GHATKOPAR BUS STATION,19.088004,72.918547,0,NULL
ROYAL_COLLEGE_BUS,ROYAL COLLEGE,19.269725,72.87070900000001,0,NULL
KAMAL_AMROHI_STUDIO_BUS,KAMAL AMROHI STUDIO,19.133656,72.874651,0,NULL
JIJAMATA_VIDYALAYA_MALAD-E_BUS,JIJAMATA VIDYALAYA (MALAD-E),19.188091,72.865247,0,NULL
ANITA_NAGAR_BUS,ANITA NAGAR,19.197202,72.87592100000001,0,NULL
PTPALUSKAR_CHOWK_OPERA_HOUSE_BUS,PT.PALUSKAR CHOWK (OPERA HOUSE),18.954997,72.816197,0,NULL
PRINCESS_STREET_KALBADEVI_BUS,PRINCESS STREET (KALBADEVI),18.94654,72.82707499999999,0,NULL
KURLA_BUS_STATION_E_BUS,KURLA BUS STATION (E),19.064919,72.880928,0,NULL
COCACOLA_COMPANY_BUS,COCACOLA COMPANY,19.280728,72.926357,0,NULL
DAHISAR_STATION_W_BUS,DAHISAR STATION (W),19.250115,72.859067,0,NULL
MAFCO_MARKET_SANPADA_BUS,MAFCO MARKET (SANPADA),19.070332,73.009101,0,NULL
INTER_STATE_BUS_STATION_ANIK_BUS,INTER STATE BUS STATION (ANIK),19.042585,72.879181,0,NULL
ADARSH_NAGAR_JOGESHWARI-W_BUS,ADARSH NAGAR (JOGESHWARI-W),19.1459,72.83191600000001,0,NULL
DOMESTIC_AIRPORT_TERMINAL_1-A_BUS,DOMESTIC AIRPORT TERMINAL 1-A,19.093373,72.85578,0,NULL
VASUDEO_BALWANT_PHADKE_CHOWK_DHOBI_TALAO_BUS,VASUDEO BALWANT PHADKE CHOWK (DHOBI TALAO),18.942963,72.828113,0,NULL
"MAHARASHTRA_COLLEGE,_ALEXANDRA_CINEMA_BUS","MAHARASHTRA COLLEGE, ALEXANDRA CINEMA",18.967346,72.82736199999999,0,NULL
KURLA_DEPOT_BUS,KURLA DEPOT,19.076996,72.87808099999999,0,NULL
MHATRE_PEN_COMPANY_BUS,MHATRE PEN COMPANY,19.013301,72.837394,0,NULL
KANJUR_VILLAGE_BUS,KANJUR VILLAGE,19.132545,72.93625400000001,0,NULL
MAROL_BHAVAN_BUS,MAROL BHAVAN,19.112475,72.88269200000001,0,NULL
DATTANI_PARK_BUS,DATTANI PARK,19.211635,72.86864799999999,0,NULL
RANI_LAXMIBAI_CHOWK_SION_BUS,RANI LAXMIBAI CHOWK (SION),19.043879,72.86399,0,NULL
BEST_POWER_HOUSE_KUSSARA_BUS,BEST POWER HOUSE (KUSSARA),18.968839,72.84527,0,NULL
"JAGATDEV_NVARMA_CHOWK,_KAPOLE_NIWAS_BUS","JAGATDEV N.VARMA CHOWK, KAPOLE NIWAS",19.0235,72.852062,0,NULL
RTOGHATKOPAR-E_BUS,R.T.O.(GHATKOPAR-E),19.073231,72.910532,0,NULL
MMRDACOLONY_BUILDING_NO31_MAHUL_BUS,M.M.R.D.A.COLONY BUILDING NO.31 (MAHUL),19.017465,72.888464,0,NULL
"RETI_BUNDER,_KHARIGAON_KALWA_BUS","RETI BUNDER, KHARIGAON (KALWA)",19.210259,73.015457,0,NULL
INSHAMALA_MAIN_GATE_MARVE_BUS,I.N.S.HAMALA (MAIN GATE) MARVE,19.19173,72.798524,0,NULL
DATTANI_PARK_BUS,DATTANI PARK,19.211653,72.86824900000001,0,NULL
GHATKOPAR_BUS_STATION_BUS,GHATKOPAR BUS STATION,19.087778,72.918595,0,NULL
MADKEBUWA_CHOWK_PAREL_BUS,MADKEBUWA CHOWK (PAREL),19.004684,72.84075300000001,0,NULL
PATLI_PADA_BUS,PATLI PADA,19.246077,72.976015,0,NULL
YASHODHAN_NAGAR_THANE_BUS,YASHODHAN NAGAR (THANE),19.208478,72.954054,0,NULL
MAHIM_PHATAK_BUS,MAHIM PHATAK,19.042884,72.845399,0,NULL
DHARAVI_DEPOT_BUS,DHARAVI DEPOT,19.051501,72.85840899999999,0,NULL
KAPILVASTU_BUDDHA_VIHAR_KALINA_BUS,KAPILVASTU BUDDHA VIHAR (KALINA),19.074955,72.860552,0,NULL
HOLY_NAME_SCHOOL_COLABA_BUS,HOLY NAME SCHOOL (COLABA),18.923162,72.83167899999999,0,NULL
PATHANWADI_BUS,PATHANWADI,19.180969,72.858587,0,NULL
HIRADEVI_MANDIR_BUS,HIRADEVI MANDIR,19.157598,72.78657,0,NULL
ASMITA_JYOTI_BUS,ASMITA JYOTI,19.196397,72.826865,0,NULL
SANTOSH_NAGAR_EXTENSION_BUS,SANTOSH NAGAR (EXTENSION),19.167472,72.876668,0,NULL
SWAMI_DAYANAND_SARASWATI_CHOWK_FORT_BUS,SWAMI DAYANAND SARASWATI CHOWK (FORT),18.936275,72.837536,0,NULL
CHAKALA_CIGARETTE_FACTORY_BUS,CHAKALA CIGARETTE FACTORY,19.1067,72.859658,0,NULL
MATUNGA_STATION_E_BUS,MATUNGA STATION (E),19.026779,72.850663,0,NULL
DATTANI_PARK_BUS,DATTANI PARK,19.21169,72.86919899999999,0,NULL
BUILDING_NO5-NGPARK_BUS,BUILDING NO.5-N.G.PARK,19.243137,72.87006700000001,0,NULL
"GHATLA_VILLAGE,_GAJANAN_PATIL_MARG_BUS","GHATLA VILLAGE, GAJANAN PATIL MARG",19.052948,72.905597,0,NULL
ABHINAV_NAGAR_BUS,ABHINAV NAGAR,19.2316667,72.8679333,0,NULL
DONGRE_WADI_BUS,DONGRE WADI,19.244935,72.86904800000001,0,NULL
APMC_SECTOR_26_BUS,A.P.M.C SECTOR 26,19.086891,73.010608,0,NULL
MIRA_ROAD_MARKET_BUS,MIRA ROAD MARKET,19.278237,72.858232,0,NULL
KINGSTON_SEZ_POWAI_BUS,KINGSTON SEZ (POWAI),19.115846,72.911945,0,NULL
MIRA_ROAD_SECTOR_8_BUS,MIRA ROAD SECTOR 8,19.277211,72.86552,0,NULL
"SHIVNER_CHOWK,_GANESH_MANDIR_GHATKOPAR-E_BUS","SHIVNER CHOWK, GANESH MANDIR (GHATKOPAR-E)",19.082113,72.912695,0,NULL
NAVAPADA_VIDYAVIHAR-W_BUS,NAVAPADA (VIDYAVIHAR-W),19.157724,72.876349,0,NULL
AJIT_GLASS_FACTORY_BUS,AJIT GLASS FACTORY,19.146404,72.84296999999999,0,NULL
"MUNICIPAL_GARDEN,_BAND_STAND_BANDRA-W_BUS","MUNICIPAL GARDEN, BAND STAND (BANDRA-W)",19.046986,72.820021,0,NULL
"ESIS_HOSPITAL,_MIDC_POLICE_STATION_BUS","E.S.I.S HOSPITAL, MIDC POLICE STATION",19.117816,72.867302,0,NULL
BANDRA_COLONY_BUS_STATION_BUS,BANDRA COLONY BUS STATION,19.06157,72.851049,0,NULL
ADARSH_HIGH_SCHOOL_BUS,ADARSH HIGH SCHOOL,19.022031,72.875933,0,NULL
GANDHI_MAIDAN_WORLI_BUS,GANDHI MAIDAN (WORLI),19.002031,72.81910000000001,0,NULL
SANT_GADGE_MAHARAJ_CHOWK_SAATRASTA_BUS,SANT GADGE MAHARAJ CHOWK (SAATRASTA),18.98087,72.82756999999999,0,NULL
SHETTY_VIDYALAYA_POWAI_BUS,SHETTY VIDYALAYA (POWAI),19.115519,72.905862,0,NULL
PASCALWADI_BUS,PASCALWADI,19.142874,72.79841,0,NULL
MUNICIPAL_GARAGE_WORLI_BUS,MUNICIPAL GARAGE (WORLI),18.995499,72.819058,0,NULL
"NLCOMPLEX,_RIDDHI_SIDDHI_SOCIETY_DAHISAR-E_BUS","N.L.COMPLEX, RIDDHI SIDDHI SOCIETY (DAHISAR-E)",19.260182,72.86534899999999,0,NULL
BACKBAY_DEPOT_BUS,BACKBAY DEPOT,18.909519,72.81726999999999,0,NULL
DAIRY_RESEARCH_INSTITUTE_BUS,DAIRY RESEARCH INSTITUTE,19.152235,72.86731399999999,0,NULL
BIRLA_COMPANY_BUS,BIRLA COMPANY,19.136574,72.92956100000001,0,NULL
MAHARASHTRA_STATE_CO-OPERATIVE_BANK_BUS,MAHARASHTRA STATE CO-OPERATIVE BANK,19.069954,73.002032,0,NULL
AHILYABAI_HOLKAR_CHOWK_CHURCHGATE_BUS,AHILYABAI HOLKAR CHOWK (CHURCHGATE),18.932728,72.829013,0,NULL
ANIRUDDHA_BHAVAN_BUS,ANIRUDDHA BHAVAN,19.053029,73.01664,0,NULL
CUFFE_PARADE_POLICE_STATION_BUS,CUFFE PARADE POLICE STATION,18.912013,72.818113,0,NULL
"JITENDRA_MARG,_POST_OFFICE_BUS","JITENDRA MARG, POST OFFICE",19.180232,72.850087,0,NULL
RAJ_KAPOOR_CHOWK_ANUSHAKTI_NAGAR_BUS,RAJ KAPOOR CHOWK (ANUSHAKTI NAGAR),19.043792,72.92112299999999,0,NULL
LOKMANYA_TILAK_HOSPITAL_SION_BUS,LOKMANYA TILAK HOSPITAL (SION),19.036252,72.860252,0,NULL
KHADI_BHANDAR_BUS,KHADI BHANDAR,18.93703,72.83163,0,NULL
SUYASH_SHOPPING_CENTRE_BUS,SUYASH SHOPPING CENTRE,19.176344,72.877804,0,NULL
SHRAWAN_YASHWANTE_CHOWK_KALA_CHOWKY_BUS,SHRAWAN YASHWANTE CHOWK (KALA CHOWKY),18.987592,72.841525,0,NULL
RANI_LAXMIBAI_CHOWK_SION_BUS,RANI LAXMIBAI CHOWK (SION),19.043499,72.86351500000001,0,NULL
ZULELAL_CHOWK_BUS,ZULELAL CHOWK,19.143265,72.82428400000001,0,NULL
ANTOP_HILL_BUS,ANTOP HILL,19.026824,72.866308,0,NULL
STRAND_CINEMA_BUS,STRAND CINEMA,18.918652,72.82872999999999,0,NULL
SIR_ALIYAWAR_JUNG_INSTITUTEBANDRA-W_BUS,SIR ALIYAWAR JUNG INSTITUTE(BANDRA-W),19.052154,72.83422,0,NULL
ADV_PALJIBHAI_BORICHA_CHOWK_BUS,ADV. PALJIBHAI BORICHA CHOWK,19.14681,72.828436,0,NULL
HABALEPADA_BUS,HABALEPADA,19.163834,72.884446,0,NULL
CHARNI_ROAD_RAILWAY_STATION_BUS,CHARNI ROAD RAILWAY STATION,18.950881,72.820947,0,NULL
AHANSARI_CHOWK_NAGPADA_BUS,A.H.ANSARI CHOWK (NAGPADA),18.970439,72.832658,0,NULL
JBNAGAR_ANDHERI-E_BUS,J.B.NAGAR (ANDHERI-E),19.111827,72.86872200000001,0,NULL
"ALBERT_ROAD,_TANAJI_MALUSARE_CHOWK_BUS","ALBERT ROAD, TANAJI MALUSARE CHOWK",18.984566,72.842344,0,NULL
"MALVANI_BLOCK_NO5,_POLICE_STATION_BUS","MALVANI BLOCK NO.5, POLICE STATION",19.192535,72.82201000000001,0,NULL
JAIN_MANDIR_GHATKOPAR-E_BUS,JAIN MANDIR (GHATKOPAR-E),19.081651,72.90803,0,NULL
DENA_BANK_JOGESHWARI-E_BUS,DENA BANK (JOGESHWARI-E),19.133869,72.849823,0,NULL
MINERVA_CINEMA_BUS,MINERVA CINEMA,18.963653,72.817784,0,NULL
JUHU_TARA_ROAD_BUS,JUHU TARA ROAD,19.090066,72.82749200000001,0,NULL
"KHAR,_SV_ROAD_BUS","KHAR, S.V. ROAD",19.0699,72.837789,0,NULL
KOKAN_NAGAR_BHANDUP-W_BUS,KOKAN NAGAR (BHANDUP-W),19.145951,72.928714,0,NULL
BHAYANDER_RAILWAY_STATION_W_BUS,BHAYANDER RAILWAY STATION (W),19.312138,72.851874,0,NULL
KALIDAS_NATYAGRUH_MULUND-W_BUS,KALIDAS NATYAGRUH (MULUND-W),19.173498,72.949634,0,NULL
VASHI_VILLAGE_BUS,VASHI VILLAGE,19.031359,72.88719500000001,0,NULL
NEW_LINK_ROAD_JUNCTION_KANDIVALI-W_BUS,NEW LINK ROAD JUNCTION (KANDIVALI-W),19.212583,72.836743,0,NULL
BUILDING_NO5-NGPARK_BUS,BUILDING NO.5-N.G.PARK,19.243137,72.870181,0,NULL
"BRAHMAND,_AZAD_NAGAR_BUS_STATION_BUS","BRAHMAND, AZAD NAGAR BUS STATION",19.247747,72.985859,0,NULL
HANUMAN_NAGAR_MALAD-E_BUS,HANUMAN NAGAR (MALAD-E),19.172322,72.874279,0,NULL
POLICE_STATION_PANT_NAGAR_BUS,POLICE STATION (PANT NAGAR),19.085971,72.91468999999999,0,NULL
SHILP_CHOWK_BUS,SHILP CHOWK,19.04679,73.069801,0,NULL
SHITALADEVI_TEMPLE_MAHIM_BUS,SHITALADEVI TEMPLE (MAHIM),19.035446,72.841633,0,NULL
KANJUR_MARG_STATION_W_BUS,KANJUR MARG STATION (W),19.130756,72.92865,0,NULL
SHEETAL_TALAO_BUS,SHEETAL TALAO,19.084288,72.88061500000001,0,NULL
CHARKOP_EKDANT_SOCIETY_BUS,CHARKOP EKDANT SOCIETY,19.218001,72.82016299999999,0,NULL
"SHELL_COLONY,_SAMAJ_MANDIR_HALL_CHEMBUR_BUS","SHELL COLONY, SAMAJ MANDIR HALL (CHEMBUR)",19.062285,72.891998,0,NULL
SHREYAS_CINEMA_BUS,SHREYAS CINEMA,19.093143,72.912274,0,NULL
BHARATMATA_CINEMA_BUS,BHARATMATA CINEMA,18.995277,72.837312,0,NULL
CHANDIVALI_VILLAGE_BUS,CHANDIVALI VILLAGE,19.114116,72.899124,0,NULL
INDIAN_OIL_NAGAR_ANDHERI-W_BUS,INDIAN OIL NAGAR (ANDHERI-W),19.128751,72.828963,0,NULL
VESAVA-YARI_ROAD_BUS_STATION_BUS,VESAVA-YARI ROAD BUS STATION,19.139459,72.80845100000001,0,NULL
SANT_JAGNADE_CHOWK_LALBAUG_BUS,SANT JAGNADE CHOWK (LALBAUG),18.993262,72.836601,0,NULL
SEEPZ_BUS_STATION_BUS,SEEPZ BUS STATION,19.124549,72.872479,0,NULL
DEONAR_DEPOT_BUS,DEONAR DEPOT,19.046012,72.911613,0,NULL
CITYLIGHT_CINEMA_BUS,CITYLIGHT CINEMA,19.031733,72.841294,0,NULL
LOUISWADI_BUS,LOUISWADI,19.196454,72.962298,0,NULL
GANESH_MANDIR_BARVE_NAGAR_BUS,GANESH MANDIR (BARVE NAGAR),19.095886,72.900908,0,NULL
PANJARAPOL_BUS,PANJARAPOL,19.045848,72.907842,0,NULL
DRAMBEDKAR_NAGAR_CHEMBUR_BUS,DR.AMBEDKAR NAGAR (CHEMBUR),19.063409,72.902535,0,NULL
CHEETA_CAMP_BUS,CHEETA CAMP,19.038384,72.944817,0,NULL
SARVODAYA_HOSPITAL_GHATKOPAR-W_BUS,SARVODAYA HOSPITAL (GHATKOPAR-W),19.08885,72.90709699999999,0,NULL
"WESTERN_HOTEL,_LAXMI_BAUG_BUS","WESTERN HOTEL, LAXMI BAUG",19.2764,72.888971,0,NULL
MANKHURD_STATION_SOUTH_BUS,MANKHURD STATION (SOUTH),19.045582,72.92994899999999,0,NULL
DON_BOSCO/KHALSA_COLLEGE_BUS,DON BOSCO/KHALSA COLLEGE,18.994673,72.853781,0,NULL
LOKMANYA_TILAK_HOSPITAL_SION_BUS,LOKMANYA TILAK HOSPITAL (SION),19.037174,72.860641,0,NULL
GURUDWAR_CHOWK_ANDHERI-E_BUS,GURUDWAR CHOWK (ANDHERI-E),19.125637,72.86268800000001,0,NULL
CHENA_BRIDGE_BUS,CHENA BRIDGE,19.275785,72.916464,0,NULL
SIDDHIVINAYAK_MANDIR_PRABHADEVI_BUS,SIDDHIVINAYAK MANDIR (PRABHADEVI),19.01775,72.831311,0,NULL
SHREE_PARLESHWAR_SOCIETY_BUS,SHREE PARLESHWAR SOCIETY,19.105898,72.846743,0,NULL
VIJAY_GARDEN_BUS,VIJAY GARDEN,19.260116,72.969386,0,NULL
PRABODHANKAR_THACKERAY_CHOWK_DADAR-W_BUS,PRABODHANKAR THACKERAY CHOWK (DADAR-W),19.019398,72.83703800000001,0,NULL
MAJAS_DEPOT_BUS,MAJAS DEPOT,19.139253,72.865846,0,NULL
GELDA_NAGAR_BUS,GELDA NAGAR,19.09727,72.907797,0,NULL
TEMBIPADA_PIPE_LINE_BHANDUP_BUS,TEMBIPADA PIPE LINE (BHANDUP),19.15531,72.92926300000001,0,NULL
MALAD_STATION_W_BUS,MALAD STATION (W),19.187936,72.84663,0,NULL
RANI_LAXMIBAI_CHOWK_SION_BUS,RANI LAXMIBAI CHOWK (SION),19.041331,72.86327,0,NULL
SWAMI_DAYANAND_SARASWATI_CHOWK_FORT_BUS,SWAMI DAYANAND SARASWATI CHOWK (FORT),18.934414,72.83787,0,NULL
MAHARASHTRA_NAGAR_THANE_BUS,MAHARASHTRA NAGAR (THANE),19.226699,72.97012599999999,0,NULL
RALLI_WOLF_BUS,RALLI WOLF,19.170606,72.94034600000001,0,NULL
FOREST_STREET_POWAI_BUS,FOREST STREET (POWAI),19.114896,72.908552,0,NULL
SHIVAJI_NAGAR_GOVANDI_POST_OFFICE_BUS,SHIVAJI NAGAR (GOVANDI) POST OFFICE,19.062194,72.921803,0,NULL
SION_KOLIWADA_BUS,SION KOLIWADA,19.039868,72.86468600000001,0,NULL
GOLDEN_CHEMICALS_DAHISAR-E_BUS,GOLDEN CHEMICALS (DAHISAR-E),19.262156,72.873643,0,NULL
STMARY_SCHOOL_DAHISAR-E_BUS,ST.MARY SCHOOL (DAHISAR-E),19.25684,72.866958,0,NULL
VJTICOLLEGE_BUS,V.J.T.I.COLLEGE,19.023683,72.854513,0,NULL
LAXMI_NAGAR_GHATKOPAR-E_BUS,LAXMI NAGAR (GHATKOPAR-E),19.089675,72.916247,0,NULL
"GAUTAM_NAGAR,_DEONAR_ABATTOIR_BUS","GAUTAM NAGAR, DEONAR ABATTOIR",19.058425,72.913966,0,NULL
"DRAMBEDKAR_UDYAN,_POWAI_BUS","DR.AMBEDKAR UDYAN, POWAI",19.126961,72.894243,0,NULL
ADISHAKTI_NAGAR_PIPE_LINE_BUS,ADISHAKTI NAGAR (PIPE LINE),19.1854667,72.9466,0,NULL
EVERARD_NAGAR_BUS,EVERARD NAGAR,19.05075,72.874674,0,NULL
KURLA_W_LEVEL_CROSSING_BUS,KURLA (W) LEVEL CROSSING,19.05409,72.86810800000001,0,NULL
PUNJAB_FOUNDRY_MIRA_ROAD_BUS,PUNJAB FOUNDRY (MIRA ROAD),19.276035,72.88204500000001,0,NULL
ISHWARBHAI_PATEL_ROAD_BUS,ISHWARBHAI PATEL ROAD,19.161227,72.85391199999999,0,NULL
SAHAKARI_BHANDAR_JUHU_BUS,SAHAKARI BHANDAR (JUHU),19.103603,72.832347,0,NULL
AAREY_PUMP_HOUSE_BUS,AAREY PUMP HOUSE,19.154019,72.87522,0,NULL
MADKEBUWA_CHOWK_PAREL_BUS,MADKEBUWA CHOWK (PAREL),19.002966,72.838769,0,NULL
GHATKOPAR_STATION_E_BUS,GHATKOPAR STATION (E),19.084939,72.90782900000001,0,NULL
TANK_BUNDER_BUS,TANK BUNDER,18.988887,72.845703,0,NULL
JAWAHAR_NAGAR_GOREGAON-W_BUS,JAWAHAR NAGAR (GOREGAON-W),19.159867,72.845899,0,NULL
DRKBHEDGEWAR_CHOWK_BHANDUP_SONAPUR_BUS,DR.K.B.HEDGEWAR CHOWK BHANDUP SONAPUR,19.163813,72.938474,0,NULL
TRIVENI_NAGAR_BUS,TRIVENI NAGAR,19.181911,72.863986,0,NULL
ANAND_NAGAR_DAHISAR_BUS,ANAND NAGAR (DAHISAR),19.258104,72.864485,0,NULL
AIR_INDIA_QUARTERS_BUS,AIR INDIA QUARTERS,19.081401,72.870135,0,NULL
NEW_CUSTOM_HOUSE_BUS,NEW CUSTOM HOUSE,18.934027,72.83980699999999,0,NULL
CHITRANAGRI_ENTRY_GATE_BUS,CHITRANAGRI ENTRY GATE,19.165566,72.87816100000001,0,NULL
BHANDUP_STATION_W_ROAD_BUS,BHANDUP STATION (W) ROAD,19.145997,72.935767,0,NULL
HASRAT_MOHANI_CHOWK_BUS,HASRAT MOHANI CHOWK,18.966543,72.82857799999999,0,NULL
SEEPZ_VILLAGE_BUS,SEEPZ VILLAGE,19.129963,72.878531,0,NULL
PICNIC_POINT_ROAD_BUS,PICNIC POINT ROAD,19.225067,72.884247,0,NULL
BANDRA_W_BUS_STATION_BUS,BANDRA (W) BUS STATION,19.054173,72.840005,0,NULL
"NAVSENA_GATE,_KIROL_VILLAGE_BUS","NAVSENA GATE, KIROL VILLAGE",19.08255,72.895724,0,NULL
SHIVSHRUSHTI_KURLA-E_BUS,SHIVSHRUSHTI (KURLA-E),19.055307,72.88280399999999,0,NULL
BORIVALI_E_STATION_BUS,BORIVALI (E) STATION,19.231866,72.857699,0,NULL
JOHNSON_&_JOHNSON_COMPANY_BUS,JOHNSON & JOHNSON COMPANY,19.174916,72.94194299999999,0,NULL
LOKHANDWALA_COMPLEX_JUNCTION_JOGESHWARI-W_BUS,LOKHANDWALA COMPLEX JUNCTION (JOGESHWARI-W),19.141834,72.83094,0,NULL
AIR_INDIA_QUARTERS_BUS,AIR INDIA QUARTERS,19.079801,72.86834,0,NULL
GHATKOPAR_STATION_W_BUS,GHATKOPAR STATION (W),19.085716,72.907554,0,NULL
DEONAR_VILLAGE_BUS,DEONAR VILLAGE,19.050215,72.91992500000001,0,NULL
AHILYABAI_HOLKAR_CHOWK_CHURCHGATE_BUS,AHILYABAI HOLKAR CHOWK (CHURCHGATE),18.933811,72.827788,0,NULL
MAHARSHI_ARVIND_CHOWK_MULUND-W_BUS,MAHARSHI ARVIND CHOWK (MULUND-W),19.175432,72.95288600000001,0,NULL
NATIONAL_HINDUJA_HOSPITAL_BUS,NATIONAL (HINDUJA) HOSPITAL,19.034017,72.838765,0,NULL
BYCULLA_STATION_E_BUS,BYCULLA STATION (E),18.976014,72.83349,0,NULL
"BYCULLA_STATION_EAST,_GLORIA_CHURCH_BUS","BYCULLA STATION (EAST), GLORIA CHURCH",18.975599,72.83475300000001,0,NULL
VATSALABAI_DESAI_CHOWK_HAJI_ALI_BUS,VATSALABAI DESAI CHOWK (HAJI ALI),18.979856,72.81248100000001,0,NULL
VIDYA_NAGARI_KALINA_NORTH_GATE_BUS,VIDYA NAGARI (KALINA) NORTH GATE,19.074047,72.852058,0,NULL
VASHI_BUS_STATION_BUS,VASHI BUS STATION,19.075863,72.997967,0,NULL
STLAWRENCE_HIGH_SCHOOL_KANDIVALI-E_BUS,ST.LAWRENCE HIGH SCHOOL (KANDIVALI-E),19.213149,72.861886,0,NULL
GAWANGAON_REFINERIES_BUS,GAWANGAON REFINERIES,19.00998,72.89834500000001,0,NULL
MANKHURD_STATION_NORTH_BUS,MANKHURD STATION (NORTH),19.049196,72.931696,0,NULL
VASANTRAO_NAIK_CHOWK_TARDEO_BUS,VASANTRAO NAIK CHOWK (TARDEO),18.968529,72.81515,0,NULL
STATE_BANK_GOREGAON-W_BUS,STATE BANK (GOREGAON-W),19.17402,72.841915,0,NULL
KAPILVASTU_BUDDHA_VIHAR_KALINA_BUS,KAPILVASTU BUDDHA VIHAR (KALINA),19.074855,72.860647,0,NULL
JASLOK_HOSPITAL_BUS,JASLOK HOSPITAL,18.973041,72.809363,0,NULL
"KHAR,_LINKING_ROAD_BUS","KHAR, LINKING ROAD",19.072852,72.834148,0,NULL
LOKMANYA_TILAK_HOSPITAL_SION_BUS,LOKMANYA TILAK HOSPITAL (SION),19.037969,72.86122899999999,0,NULL
SHIVAJI_CHOWK_MULUND-W_BUS,SHIVAJI CHOWK (MULUND-W),19.175963,72.93768300000001,0,NULL
JOHN_BAPTIST_ROAD_BUS,JOHN BAPTIST ROAD,19.047948,72.82585400000001,0,NULL
SHANTARAM_PATIL_CHOWK_VASHI_BUS,SHANTARAM PATIL CHOWK (VASHI),19.072113,73.002251,0,NULL
SHREYAS_CINEMA_BUS,SHREYAS CINEMA,19.092872,72.912284,0,NULL
ERLA_MASJID_BUS,ERLA MASJID,19.111691,72.83734,0,NULL
"DRDATTA_SAMANT_CHOWK,SAKI_NAKA_BUS","DR.DATTA SAMANT CHOWK,SAKI NAKA",19.102683,72.885614,0,NULL
ISMAIL_YUSUF_COLLEGE_BUS,ISMAIL YUSUF COLLEGE,19.135426,72.85502099999999,0,NULL
SHIVAJI_NAGAR_BUS_STATION_BUS,SHIVAJI NAGAR BUS STATION,19.06618,72.929299,0,NULL
ATMARAM_NAGAR_SRUSHTI_BUS,ATMARAM NAGAR (SRUSHTI),19.263717,72.87174899999999,0,NULL
NMJOSHI_MARG_POLICE_STATION_BUS,N.M.JOSHI MARG POLICE STATION,18.991,72.831636,0,NULL
KACHPADA_BUS,KACHPADA,19.188064,72.835819,0,NULL
SHREE_KRISHNA_NAGAR_BORIVALI_-E_BUS,SHREE KRISHNA NAGAR (BORIVALI -E),19.23305,72.8643,0,NULL
PARSI_GENERAL_HOSPITAL_BUS,PARSI GENERAL HOSPITAL,18.96823,72.803451,0,NULL
TOLANI_NAKA_BUS,TOLANI NAKA,19.129668,72.865537,0,NULL
SANT_JAGNADE_CHOWK_LALBAUG_BUS,SANT JAGNADE CHOWK (LALBAUG),18.991952,72.83645,0,NULL
GORAI_CREEK_BUS,GORAI CREEK,19.232731,72.826247,0,NULL
NAV_SOCIETY_BUS,NAV SOCIETY,19.102252,72.853199,0,NULL
"KRISHNA_BAUG,_FINE_ARTS_SOCIETY_CHEMBUR_BUS","KRISHNA BAUG, FINE ARTS SOCIETY (CHEMBUR)",19.060064,72.896731,0,NULL
ANAND_NAGAR_OSHIWARA_BUS,ANAND NAGAR (OSHIWARA),19.15023,72.836142,0,NULL
MULUND_DEPOT_BUS,MULUND DEPOT,19.175729,72.947714,0,NULL
CUFFE_PARADE_POLICE_STATION_BUS,CUFFE PARADE POLICE STATION,18.91195,72.818189,0,NULL
RAMADA_HOTEL_POWAI_BUS,RAMADA HOTEL (POWAI),19.136494,72.899382,0,NULL
GURUDWAR_MALAD-W_BUS,GURUDWAR (MALAD-W),19.182342,72.81784399999999,0,NULL
SANT_RAJINDER_SINGH_ASHRAM_BUS,SANT RAJINDER SINGH ASHRAM,19.112857,73.002471,0,NULL
BANDRA_E_BUS_STATION_BUS,BANDRA (E) BUS STATION,19.056037,72.844858,0,NULL
KISAN_NAGAR_JUNCTION_BUS,KISAN NAGAR JUNCTION,19.193463,72.95394,0,NULL
GATE_WAY_PLAZA_POWAI_BUS,GATE WAY PLAZA (POWAI),19.122784,72.91303600000001,0,NULL
COCACOLA_COMPANY_BUS,COCACOLA COMPANY,19.280728,72.926728,0,NULL
BIRLA_KRIDA_KENDRA_BUS,BIRLA KRIDA KENDRA,18.954616,72.81468700000001,0,NULL
"GULAL_WADI,_YADNIK_CHOWK_BUS","GULAL WADI, YADNIK CHOWK",18.956071,72.82772300000001,0,NULL
SHETHIYA_NAGAR_BUS,SHETHIYA NAGAR,19.097995,72.887935,0,NULL
CHHATRAPATI_SHIVAJI_MAHARAJ_TERMINUSCSMT_BUS,CHHATRAPATI SHIVAJI MAHARAJ TERMINUS(CSMT),18.940934,72.83316499999999,0,NULL
HINDUSTAN_PETROLEUM_REAY_ROAD_BUS,HINDUSTAN PETROLEUM (REAY ROAD),18.98125,72.85585,0,NULL
ANJEERWADI_BUS,ANJEERWADI,18.973281,72.840272,0,NULL
MAXUS_MALL_BHAYANDER-W_BUS,MAXUS MALL (BHAYANDER-W),19.295008,72.85041099999999,0,NULL
"MAROL_NAKA,_MATA_RAMABAI_AMBEDKAR_CHOWK_BUS","MAROL NAKA, MATA RAMABAI AMBEDKAR CHOWK",19.108733,72.877334,0,NULL
MHADA_COLONY_KANDIVALI-E_BUS,MHADA COLONY (KANDIVALI-E),19.196018,72.872574,0,NULL
MANDLI_TALAO_BUS,MANDLI TALAO,19.299344,72.85001800000001,0,NULL
CHARKOP_SECTOR_2_BUS,CHARKOP SECTOR 2,19.215429,72.82446299999999,0,NULL
KASTURI_VIDYALAYA_BUS,KASTURI VIDYALAYA,19.152077,72.939274,0,NULL
KURLA_BUS_STATION_E_BUS,KURLA BUS STATION (E),19.064403,72.88018700000001,0,NULL
BAIL_BAZAR_BUS,BAIL BAZAR,19.085499,72.881584,0,NULL
AHILYABAI_HOLKAR_CHOWK_CHURCHGATE_BUS,AHILYABAI HOLKAR CHOWK (CHURCHGATE),18.936042,72.827454,0,NULL
"SAMATA_NAGAR,_BONKODE_BUS","SAMATA NAGAR, BONKODE",19.094752,73.00563099999999,0,NULL
EKTA_VIVEK_BUILDING_BUS,EKTA VIVEK BUILDING,19.258124,72.851919,0,NULL
RAM_GANESH_GADKARI_CHOWK_DADAR-W_BUS,RAM GANESH GADKARI CHOWK (DADAR-W),19.024117,72.841081,0,NULL
ANKUR_PALACE_BUS,ANKUR PALACE,19.222682,72.849574,0,NULL
TAGORE_NAGAR_JUNCTION_KANJURMARG-E_BUS,TAGORE NAGAR JUNCTION (KANJURMARG-E),19.124288,72.932757,0,NULL
WADALA_MONORAIL_STATION_ROAD_BUS,WADALA MONORAIL STATION ROAD,19.03662,72.873475,0,NULL
DHARAVI_FLYOVER_BUS,DHARAVI FLYOVER,19.046265,72.85020400000001,0,NULL
SURUCHI_BUS,SURUCHI,19.207694,72.86446599999999,0,NULL
TADWADI_MAZGAON_BUS,TADWADI (MAZGAON),18.965267,72.83899599999999,0,NULL
BAHAR_CINEMA_BUS,BAHAR CINEMA,19.112271,72.85462699999999,0,NULL
INDIRA_NAGAR_SEWREE_BUS,INDIRA NAGAR (SEWREE),18.99265,72.854646,0,NULL
SARDAR_NAGAR_NO4_GTB_NAGAR_BUS,SARDAR NAGAR NO.4 (GTB NAGAR),19.035714,72.867576,0,NULL
COMMUNITY_HALL_BANDRA-E_BUS,COMMUNITY HALL (BANDRA-E),19.064432,72.849052,0,NULL
MARSHAL_WADI_BUS,MARSHAL WADI,19.179967,72.79785099999999,0,NULL
CEAT_COMPANY_BUS,CEAT COMPANY,19.155023,72.943399,0,NULL
SHOPPING_PLAZA_BUS,SHOPPING PLAZA,19.111306,72.897462,0,NULL
CHHATRAPATI_SHIVAJI_MAHARAJ_TERMINUSCSMT_BUS,CHHATRAPATI SHIVAJI MAHARAJ TERMINUS(CSMT),18.940646,72.83477000000001,0,NULL
ABHYUDAYA_BANK_BUS,ABHYUDAYA BANK,19.226002,72.857437,0,NULL
SHANTI_ASHRAM_JUNCTION_BUS,SHANTI ASHRAM JUNCTION,19.242442,72.844847,0,NULL
DRKBHEDGEWAR_CHOWK_BHANDUP_SONAPUR_BUS,DR.K.B.HEDGEWAR CHOWK BHANDUP SONAPUR,19.161428,72.93758,0,NULL
KOLBAD_BUS,KOLBAD,19.204123,72.977294,0,NULL
KOKANIPADA_EXTENSION_BORIVALI_-E_BUS,KOKANIPADA (EXTENSION) (BORIVALI -E),19.245831,72.8725,0,NULL
ASHIRWAD_SOCIETY_BUS,ASHIRWAD SOCIETY,19.112661,72.896511,0,NULL
SEWREE_STATION_W_BUS,SEWREE STATION (W),18.998558,72.85338900000001,0,NULL
SANT_GADGE_MAHARAJ_CHOWK_SAATRASTA_BUS,SANT GADGE MAHARAJ CHOWK (SAATRASTA),18.981882,72.82758800000001,0,NULL
VIDYA_NAGARI_KALINA_BUS,VIDYA NAGARI (KALINA),19.073076,72.860885,0,NULL
ODEON_CINEMA_BUS,ODEON CINEMA,19.078995,72.908829,0,NULL
ERLA_BUS,ERLA,19.107393,72.84025099999999,0,NULL
KALBADEVI_BUS,KALBADEVI,18.9472,72.828812,0,NULL
STATE_BANK_KAMANI_BUS,STATE BANK (KAMANI),19.08409,72.883618,0,NULL
MAHARASHTRA_WEIGHT_BRIDGE_SION_BUS,MAHARASHTRA WEIGHT BRIDGE (SION),19.054081,72.868098,0,NULL
LODHA_COMPLEX_BUS,LODHA COMPLEX,19.292519,72.85668200000001,0,NULL
SIDDHIVINAYAK_MANDIR_PRABHADEVI_BUS,SIDDHIVINAYAK MANDIR (PRABHADEVI),19.017759,72.83130199999999,0,NULL
SHYAM_NAGAR_MAJAS_BUS,SHYAM NAGAR (MAJAS),19.138882,72.863574,0,NULL
KURLA_W_LEVEL_CROSSING_BUS,KURLA (W) LEVEL CROSSING,19.058943,72.871582,0,NULL
JIJAMATA_BHOSLE_MARG_JUNCTION_CHEMBUR_BUS,JIJAMATA BHOSLE MARG JUNCTION (CHEMBUR),19.070321,72.906295,0,NULL
NANA_CHOWK_BUS,NANA CHOWK,18.962113,72.812468,0,NULL
"RAJA_SHIVAJI_HIGH_SCHOOL,_HINDU_COLONY_DADAR-E_BUS","RAJA SHIVAJI HIGH SCHOOL, HINDU COLONY (DADAR-E)",19.021483,72.847371,0,NULL
BHARATIYA_AROGYA_NIDHI_HOSPITAL_BUS,BHARATIYA AROGYA NIDHI HOSPITAL,19.111414,72.828416,0,NULL
SHREE_SWAMI_SAMARTH_NAGAR_BUS,SHREE SWAMI SAMARTH NAGAR,19.139924,72.826055,0,NULL
KHINDIPADA_BUS,KHINDIPADA,19.1667333,72.9297833,0,NULL
MMRDACOLONY_BUILDING_NO31_MAHUL_BUS,M.M.R.D.A.COLONY BUILDING NO.31 (MAHUL),19.017519,72.888046,0,NULL
SEWREE_PHATAK_BUS,SEWREE PHATAK,18.99291,72.850809,0,NULL
BHARANI_NAKA_ANTOP_HILL_BUS,BHARANI NAKA (ANTOP HILL),19.025652,72.871021,0,NULL
DEEPAK_CINEMA_BUS,DEEPAK CINEMA,19.005997,72.831615,0,NULL
DHARKHADI_BUS,DHARKHADI,19.25269,72.87353299999999,0,NULL
SEEPZ_BUS_STATION_NEW_BUS,SEEPZ BUS STATION (NEW),19.130847,72.87508,0,NULL
DEONAR_BEST_STAFF_QUARTERS_BUS,DEONAR BEST STAFF QUARTERS,19.047467,72.914254,0,NULL
MODEL_TOWN_MULUND-W_BUS,MODEL TOWN (MULUND-W),19.1843,72.9447833,0,NULL
DARYA_MAHAL_BUS,DARYA MAHAL,18.952966,72.797436,0,NULL
ANTOP_HILL_CHURCH_BUS,ANTOP HILL CHURCH,19.032741,72.866657,0,NULL
SANSKRITI_APARTMENT_BUS,SANSKRITI APARTMENT,19.213241,72.86368299999999,0,NULL
KHODADAD_CIRCLE_DADAR_TT_BUS,KHODADAD CIRCLE (DADAR TT),19.01881,72.848693,0,NULL
STRAND_CINEMA_BUS,STRAND CINEMA,18.919366,72.829508,0,NULL
GHATKOPAR_STATION_E_BUS,GHATKOPAR STATION (E),19.085111,72.907991,0,NULL
"NERUL_SECTOR_46,_48_BUS","NERUL SECTOR 46, 48",19.009367,73.015694,0,NULL
BORIVALI_E_STATION_BUS,BORIVALI (E) STATION,19.228315,72.857502,0,NULL
PASSPORT_OFFICE_WORLI_BUS,PASSPORT OFFICE (WORLI),19.011283,72.82102,0,NULL
KORA_KENDRA_BUS,KORA KENDRA,19.221682,72.853065,0,NULL
GANDHI_MARKET_KINGS_CIRCLE_BUS,GANDHI MARKET (KINGS CIRCLE),19.032701,72.859048,0,NULL
SHAHU_NAGAR_DHARAVI_BUS,SHAHU NAGAR (DHARAVI),19.039816,72.8515,0,NULL
MULUND_STATION_E_BUS,MULUND STATION (E),19.171402,72.958343,0,NULL
DHARIVALI_VILLAGE_BUS,DHARIVALI VILLAGE,19.169685,72.795931,0,NULL
RUTU_TOWER_BUS,RUTU TOWER,19.247926,72.978934,0,NULL
SHANTI_DHAM_BUS,SHANTI DHAM,19.270701,72.87310600000001,0,NULL
SHIVAJI_NAGAR_JUNCTION_GOVANDI_BUS,SHIVAJI NAGAR JUNCTION (GOVANDI),19.062763,72.918497,0,NULL
GODREJ_CHOWK_KEMPS_CORNER_BUS,GODREJ CHOWK (KEMPS CORNER),18.964032,72.807045,0,NULL
DRMIQBAL_CHOWK_J_J_HOSPITAL_BUS,DR.M.IQBAL CHOWK (J J HOSPITAL),18.963483,72.83219800000001,0,NULL
DRAMBEDKAR_BHAVAN_VIDYA_NAGARI_BUS,DR.AMBEDKAR BHAVAN (VIDYA NAGARI),19.071871,72.85488100000001,0,NULL
NEW_YELLOW_GATE_BUS,NEW YELLOW GATE,18.949414,72.842995,0,NULL
"SIKKA_NAGAR,_GANPATI_MANDIR_BUS","SIKKA NAGAR, GANPATI MANDIR",18.956077,72.823412,0,NULL
DON_BOSCO_SCHOOL_BORIVALI__BUS,DON BOSCO SCHOOL (BORIVALI ),19.229706,72.84225499999999,0,NULL
MAROL_MAROSHI_BUS_STATION_BUS,MAROL MAROSHI BUS STATION,19.116503,72.879915,0,NULL
BHANDUP_POLICE_STATION_BUS,BHANDUP POLICE STATION,19.152005,72.93611799999999,0,NULL
RAVIKIRAN_SOCIETY_BUS,RAVIKIRAN SOCIETY,19.180607,72.816857,0,NULL
"KHAR,_SV_ROAD_BUS","KHAR, S.V. ROAD",19.071363,72.836933,0,NULL
BANDRA_W_BUS_STATION_BUS,BANDRA (W) BUS STATION,19.0547667,72.8400833,0,NULL
GOREGAON_STATION_E_BUS,GOREGAON STATION (E),19.165326,72.850392,0,NULL
HANUMAN_SOCIETY_BUILDING_NO5_BUS,HANUMAN SOCIETY BUILDING NO.5,19.103679,72.852846,0,NULL
JIJAMATA_UDYAN_BYCULLA_BUS,JIJAMATA UDYAN (BYCULLA),18.980396,72.83475,0,NULL
HANUMAN_ROAD_VILE_PARLE_-E_BUS,HANUMAN ROAD (VILE PARLE -E),19.105305,72.853577,0,NULL
HELAN_KELLAR_INSTITUTE_MAHAPE_BUS,HELAN KELLAR INSTITUTE (MAHAPE),19.11355,73.01230700000001,0,NULL
BABASAHEB_WORLIKAR_CHOWK_CENTURY_BAZAAR_BUS,BABASAHEB WORLIKAR CHOWK (CENTURY BAZAAR),19.014032,72.823668,0,NULL
"KANNAMWAR_NAGAR,_BUILDING_NO124_BUS","KANNAMWAR NAGAR, BUILDING NO.124",19.122383,72.94029500000001,0,NULL
KORA_KENDRA_BUS,KORA KENDRA,19.220091,72.852581,0,NULL
KANE_NAGAR_BUS,KANE NAGAR,19.029697,72.866269,0,NULL
"SASOON_DOCK,_COLABA_FIRE_STATION_BUS","SASOON DOCK, COLABA FIRE STATION",18.91604,72.82633,0,NULL
SKPATIL_AROGYADHAM_MALAD-E_BUS,S.K.PATIL AROGYADHAM (MALAD-E),19.188636,72.854084,0,NULL
CONTAINER_CORPORATION_OF_INDIA_BUS,CONTAINER CORPORATION OF INDIA,19.155593,72.952887,0,NULL
"VANITA_SAMAJ,_CHAITYABHOOMI_BUS","VANITA SAMAJ, CHAITYABHOOMI",19.026788,72.836472,0,NULL
GOLDEN_NESTBHAYANDER_BUS,GOLDEN NEST(BHAYANDER),19.29466,72.857223,0,NULL
HABALEPADA_BUS,HABALEPADA,19.163816,72.884541,0,NULL
SHALIMAR_INDUSTRIES_LIMITED_BUS,SHALIMAR INDUSTRIES LIMITED,19.034503,72.853419,0,NULL
AVDHUT_NAGAR_BUS,AVDHUT NAGAR,19.2564167,72.85903329999999,0,NULL
GOLDEN_TOBACCO_VILE_PARLE-W_BUS,GOLDEN TOBACCO (VILE PARLE-W),19.104348,72.83937,0,NULL
MAJAS_DEPOT_BUS,MAJAS DEPOT,19.139072,72.865095,0,NULL
THAKKAR_BAPPA_COLONY_KURLA-E_BUS,THAKKAR BAPPA COLONY (KURLA-E),19.058941,72.887306,0,NULL
RIDDHI_SIDDHI_SOCIETY_BUS,RIDDHI SIDDHI SOCIETY,19.169424,72.954959,0,NULL
"SIKKA_NAGAR,_GANPATI_MANDIR_BUS","SIKKA NAGAR, GANPATI MANDIR",18.956339,72.82289900000001,0,NULL
SHASTRI_NAGAR_GOREGAON-W_BUS,SHASTRI NAGAR (GOREGAON-W),19.159274,72.837457,0,NULL
WADALA_BUS_DEPOT_BUS,WADALA BUS DEPOT,19.014891,72.85239,0,NULL
STATE_BANK_MAROL_BUS,STATE BANK (MAROL),19.115229,72.87969699999999,0,NULL
"SHIV_DARSHAN,_TERESA_ROAD_BHANDUP-W_BUS","SHIV DARSHAN, TERESA ROAD (BHANDUP-W)",19.149365,72.92724,0,NULL
EMPIRE_MILL_BUS,EMPIRE MILL,19.000837,72.828903,0,NULL
DNYANESHWAR_NAGAR_BUS,DNYANESHWAR NAGAR,19.005496,72.854078,0,NULL
RAMKRISHNA_MISSION_KHAR-W_BUS,RAMKRISHNA MISSION (KHAR-W),19.074686,72.83424100000001,0,NULL
KINGSTON_SEZ_POWAI_BUS,KINGSTON SEZ (POWAI),19.115963,72.911669,0,NULL
HIRANANDANI_COMPLEX_JUNCTION_KHARGHAR_BUS,HIRANANDANI COMPLEX JUNCTION (KHARGHAR),19.031786,73.065431,0,NULL
CITYLIGHT_CINEMA_BUS,CITYLIGHT CINEMA,19.029646,72.841666,0,NULL
NANA-NANI_PARK_VERSOVA_BUS,NANA-NANI PARK (VERSOVA),19.126783,72.81885200000001,0,NULL
VIKHROLI_STATION_ROAD_E_BUS,VIKHROLI STATION ROAD (E),19.10968,72.93268399999999,0,NULL
"HEMGIRI_SOCIETY,_GANESH_MANDIR_BUS","HEMGIRI SOCIETY, GANESH MANDIR",19.236485,72.864012,0,NULL
GARDEN_COURT_CIRCLE_BUS,GARDEN COURT CIRCLE,19.2583,72.977158,0,NULL
AMBOLI_NAKA_BUS,AMBOLI NAKA,19.1287,72.847374,0,NULL
VAZIRA_NAKA_BUS,VAZIRA NAKA,19.229102,72.844481,0,NULL
BHARATMATA_CINEMA_BUS,BHARATMATA CINEMA,18.996352,72.836798,0,NULL
JAY_SHASTRI_NAGAR_BUS,JAY SHASTRI NAGAR,19.171419,72.933919,0,NULL
DR_SHYAMAPRASAD_MUKHERJEE_CHOWKMUSEUM_BUS,DR. SHYAMAPRASAD MUKHERJEE CHOWK(MUSEUM),18.92627,72.831382,0,NULL
JARIMARI_SAKINAKA_BUS,JARIMARI (SAKINAKA),19.093784,72.88332800000001,0,NULL
SAIDHAM_GRANT_ROAD_BUS,SAIDHAM (GRANT ROAD),18.95796,72.81684,0,NULL
JIJAMATA_VIDYALAYA_MALAD-E_BUS,JIJAMATA VIDYALAYA (MALAD-E),19.188055,72.865685,0,NULL
CUMBALA_HILL_POST_OFFICE_BUS,CUMBALA HILL POST OFFICE,18.969437,72.809043,0,NULL
THAKUR_CINEMA_KANDIVALI-E_BUS,THAKUR CINEMA (KANDIVALI-E),19.209984,72.87288100000001,0,NULL
KANTI_NAGAR_ANDHERI-E_BUS,KANTI NAGAR (ANDHERI-E),19.108429,72.86605299999999,0,NULL
DRAMBEDKAR_CHOWK_GOREGAON-E_BUS,DR.AMBEDKAR CHOWK (GOREGAON-E),19.173614,72.85682300000001,0,NULL
VALLABH_PARK_BUS,VALLABH PARK,19.077894,72.912374,0,NULL
SHASTRI_NAGAR_BORIVALI_-W_BUS,SHASTRI NAGAR (BORIVALI -W),19.218103,72.851641,0,NULL
SHANTI_BAUG_CHEMBUR_BUS,SHANTI BAUG (CHEMBUR),19.0572,72.895231,0,NULL
GOREGAON-MULUND_LINK_ROAD_MULUND-W_BUS,GOREGAON-MULUND LINK ROAD (MULUND-W),19.160191,72.94681199999999,0,NULL
"PODDAR_HOSPITAL_WORLI,_SIDDHARTH_NAGAR_BUS","PODDAR HOSPITAL (WORLI), SIDDHARTH NAGAR",19.000963,72.816081,0,NULL
DADLANI_PARK_THANE-W_BUS,DADLANI PARK (THANE-W),19.22226,72.995965,0,NULL
CUFFE_PARADE_MACCHIMAR_NAGAR_BUS,CUFFE PARADE MACCHIMAR NAGAR,18.917863,72.824782,0,NULL
HINDMATA_CINEMA_PAREL_BUS,HINDMATA CINEMA (PAREL),19.008804,72.84173800000001,0,NULL
SHANKESHWAR_BUILDING_BUS,SHANKESHWAR BUILDING,19.074279,72.910873,0,NULL
SEEPZ_VILLAGE_BUS,SEEPZ VILLAGE,19.129827,72.877371,0,NULL
ASSISI_NAGAR_CHEMBUR-W_BUS,ASSISI NAGAR (CHEMBUR-W),19.060647,72.91230299999999,0,NULL
STTERESA_CONVENT_SCHOOL_SANTACRUZ-W_BUS,ST.TERESA CONVENT SCHOOL (SANTACRUZ-W),19.076712,72.83777499999999,0,NULL
DAULAT_NAGAR_DAHISAR_BUS,DAULAT NAGAR (DAHISAR),19.236429,72.85929400000001,0,NULL
"MUKUND_COMPANY,_PWDOFFICE_KAMANI_BUS","MUKUND COMPANY, P.W.D.OFFICE (KAMANI)",19.084752,72.890317,0,NULL
ASMITA_SUPER_MARKET_BUS,ASMITA SUPER MARKET,19.273028,72.864485,0,NULL
INSPECTOR_KAKLIS_CHOWK_BUS,INSPECTOR KAKLIS CHOWK,18.964032,72.843906,0,NULL
AMBOLI_NAKA_BUS,AMBOLI NAKA,19.128565,72.84735499999999,0,NULL
PRATIKSHA_NAGAR_DEPOT_BUS,PRATIKSHA NAGAR DEPOT,19.044661,72.874658,0,NULL
BSES_SUB-STATION_SWAMI_SAMARTH_NAGAR_BUS,B.S.E.S SUB-STATION (SWAMI SAMARTH NAGAR),19.134702,72.82497600000001,0,NULL
ANTOP_HILL_BUS,ANTOP HILL,19.02667,72.86641299999999,0,NULL
THANE_STATION_E_BUS,THANE STATION (E),19.18517,72.97561,0,NULL
WADARPADA_BUS,WADARPADA,19.16759,72.951137,0,NULL
"CHECK_POST_NO2,_MAROL_POLICE_CAMP_BUS","CHECK POST NO.2, MAROL POLICE CAMP",19.123848,72.879874,0,NULL
TARAPOREWALA_AQUARIUM_BUS,TARAPOREWALA AQUARIUM,18.949353,72.819468,0,NULL
FOUR_BUNGALOWS_BUS,FOUR BUNGALOWS,19.129183,72.82650099999999,0,NULL
KALAMBOLI_BUS_STATION_BUS,KALAMBOLI BUS STATION,19.027426,73.101192,0,NULL
WORLI_SEA_FACE_S_BUS,WORLI SEA FACE (S),19.005424,72.81376899999999,0,NULL
KANDIVALI_BUS_STATION_E_BUS,KANDIVALI BUS STATION (E),19.201807,72.853677,0,NULL
SHIVAJIRAJE_COMPLEX_KANDIVALI-W_BUS,SHIVAJIRAJE COMPLEX (KANDIVALI-W),19.201039,72.825112,0,NULL
KURLA_STATION_W_BUS,KURLA STATION (W),19.067213,72.879065,0,NULL
CHANDAN_CINEMA_BUS,CHANDAN CINEMA,19.114352,72.826294,0,NULL
NITIN_COMPANY_JUNCTION_BUS,NITIN COMPANY JUNCTION,19.198667,72.963335,0,NULL
PRAVASI_INDUSTRIAL_ESTATE_BUS,PRAVASI INDUSTRIAL ESTATE,19.172637,72.85459899999999,0,NULL
JIJAMATA_NAGAR_MAHUL_BUS,JIJAMATA NAGAR (MAHUL),19.029788,72.887737,0,NULL
LOKMANYA_TILAK_HOSPITAL_SION_BUS,LOKMANYA TILAK HOSPITAL (SION),19.036099,72.860147,0,NULL
DRCOOPER_HOSPITAL_BUS,DR.COOPER HOSPITAL,19.107093,72.836536,0,NULL
DHARAVI_DEPOT_BUS,DHARAVI DEPOT,19.050886,72.857782,0,NULL
VILE_PARLE_STATION_E_BUS,VILE PARLE STATION (E),19.098633,72.844629,0,NULL
SARIPUT_NAGAR_BUS,SARIPUT NAGAR,19.133322,72.874613,0,NULL
SANGHARSH_NAGAR_CHANDIVALI_BUS,SANGHARSH NAGAR (CHANDIVALI),19.108073,72.901151,0,NULL
GANGA_BHAVAN_BUS,GANGA BHAVAN,19.135349,72.809938,0,NULL
KAMALA_MILL_BUS,KAMALA MILL,19.002906,72.829984,0,NULL
GENERAL_ARUN_KUMAR_VAIDYA_MARG_JUNCTION_GOREGAON-E_BUS,GENERAL ARUN KUMAR VAIDYA MARG JUNCTION (GOREGAON-E),19.17572,72.859483,0,NULL
BANDONGRI_BUS,BANDONGRI,19.199173,72.860962,0,NULL
ESISHOSPITAL_MULUND_BUS,E.S.I.S.HOSPITAL (MULUND),19.179162,72.94535500000001,0,NULL
BORIVALI_W_STATION_BUS,BORIVALI (W) STATION,19.230808,72.855769,0,NULL
"POLICHEM_LIMITED,_PEPSICO_BUS","POLICHEM LIMITED, PEPSICO",19.022115,72.90553199999999,0,NULL
MULUND_STATION_E_BUS,MULUND STATION (E),19.171737,72.958153,0,NULL
MAHESHWARI_UDYAN_KINGS_CIRCLE_BUS,MAHESHWARI UDYAN (KINGS CIRCLE),19.027478,72.85615300000001,0,NULL
MADH_JETTY_BUS,MADH JETTY,19.144594,72.80185899999999,0,NULL
NLVIDYALAYA_MALAD-W_BUS,N.L.VIDYALAYA (MALAD-W),19.192833,72.847131,0,NULL
ESISHOSPITAL_KANDIVALI-_E_BUS,E.S.I.S.HOSPITAL (KANDIVALI- E),19.201872,72.856444,0,NULL
"PUNCHKUTIR,_GANESH_MANDIR_POWAI_BUS","PUNCHKUTIR, GANESH MANDIR (POWAI)",19.124012,72.90955599999999,0,NULL
OSWAL_PARK_BUS,OSWAL PARK,19.2145167,72.97645,0,NULL
CHEMBUR_COLONY_BUS,CHEMBUR COLONY,19.04672,72.893249,0,NULL
THANE_BELAPUR_JUNCTION_BUS,THANE BELAPUR JUNCTION,19.067223,73.013395,0,NULL
RAJHANS_SOCIETY_BORIVALI_-W_BUS,RAJHANS SOCIETY (BORIVALI -W),19.236681,72.857868,0,NULL
AGARKAR_CHOWK_ANDHERI-E_BUS,AGARKAR CHOWK (ANDHERI-E),19.118338,72.847989,0,NULL
VIDYA_VIHAR_BUS_STATION_W_BUS,VIDYA VIHAR BUS STATION (W),19.080075,72.89639,0,NULL
SHASTRI_NAGAR_GOREGAON-W_BUS,SHASTRI NAGAR (GOREGAON-W),19.160158,72.834928,0,NULL
TATA_MOTORS_BUS,TATA MOTORS,19.197727,72.949243,0,NULL
MALBAR_HILL_POLICE_STATION_BUS,MALBAR HILL POLICE STATION,18.94986,72.799386,0,NULL
MAHALAXMI_STATION_BUS,MAHALAXMI STATION,18.982982,72.82418699999999,0,NULL
GANDHI_MARKET_KINGS_CIRCLE_BUS,GANDHI MARKET (KINGS CIRCLE),19.032728,72.859076,0,NULL
TANK_ROAD_BHANDUP-W_BUS,TANK ROAD (BHANDUP-W),19.147135,72.93614700000001,0,NULL
MINI_NAGAR_BUS,MINI NAGAR,19.249667,72.86716199999999,0,NULL
PETIT_HALL_BUS,PETIT HALL,18.95444,72.79822299999999,0,NULL
MATUNGA_POST_OFFICE_BUS,MATUNGA POST OFFICE,19.027603,72.85338,0,NULL
WORLD_TRADE_CENTRE_BUS,WORLD TRADE CENTRE,18.91532,72.818139,0,NULL
VAKOLA_POLICE_STATION_BUS,VAKOLA POLICE STATION,19.080098,72.84948799999999,0,NULL
L_&_T_GATE_NO6_POWAI_BUS,L & T GATE NO.6 (POWAI),19.123925,72.892714,0,NULL
SU_PUMPS_MULUND-WEST_BUS,SU PUMPS (MULUND-WEST),19.1845333,72.9432,0,NULL
AZAD_NAGAR_KALINA_BUS,AZAD NAGAR (KALINA),19.078725,72.86658300000001,0,NULL
CHHATRAPATI_SHIVAJI_MAHARAJ_TERMINUSCSMT_BUS,CHHATRAPATI SHIVAJI MAHARAJ TERMINUS(CSMT),18.940899,72.83464600000001,0,NULL
SIES_COLLEGE_NERUL_BUS,S.I.E.S COLLEGE (NERUL),19.042602,73.02226,0,NULL
BHANDUP_PUMPING_CENTRE_BUS,BHANDUP PUMPING CENTRE,19.154491,72.958134,0,NULL
MHADA_COLONY_MAJAS_BUS,MHADA COLONY (MAJAS),19.134167,72.86632400000001,0,NULL
BALKANJI_BARI_SCHOOL_BUS,BALKANJI BARI SCHOOL,19.084712,72.832713,0,NULL
DIAMOND_BOURSE_BKC_BUS,DIAMOND BOURSE (BKC),19.066618,72.864709,0,NULL
DHOBI_GHAT_TROMBAY_BUS,DHOBI GHAT (TROMBAY),19.035457,72.94702100000001,0,NULL
NAIR_HOSPITAL_BUS,NAIR HOSPITAL,18.973368,72.82262799999999,0,NULL
SANTACRUZ_STATION_E_BUS,SANTACRUZ STATION (E),19.081403,72.842399,0,NULL
"ASHOK_NAGAR_THANE,_VILO_S_SOCIETY_BUS","ASHOK NAGAR (THANE), VILO S SOCIETY",19.222252,72.99435800000001,0,NULL
MANGATRAM_PETROLPUMP_BUS,MANGATRAM PETROLPUMP,19.139158,72.930835,0,NULL
KASTURI_VIDYALAYA_BUS,KASTURI VIDYALAYA,19.152086,72.939245,0,NULL
KANDIVALI_STATION_E_BUS,KANDIVALI STATION (E),19.202313,72.85327700000001,0,NULL
DAULAT_NAGAR_DAHISAR_BUS,DAULAT NAGAR (DAHISAR),19.236438,72.859199,0,NULL
SHANTI_ASHRAM_BORIVALI-W_BUS,SHANTI ASHRAM (BORIVALI-W),19.242131,72.846841,0,NULL
KURLA_STATION_W_BUS,KURLA STATION (W),19.067691,72.878742,0,NULL
CHHATRAPATI_SHIVAJI_MAHARAJ_TERMINUSCSMT_BUS,CHHATRAPATI SHIVAJI MAHARAJ TERMINUS(CSMT),18.939409,72.835977,0,NULL
"CHEMBUR_NAKA,_SWAMI_VIVEKANAND_CHOWK_BUS","CHEMBUR NAKA, SWAMI VIVEKANAND CHOWK",19.054037,72.89318900000001,0,NULL
THANE_BELAPUR_JUNCTION_BUS,THANE BELAPUR JUNCTION,19.06753,73.01334799999999,0,NULL
CHITRA_CINEMA_BUS,CHITRA CINEMA,19.01382,72.844717,0,NULL
CHEMBUR_COLONY_BUS,CHEMBUR COLONY,19.044497,72.89345,0,NULL
NAAGRI_NIWARA_1_&_2_BUS,NAAGRI NIWARA 1 & 2,19.172714,72.881286,0,NULL
VATSALABAI_DESAI_CHOWK_HAJI_ALI_BUS,VATSALABAI DESAI CHOWK (HAJI ALI),18.978565,72.813963,0,NULL
SUNDERVAN_ANDHERI-W_BUS,SUNDERVAN (ANDHERI-W),19.137747,72.82578100000001,0,NULL
"MODERN_BAKERY,_RESERVIOR_BUS","MODERN BAKERY, RESERVIOR",19.145041,72.877544,0,NULL
SUNDAR_NAGAR_BHAYANDER-E_BUS,SUNDAR NAGAR (BHAYANDER-E),19.283899,72.871396,0,NULL
SNDT_JUHU_BUS,S.N.D.T. (JUHU),19.085325,72.83065999999999,0,NULL
SONA_UDYOG_INDUSTRIAL_ESTATE_BUS,SONA UDYOG INDUSTRIAL ESTATE,19.125949,72.854039,0,NULL
MOHITE_PATIL_NAGAR_MANKHURD_BUS,MOHITE PATIL NAGAR (MANKHURD),19.053081,72.9358,0,NULL
SHEETAL_CINEMA_KURLA-W_BUS,SHEETAL CINEMA (KURLA-W),19.081957,72.881899,0,NULL
MAHESHWARI_UDYAN_KINGS_CIRCLE_BUS,MAHESHWARI UDYAN (KINGS CIRCLE),19.026999,72.855935,0,NULL
SANT_GADGE_MAHARAJ_CHOWK_SAATRASTA_BUS,SANT GADGE MAHARAJ CHOWK (SAATRASTA),18.981168,72.82717100000001,0,NULL
AHANSARI_CHOWK_NAGPADA_BUS,A.H.ANSARI CHOWK (NAGPADA),18.973881,72.832352,0,NULL
MHADA_COLONY_FOUR_BUNGALOWS_BUS,MHADA COLONY (FOUR BUNGALOWS),19.13844,72.822121,0,NULL
ESIS_LOCAL_OFFICE_POWAI_BUS,E.S.I.S. LOCAL OFFICE POWAI,19.117266,72.889695,0,NULL
TOLANI_COLLEGE_BUS,TOLANI COLLEGE,19.128547,72.864968,0,NULL
VIJAY_VALLABH_CHOWK_PYDHONIE_BUS,VIJAY VALLABH CHOWK (PYDHONIE),18.954087,72.83161699999999,0,NULL
STMARY_SCHOOL_KALINA_BUS,ST.MARY SCHOOL (KALINA),19.078238,72.868436,0,NULL
KAALA_HANUMAN_MANDIR_BUS,KAALA HANUMAN MANDIR,19.204821,72.84686600000001,0,NULL
CHARKOP_POLICE_STATION_BUS,CHARKOP POLICE STATION,19.214803,72.820955,0,NULL
PALI_HILL_NAKA_GURU_NANAK_ROAD_BUS,PALI HILL NAKA (GURU NANAK ROAD),19.059452,72.831051,0,NULL
KANDIVALI_VILLAGE_BUS,KANDIVALI VILLAGE,19.205377,72.84178799999999,0,NULL
PMGP_COLONY_MAJAS_BUS,P.M.G.P COLONY (MAJAS),19.134069,72.86927,0,NULL
BHARAT_NAGAR_BANDRA-E_BUS,BHARAT NAGAR (BANDRA-E),19.065176,72.854619,0,NULL
SAMRAT_ASHOK_NAGAR_BUS,SAMRAT ASHOK NAGAR,19.054468,72.913083,0,NULL
SAIBABA_MANDIR_KANDIVALI-W_BUS,SAIBABA MANDIR (KANDIVALI-W),19.218061,72.828712,0,NULL
RAILWAY_CROSSING_MANDVI_BUS,RAILWAY CROSSING (MANDVI),18.95911,72.846093,0,NULL
CHUIM_VILLAGE_BUS,CHUIM VILLAGE,19.072105,72.82582499999999,0,NULL
WADALA_STATION_W_BUS,WADALA STATION (W),19.016331,72.858279,0,NULL
ANAND_NAGAR_OSHIWARA_BUS,ANAND NAGAR (OSHIWARA),19.150329,72.836009,0,NULL
HEMA_PARK_BHANDUP-E_BUS,HEMA PARK (BHANDUP-E),19.147985,72.94235399999999,0,NULL
JUI_NAGAR_RAILWAY_STATION_BUS,JUI NAGAR RAILWAY STATION,19.056335,73.019577,0,NULL
DAMU_NAGAR_BUS_STATION_BUS,DAMU NAGAR BUS STATION,19.200085,72.87808699999999,0,NULL
UMA_MAHESHWARI_MANDIR_BUS,UMA MAHESHWARI MANDIR,19.093604,72.88640700000001,0,NULL
CROSS_GARDEN_BUS,CROSS GARDEN,19.302904,72.849872,0,NULL
GANESHMURTI_NAGAR_POLICE_CHOWKY_BUS,GANESHMURTI NAGAR POLICE CHOWKY,18.91013,72.81321699999999,0,NULL
RAM_GANESH_GADKARI_CHOWK_DADAR-W_BUS,RAM GANESH GADKARI CHOWK (DADAR-W),19.026131,72.84084199999999,0,NULL
NATIONAL_COLLEGE_BANDRA-W_BUS,NATIONAL COLLEGE (BANDRA-W),19.063204,72.834716,0,NULL
PUMP_HOUSE_ANDHERI-E_BUS,PUMP HOUSE (ANDHERI-E),19.125833,72.856881,0,NULL
AMBAWADI_BUS,AMBAWADI,19.241135,72.85962499999999,0,NULL
"ACHARYA_GARDEN,_DIAMOND_GARDEN_BUS","ACHARYA GARDEN, DIAMOND GARDEN",19.052414,72.899745,0,NULL
DIVINE_CHILD_HIGH_SCHOOL_BUS,DIVINE CHILD HIGH SCHOOL,19.113306,72.86395,0,NULL
MIRA_GAONTHAN_BUS,MIRA GAONTHAN,19.267126,72.877245,0,NULL
JEEVAN_NAGAR_BUS,JEEVAN NAGAR,19.132069,72.833095,0,NULL
"LOKSHAHIR_SATHE_UDYAN,_SUMAN_NAGAR_BUS","LOKSHAHIR SATHE UDYAN, SUMAN NAGAR",19.054188,72.884287,0,NULL
KHAR_STATION_W_ROAD_BUS,KHAR STATION (W) ROAD,19.070812,72.837446,0,NULL
"WADALA_MONO_RAIL_DEPOT,_BUS","WADALA MONO RAIL DEPOT,",19.038744,72.87392,0,NULL
MANSI_PLAZA_BUS,MANSI PLAZA,19.244669,72.846306,0,NULL
KINNARI_HALL_KANNAMWAR_NAGAR_BUS,KINNARI HALL (KANNAMWAR NAGAR),19.11127,72.93434600000001,0,NULL
MADINA_MANZIL_MALAD-W_BUS,MADINA MANZIL (MALAD-W),19.17302,72.845252,0,NULL
MOTILAL_NAGAR_POST_OFFICE_BUS,MOTILAL NAGAR POST OFFICE,19.159186,72.840851,0,NULL
WILSON_COLLEGE_BUS,WILSON COLLEGE,18.956086,72.81113499999999,0,NULL
BUDDHAVIHAR_MALVANI_BUS,BUDDHAVIHAR (MALVANI),19.1950667,72.82591669999999,0,NULL
YASHWANTRAO_CHAVAN_PRATISHTHAN_MANTRALAYA_BUS,YASHWANTRAO CHAVAN PRATISHTHAN (MANTRALAYA),18.925588,72.825886,0,NULL
SANTACRUZ_DEPOT_BUS,SANTACRUZ DEPOT,19.092052,72.838847,0,NULL
RCFCHEMBUROFFICE_BUS,R.C.F.(CHEMBUR)OFFICE,19.035065,72.89199000000001,0,NULL
SUBHASH_TOWER_BUS,SUBHASH TOWER,19.2081,73.01173799999999,0,NULL
RUIA_COLLEGE_MATUNGA-E_BUS,RUIA COLLEGE (MATUNGA-E),19.022335,72.85135,0,NULL
SEWREE_RAILWAY_PHATAK_BUS,SEWREE RAILWAY PHATAK,18.992684,72.85079,0,NULL
"HANUMAN_MANDIR_DADAR-W,_D_SILVA_SCHOOL_BUS","HANUMAN MANDIR (DADAR-W), D SILVA SCHOOL",19.020133,72.840998,0,NULL
JUHU_KOLIWADA_BUS,JUHU KOLIWADA,19.085992,72.828104,0,NULL
MUNICIPAL_DISPENSARY_VAKOLA_BUS,MUNICIPAL DISPENSARY (VAKOLA),19.0824333,72.8504167,0,NULL
SKPATIL_GARDEN_CHARNI_ROAD_BUS,S.K.PATIL GARDEN (CHARNI ROAD),18.949119,72.821471,0,NULL
RKSTUDIO_BUS,R.K.STUDIO,19.047447,72.90767,0,NULL
"GANESH_NAGAR_DAHISAR,_GOKUL_ANAND_HOTEL_BUS","GANESH NAGAR (DAHISAR), GOKUL ANAND HOTEL",19.244029,72.864987,0,NULL
RANI_LAXMIBAI_CHOWK_SION_BUS,RANI LAXMIBAI CHOWK (SION),19.045487,72.86435,0,NULL
MALAD_STATION_W_BUS,MALAD STATION (W),19.187981,72.846469,0,NULL
KRISHNA_LEELA_CO-OPERATIVE_HOUSING_SOCIETY_BUS,KRISHNA LEELA CO-OPERATIVE HOUSING SOCIETY,19.168522,72.833685,0,NULL
SHIVAJI_NAGAR_PAREL_BUS,SHIVAJI NAGAR (PAREL),19.001277,72.85364300000001,0,NULL
MMRDA_PAY_&_PARK_BKC_BUS,M.M.R.D.A. PAY & PARK (BKC),19.061991,72.861177,0,NULL
GOPAL_BHAVAN_GHATKOPAR-W_BUS,GOPAL BHAVAN (GHATKOPAR-W),19.09045,72.909738,0,NULL
MAGATHANE_DEPOT_BUS,MAGATHANE DEPOT,19.221518,72.86781499999999,0,NULL
NANA_CHOWK_BUS,NANA CHOWK,18.962015,72.814396,0,NULL
"JAMBHULPADA,_SHIVSENA_OFFICE_BUS","JAMBHULPADA, SHIVSENA OFFICE",19.093401,72.90011,0,NULL
JAI_MAHARASHTRA_NAGAR_BORIVALI_-E_BUS,JAI MAHARASHTRA NAGAR (BORIVALI -E),19.221446,72.86867100000001,0,NULL
"DUMPING_GROUND,_NIRANKARI_BHAVAN_BUS","DUMPING GROUND, NIRANKARI BHAVAN",19.067146,72.925907,0,NULL
POST_OFFICE_SION_BUS,POST OFFICE (SION),19.028081,72.853104,0,NULL
ALLAHABAD_BANK_BUS,ALLAHABAD BANK,19.112948,72.85303,0,NULL
DON_BOSCO_SCHOOL_BORIVALI__BUS,DON BOSCO SCHOOL (BORIVALI ),19.230952,72.84083699999999,0,NULL
SHITALADEVI_TEMPLE_MAHIM_BUS,SHITALADEVI TEMPLE (MAHIM),19.032854,72.842214,0,NULL
"BHARATMATA_CINEMA,_MAHADEO_PALAV_MARG_BUS","BHARATMATA CINEMA, MAHADEO PALAV MARG",18.99533,72.835432,0,NULL
"KIRTI_COLLEGE,_INDIA_UNITED_MILL_BUS","KIRTI COLLEGE, INDIA UNITED MILL",19.021691,72.833844,0,NULL
PANCHAVATI_HOUSING_SOCIETY_BUS,PANCHAVATI HOUSING SOCIETY,19.177868,72.85591700000001,0,NULL
NATIONAL_COLLEGE_BANDRA-W_BUS,NATIONAL COLLEGE (BANDRA-W),19.064044,72.834914,0,NULL
KAPADIA_NAGAR_BUS,KAPADIA NAGAR,19.075304,72.87275200000001,0,NULL
PLAY_HOUSE_BUS,PLAY HOUSE,18.96175,72.822401,0,NULL
KAMGAR_STADIUM_PRABHADEVI_BUS,KAMGAR STADIUM (PRABHADEVI),19.011203,72.83542,0,NULL
MAHATMA_GANDHI_SWIMMING_POOL_KANDIVALI-W_BUS,MAHATMA GANDHI SWIMMING POOL (KANDIVALI-W),19.205479,72.84484999999999,0,NULL
GAIWADI_BUS,GAIWADI,18.954286,72.819919,0,NULL
DINDOSHI_DEPOT_BUS,DINDOSHI DEPOT,19.175398,72.865055,0,NULL
WORLI_VILLAGE_BUS,WORLI VILLAGE,19.016785,72.82008500000001,0,NULL
LOKMANYA_TILAK_HOSPITAL_SION_BUS,LOKMANYA TILAK HOSPITAL (SION),19.037698,72.861115,0,NULL
COLABA_BUS_STATION_BUS,COLABA BUS STATION,18.914104,72.822867,0,NULL
MHADA_COLONY_SHIVAJI_NAGAR_BUS,MHADA COLONY (SHIVAJI NAGAR),19.062744,72.91570299999999,0,NULL
KRISHNA_VATIKA_DAHISAR-E_BUS,KRISHNA VATIKA (DAHISAR-E),19.2628167,72.8617833,0,NULL
PUSHPA_PARK_MALAD-E_BUS,PUSHPA PARK (MALAD-E),19.189677,72.858172,0,NULL
GANDHI_NAGAR_KANJURMARG_BUS,GANDHI NAGAR (KANJURMARG),19.125253,72.92616099999999,0,NULL
SARDAR_PATEL_NAGAR_PARK_STREET_BUS,SARDAR PATEL NAGAR (PARK STREET),19.141392,72.819562,0,NULL
GLAXO_COMPANY_BUS,GLAXO COMPANY,19.219228,72.96717700000001,0,NULL
MADH_SONAPUR_BUS,MADH SONAPUR,19.141996,72.79631999999999,0,NULL
BIMBISAR_NAGAR_BUS,BIMBISAR NAGAR,19.146403,72.855737,0,NULL
PANDURANG_WADI_BUS,PANDURANG WADI,19.173583,72.850757,0,NULL
MAHATMA_PHULE_MARKET_CRAWFORD_MARKET_BUS,MAHATMA PHULE MARKET (CRAWFORD MARKET),18.948207,72.83455499999999,0,NULL
BARVE_NAGAR_BUS,BARVE NAGAR,19.097774,72.90149599999999,0,NULL
UMARSHI_BAPPA_CHOWK_BUS,UMARSHI BAPPA CHOWK,19.053809,72.88749799999999,0,NULL
GANDHI_NAGAR_KANJURMARG_BUS,GANDHI NAGAR (KANJURMARG),19.125271,72.923804,0,NULL
CENTRAL_DAIRY_TABELA__AAREY_COLONY_BUS,CENTRAL DAIRY TABELA  (AAREY COLONY),19.157103,72.882966,0,NULL
AGRA_ROAD_NAKA_MULUND-W_BUS,AGRA ROAD NAKA (MULUND-W),19.178015,72.94355899999999,0,NULL
BKC_TELEPHONE_EXCHANGE_BUS,BKC TELEPHONE EXCHANGE,19.070723,72.871177,0,NULL
MANGATRAM_PETROLPUMP_BUS,MANGATRAM PETROLPUMP,19.139149,72.930939,0,NULL
ESISHOSPITAL_MULUND_BUS,E.S.I.S.HOSPITAL (MULUND),19.179171,72.94546,0,NULL
JOHAR_CHOWK_BHENDI_BAZAAR_BUS,JOHAR CHOWK (BHENDI BAZAAR),18.958115,72.83101600000001,0,NULL
SEEPZ_BUS_STATION_BUS,SEEPZ BUS STATION,19.125742,72.873476,0,NULL
SHIVNERI_BUILDING_BORIVALI_-W_BUS,SHIVNERI BUILDING (BORIVALI -W),19.227101,72.823988,0,NULL
GHODAPDEV_BUS,GHODAPDEV,18.972028,72.84521100000001,0,NULL
SHANTI_NAGAR_BUS,SHANTI NAGAR,19.079858,72.87450699999999,0,NULL
WORLI_DAIRY_BUS,WORLI DAIRY,18.997653,72.811829,0,NULL
GAWANPADA_MULUND-E_BUS,GAWANPADA (MULUND-E),19.173471,72.96187,0,NULL
PRINCESS_DOCK_BUS,PRINCESS DOCK,18.955241,72.84222200000001,0,NULL
NOORANI_MASJID_PATHANWADI_BUS,NOORANI MASJID (PATHANWADI),19.179272,72.86242900000001,0,NULL
SHIMPAVALI_TELEPHONE_EXCHANGE_BUS,SHIMPAVALI TELEPHONE EXCHANGE,19.223309,72.84090999999999,0,NULL
KHAR_DANDA_BUS,KHAR DANDA,19.074849,72.823048,0,NULL
DWARKADHISH_SOCIETY_BUS,DWARKADHISH SOCIETY,19.166616,72.833097,0,NULL
MUMBAI_GYMKHANA_BUS,MUMBAI GYMKHANA,18.938863,72.830062,0,NULL
MHADA_COLONY_CHANDIVALI_BUS,MHADA COLONY (CHANDIVALI),19.111234,72.896806,0,NULL
SHASTRI_NAGAR_GOREGAON-W_BUS,SHASTRI NAGAR (GOREGAON-W),19.1599333,72.8359667,0,NULL
"GAUTAM_NAGAR,_DEONAR_ABATTOIR_BUS","GAUTAM NAGAR, DEONAR ABATTOIR",19.059392,72.91494400000001,0,NULL
WORLI_DEPOT_BUS,WORLI DEPOT,19.013921,72.81988800000001,0,NULL
SUMATI_SCHOOL_BUS,SUMATI SCHOOL,19.113236,72.824399,0,NULL
SUKHMANI_SOCIETY_BUS,SUKHMANI SOCIETY,19.113331,72.829964,0,NULL
POLICE_COLONY_WORLI_BUS,POLICE COLONY (WORLI),19.004396,72.816838,0,NULL
NAV_SOCIETY_BUS,NAV SOCIETY,19.100517,72.8532,0,NULL
SANTACRUZ_DEPOT_BUS,SANTACRUZ DEPOT,19.091194,72.83846699999999,0,NULL
SHANTI_ASHRAM_BORIVALI-W_BUS,SHANTI ASHRAM (BORIVALI-W),19.242402,72.846812,0,NULL
KALYAN_NAGAR_BUS,KALYAN NAGAR,19.114835,72.88730099999999,0,NULL
600_TENAMENT_GATE_BUS,600 TENAMENT GATE,19.053295,72.919383,0,NULL
MIRA_ROAD_STATION_E_BUS,MIRA ROAD STATION (E),19.253044,72.862404,0,NULL
HIRA_NAGAR_MULUND-W_BUS,HIRA NAGAR (MULUND-W),19.161654,72.94561400000001,0,NULL
MADHUR_COLONY_MALAD-W_BUS,MADHUR COLONY (MALAD-W),19.179249,72.83878300000001,0,NULL
BORIVALI_PHATAK_W_BUS,BORIVALI PHATAK (W),19.234196,72.85719400000001,0,NULL
JOHAR_CHOWK_BHENDI_BAZAAR_BUS,JOHAR CHOWK (BHENDI BAZAAR),18.958252,72.83246800000001,0,NULL
NARSIPADA_BUS,NARSIPADA,19.201344,72.86485999999999,0,NULL
DOORDARSHAN_WORLI_BUS,DOORDARSHAN (WORLI),19.007198,72.818592,0,NULL
AAKASHGANGA_SOCIETY_BUS,AAKASHGANGA SOCIETY,19.046931,72.860264,0,NULL
"PADMASHREE_MOHAMMED_RAFI_CHOWK,_BANDRA_W_BUS","PADMASHREE MOHAMMED RAFI CHOWK, BANDRA (W)",19.055075,72.83762900000001,0,NULL
C-CROSS_ROAD_SEEPZ_JUNCTION_BUS,C-CROSS ROAD (SEEPZ) JUNCTION,19.123528,72.87188,0,NULL
"KEM_HOSPITAL,_NURSES_QUARTERS_BUS","K.E.M HOSPITAL, NURSES QUARTERS",19.001099,72.843158,0,NULL
RANI_SATI_MARG_JUNCTION_MALAD-E_BUS,RANI SATI MARG JUNCTION (MALAD-E),19.180065,72.858178,0,NULL
MILITARY_CAMP_KALINA_BUS,MILITARY CAMP (KALINA),19.081792,72.858372,0,NULL
RIZVI_COMPLEX_CARTER_ROAD_BUS,RIZVI COMPLEX (CARTER ROAD),19.066204,72.823131,0,NULL
"CHINCHWADI,_GARTEN_PADA_NO1_BUS","CHINCHWADI, GARTEN PADA NO.1",19.254185,72.87021799999999,0,NULL
AKSHAY_BUS,AKSHAY,19.052271,72.83252899999999,0,NULL
"VASHI_SECTOR_10,15_BUS","VASHI SECTOR 10,15",19.08094,72.999146,0,NULL
MERIND_COMPANY_BUS,MERIND COMPANY,19.161735,72.943997,0,NULL
HUMA_CINEMA_KANJURMARG-W_BUS,HUMA CINEMA (KANJURMARG-W),19.129337,72.92575100000001,0,NULL
OSWAL_PARK_BUS,OSWAL PARK,19.2147,72.9759833,0,NULL
NEIGHBOUR_HOOD_SOCIETY_BUS,NEIGHBOUR HOOD SOCIETY,19.195577,72.878023,0,NULL
SIDDHARTH_NAGAR_GOREGAON-W_NO2_BUS,SIDDHARTH NAGAR (GOREGAON-W) NO.2,19.155041,72.84357300000001,0,NULL
KHETWADI_GIRGAON_BUS,KHETWADI (GIRGAON),18.958164,72.823249,0,NULL
DRAMBEDKAR_CHOWK_GOREGAON-E_BUS,DR.AMBEDKAR CHOWK (GOREGAON-E),19.173629,72.856807,0,NULL
GADI_ADDA_BUS,GADI ADDA,18.9948,72.853914,0,NULL
BLOSSOM_COMPANY_BUS,BLOSSOM COMPANY,19.117082,72.88084600000001,0,NULL
DOCKYARD_COLONY_KANJURMARG-W_BUS,DOCKYARD COLONY (KANJURMARG-W),19.130837,72.926644,0,NULL
AIROLI_SECTOR_17_BUS,AIROLI SECTOR 17,19.152238,72.99295499999999,0,NULL
MODERN_USHA_COLONY_BUS,MODERN USHA COLONY,19.190132,72.83422,0,NULL
SHANTIVAN_ROAD_JUNCTION_OSHIWARA_BUS,SHANTIVAN ROAD JUNCTION (OSHIWARA),19.150742,72.831541,0,NULL
SUDHINDRA_NAGAR_BUS,SUDHINDRA NAGAR,19.2593,72.8604,0,NULL
BANDRA_COLONY_BUS_STATION_BUS,BANDRA COLONY BUS STATION,19.061669,72.850469,0,NULL
JACKERIA_BUNDER_BUS,JACKERIA BUNDER,18.989799,72.846424,0,NULL
"NAVSENA_GATE,_KIROL_VILLAGE_BUS","NAVSENA GATE, KIROL VILLAGE",19.082342,72.895753,0,NULL
DAHANUKAR_WADI_BUS,DAHANUKAR WADI,19.207173,72.83765,0,NULL
CHAKALA_MARKET_BUS,CHAKALA MARKET,18.949102,72.834754,0,NULL
MEHRABAD_BAUG_BUS,MEHRABAD BAUG,19.143917,72.83907499999999,0,NULL
CHAKALA_CIGARETTE_FACTORY_BUS,CHAKALA CIGARETTE FACTORY,19.106682,72.859459,0,NULL
FOREST_CLUB_POWAI_BUS,FOREST CLUB (POWAI),19.114399,72.907145,0,NULL
NIRMAN_BHAVAN_BUS,NIRMAN BHAVAN,18.964034,72.846622,0,NULL
DRMIQBAL_CHOWK_J_J_HOSPITAL_BUS,DR.M.IQBAL CHOWK (J J HOSPITAL),18.963284,72.832161,0,NULL
VASANTRAO_NAIK_CHOWK_TARDEO_BUS,VASANTRAO NAIK CHOWK (TARDEO),18.969821,72.815016,0,NULL
BHARAT_NAGAR_VESAVE_BUS,BHARAT NAGAR (VESAVE),19.125404,72.822351,0,NULL
VIJAY_PRINTING_PRESS_SAKI_NAKA_BUS,VIJAY PRINTING PRESS (SAKI NAKA),19.101626,72.884674,0,NULL
NAVAPADA_UNIT_NO5_AAREY_COLONY_BUS,NAVAPADA UNIT NO.5 (AAREY COLONY),19.157697,72.875998,0,NULL
CHITRA_CINEMA_BUS,CHITRA CINEMA,19.013549,72.84478300000001,0,NULL
CKPCOLONY_BUS,C.K.P.COLONY,19.232022,72.84680899999999,0,NULL
VERSOVA_VIEW_ANDHERI-W_BUS,VERSOVA VIEW (ANDHERI-W),19.124221,72.824119,0,NULL
NENSEY_COLONY_BUS,NENSEY COLONY,19.237678,72.86373500000001,0,NULL
POWAI_VIHAR_COMPLEX_BUS,POWAI VIHAR COMPLEX,19.119186,72.90376999999999,0,NULL
ESIC_NAGAR_BUS,ESIC NAGAR,19.12166,72.82998600000001,0,NULL
SANTOSHI_MATA_MANDIR_MULUND-W_BUS,SANTOSHI MATA MANDIR (MULUND-W),19.183246,72.948322,0,NULL
"MAROL_NAKA,_MATA_RAMABAI_AMBEDKAR_CHOWK_BUS","MAROL NAKA, MATA RAMABAI AMBEDKAR CHOWK",19.108733,72.877515,0,NULL
DOCKYARD_ROAD_RAILWAY_STATION_BUS,DOCKYARD ROAD RAILWAY STATION,18.968116,72.844065,0,NULL
JIJAMATA_BHOSLE_MARG_JUNCTION_CHEMBUR_BUS,JIJAMATA BHOSLE MARG JUNCTION (CHEMBUR),19.069707,72.905905,0,NULL
"MADH_BEACH,_MADH_CHURCH_BUS","MADH BEACH, MADH CHURCH",19.144213,72.79022500000001,0,NULL
VIJAY_PRINTING_PRESS_SAKI_NAKA_BUS,VIJAY PRINTING PRESS (SAKI NAKA),19.101852,72.884807,0,NULL
JJHOSPITAL_NURSING_SOCIETY_MADH_BUS,J.J.HOSPITAL NURSING SOCIETY (MADH),19.184972,72.797742,0,NULL
SATPUDA_SOCIETY_BUS,SATPUDA SOCIETY,19.169949,72.881411,0,NULL
KAVERI_MAHIMA_SOCIETY_GOREGAON-W_BUS,KAVERI MAHIMA SOCIETY (GOREGAON-W),19.167736,72.833496,0,NULL
BALAJI_NAGAR_BUS,BALAJI NAGAR,19.310203,72.850486,0,NULL
JVPDBUS_STATION_BUS,J.V.P.D.BUS STATION,19.116112,72.82901099999999,0,NULL
KASTURBA_GANDHI_CHOWK_CPTANK_BUS,KASTURBA GANDHI CHOWK (C.P.TANK),18.954381,72.825863,0,NULL
SURYA_SHOPPING_CENTRE_BUS,SURYA SHOPPING CENTRE,19.274277,72.869327,0,NULL
DON_BOSCO_SCHOOL_BORIVALI__BUS,DON BOSCO SCHOOL (BORIVALI ),19.231087,72.84074200000001,0,NULL
GHATKOPAR_BUS_STATION_BUS,GHATKOPAR BUS STATION,19.088094,72.91819599999999,0,NULL
VIDHAN_BHAVAN_BUS,VIDHAN BHAVAN,18.925903,72.823266,0,NULL
DOORDARSHAN_WORLI_BUS,DOORDARSHAN (WORLI),19.007306,72.81846899999999,0,NULL
BASANT_TALKIES_BUS,BASANT TALKIES,19.045711,72.90377599999999,0,NULL
CGSDISPENSARY_BUS,C.G.S.DISPENSARY,19.029542,72.86366599999999,0,NULL
PRARTHANALAYA_BUS,PRARTHANALAYA,19.051829,72.821642,0,NULL
TUMNI_PADA_BUS,TUMNI PADA,19.221734,72.88619799999999,0,NULL
GURU_TEG_BAHADUR_NAGAR_STATION_BUS,GURU TEG BAHADUR NAGAR STATION,19.037537,72.86353800000001,0,NULL
"HARI_BHAKTI,_DOVEL_COMPANY_BUS","HARI BHAKTI, DOVEL COMPANY",19.281766,72.88983399999999,0,NULL
PAREL_WORKSHOP_BUS,PAREL WORKSHOP,18.999569,72.837812,0,NULL
TEEN_BATTI__WALKESHWAR_BUS,TEEN BATTI  (WALKESHWAR),18.947446,72.79674900000001,0,NULL
VAISHALI_NAGAR_MULUND-W_BUS,VAISHALI NAGAR (MULUND-W),19.187166,72.945745,0,NULL
AMAR_NAGAR_BUS,AMAR NAGAR,19.167687,72.93188499999999,0,NULL
"PUNCHKUTIR,_GANESH_MANDIR_POWAI_BUS","PUNCHKUTIR, GANESH MANDIR (POWAI)",19.12375,72.909718,0,NULL
"BANDRA_TALKIES,_SHROFF_EYE_HOSPITAL_BUS","BANDRA TALKIES, SHROFF EYE HOSPITAL",19.061082,72.837159,0,NULL
VIJAY_GARDEN_BUS,VIJAY GARDEN,19.259411,72.969995,0,NULL
RAHEJA_COLLEGE_SANTACRUZ-W_BUS,RAHEJA COLLEGE (SANTACRUZ-W),19.085679,72.832437,0,NULL
KHODADAD_CIRCLE_DADAR_TT_BUS,KHODADAD CIRCLE (DADAR TT),19.017853,72.849795,0,NULL
"TARDEO_BUS_STATION,_RUSI_MEHTA_CHOWK_BUS","TARDEO BUS STATION, RUSI MEHTA CHOWK",18.964116,72.820699,0,NULL
ANAND_HOSPITAL_DAHISAR_BUS,ANAND HOSPITAL (DAHISAR),19.2577667,72.85945,0,NULL
DADASAHEB_SARFARE_CHOWK_BUS,DADASAHEB SARFARE CHOWK,19.012802,72.848877,0,NULL
KAMAL_AMROHI_STUDIO_BUS,KAMAL AMROHI STUDIO,19.134569,72.874317,0,NULL
"CHINCHWADI,_GARTEN_PADA_NO1_BUS","CHINCHWADI, GARTEN PADA NO.1",19.254337,72.870109,0,NULL
SANTACRUZ_STATION_W_ROAD_BUS,SANTACRUZ STATION (W) ROAD,19.083198,72.838036,0,NULL
THAKURDWAR_GIRGAON_BUS,THAKURDWAR (GIRGAON),18.953329,72.82100199999999,0,NULL
JEEVAN_BIMA_NAGAR_BORIVALI_-W_BUS,JEEVAN BIMA NAGAR (BORIVALI -W),19.244139,72.850463,0,NULL
WADALA_STATION_W_BUS,WADALA STATION (W),19.018039,72.85959800000001,0,NULL
PODDAR_HOSPITAL_WORLI_BUS,PODDAR HOSPITAL (WORLI),19.003257,72.815955,0,NULL
"CIPLA_COMPANY,_MILITARY_CANTEEN_BUS","CIPLA COMPANY, MILITARY CANTEEN",19.113536,72.92623,0,NULL
DOCKYARD_ROAD_RAILWAY_STATION_BUS,DOCKYARD ROAD RAILWAY STATION,18.966147,72.84433199999999,0,NULL
"INDIRA_NAGAR_KAMANI,_KHALAI_VILLAGE_BUS","INDIRA NAGAR (KAMANI), KHALAI VILLAGE",19.08198,72.893995,0,NULL
COLLECTOR_BUNGALOW_AAREY_COLONY_BUS,COLLECTOR BUNGALOW (AAREY COLONY),19.1524,72.87069,0,NULL
ANDHERI_STATION_W_BUS,ANDHERI STATION (W),19.119231,72.84532799999999,0,NULL
IMAX_CINEMA_BUS,IMAX CINEMA,19.0302,72.88008000000001,0,NULL
OSHIWARA_BRIDGE_BUS,OSHIWARA BRIDGE,19.148401,72.84317799999999,0,NULL
SAIBABA_NAGAR_BORIVALI_-W_BUS,SAIBABA NAGAR (BORIVALI -W),19.217097,72.845174,0,NULL
KENDRIYA_VIDYALAYA_MALAD-W_BUS,KENDRIYA VIDYALAYA (MALAD-W),19.188342,72.798005,0,NULL
"ELECTRIC_HOUSE,_COLABA_DEPOT_BUS","ELECTRIC HOUSE, COLABA DEPOT",18.921084,72.830617,0,NULL
GOREGAON_W_BUS_STATION_BUS,GOREGAON (W) BUS STATION,19.1632667,72.84905000000001,0,NULL
DADAR_STATION_W_BUS,DADAR STATION (W),19.016907,72.840687,0,NULL
BALBHARATI_KANDIVALI-W_BUS,BALBHARATI (KANDIVALI-W),19.199916,72.848733,0,NULL
HANUMAN_MANDIR_KANDIVALI-W_BUS,HANUMAN MANDIR (KANDIVALI-W),19.093638,72.903864,0,NULL
SHREE_RAM_MILL_BUS,SHREE RAM MILL,18.997814,72.822029,0,NULL
ANDHERI_STATION_W_BUS,ANDHERI STATION (W),19.120867,72.845859,0,NULL
JIJAMATA_UDYAN_BYCULLA_BUS,JIJAMATA UDYAN (BYCULLA),18.980803,72.834531,0,NULL
"COLABA_BUS_STATION,_POST_OFFICE_BUS","COLABA BUS STATION, POST OFFICE",18.910931,72.820649,0,NULL
MALAD_STATION_W_BUS,MALAD STATION (W),19.18865,72.8472,0,NULL
RAJKUMAR_ANDHERI-W_BUS,RAJKUMAR (ANDHERI-W),19.126689,72.838831,0,NULL
MAHARSHI_ARVIND_CHOWK_MULUND-W_BUS,MAHARSHI ARVIND CHOWK (MULUND-W),19.175413,72.952848,0,NULL
VASANT_VIHAR_BUS,VASANT VIHAR,19.221929,72.969764,0,NULL
MALBAR_HILL_POLICE_STATION_BUS,MALBAR HILL POLICE STATION,18.950104,72.799718,0,NULL
KALINA_VILLAGE_BUS,KALINA VILLAGE,19.077712,72.864816,0,NULL
VEER_HUTATMA_BHAI_KOTWAL_UDYAN_PLAZA_BUS,VEER HUTATMA BHAI KOTWAL UDYAN (PLAZA),19.020947,72.842251,0,NULL
JOGESHWARI_E_POLICE_STATION_BUS,JOGESHWARI (E) POLICE STATION,19.139446,72.855085,0,NULL
MODERN_USHA_COLONY_BUS,MODERN USHA COLONY,19.190421,72.834154,0,NULL
OMKARESHWAR_MANDIR_BUS,OMKARESHWAR MANDIR,19.229836,72.863502,0,NULL
"DAMU_NAGAR,_MAYUR_MARKET_BUS","DAMU NAGAR, MAYUR MARKET",19.2009833,72.87885,0,NULL
JIJAMATA_BHOSLE_MARG_JUNCTION_CHEMBUR_BUS,JIJAMATA BHOSLE MARG JUNCTION (CHEMBUR),19.069726,72.908537,0,NULL
AIROLI_BUS_STATION_BUS,AIROLI BUS STATION,19.156935,72.998194,0,NULL
MAHARASHTRA_NAGAR_BORIVALI_-W_BUS,MAHARASHTRA NAGAR (BORIVALI -W),19.228637,72.85151,0,NULL
STATE_BANK_MAROL_BUS,STATE BANK (MAROL),19.114967,72.879802,0,NULL
INSPECTOR_KAKLIS_CHOWK_BUS,INSPECTOR KAKLIS CHOWK,18.964394,72.843716,0,NULL
NEW_HIND_MILL_MHADA_COLONY_BUS,NEW HIND MILL MHADA COLONY,18.983951,72.841015,0,NULL
GOVIND_NAGAR_BUS,GOVIND NAGAR,19.234292,72.851421,0,NULL
MULUND_STATION_E_BUS,MULUND STATION (E),19.171601,72.956765,0,NULL
BORIVALI_PHATAK_E_BUS,BORIVALI PHATAK (E),19.233781,72.858231,0,NULL
SHIVAJI_NAGAR_BUS_STATION_BUS,SHIVAJI NAGAR BUS STATION,19.066234,72.929175,0,NULL
ZAKERIA_MASJID_BUS,ZAKERIA MASJID,18.952498,72.83403,0,NULL
KHODADAD_CIRCLE_DADAR_TT_BUS,KHODADAD CIRCLE (DADAR TT),19.018999,72.848484,0,NULL
GOKUL_HEAVEN_KANDIVALI-E_BUS,GOKUL HEAVEN (KANDIVALI-E),19.209774,72.86747,0,NULL
AMULAKH_HIGH_SCHOOL_BUS,AMULAKH HIGH SCHOOL,19.025032,72.859736,0,NULL
"MASINA_HOSPITAL,_RUSTOM_BAUG_BUS","MASINA HOSPITAL, RUSTOM BAUG",18.975872,72.837621,0,NULL
BRAHMAND_PHASE-5_BUS,BRAHMAND PHASE-5,19.244974,72.983548,0,NULL
BAPMARKET_BUS,B.A.P.MARKET,19.073503,73.008466,0,NULL
EVERARD_NAGAR_BUS,EVERARD NAGAR,19.051293,72.876755,0,NULL
BHAYANDER_MARKET_BUS,BHAYANDER MARKET,19.307731,72.85533100000001,0,NULL
VINAY_INDUSTRY_SUBKUCH_MARKET_BUS,VINAY INDUSTRY (SUBKUCH MARKET),19.175174,72.83717900000001,0,NULL
BUDDHAVIHAR_MALVANI_BUS,BUDDHAVIHAR (MALVANI),19.1952167,72.8261333,0,NULL
PARSI_PANCHAYAT_ANDHERI-E_BUS,PARSI PANCHAYAT (ANDHERI-E),19.1248,72.851473,0,NULL
REAY_ROAD_BRIDGE_BUS,REAY ROAD BRIDGE,18.977493,72.84383,0,NULL
PLAY_HOUSE_BUS,PLAY HOUSE,18.961885,72.821888,0,NULL
MADHUR_COLONY_MALAD-W_BUS,MADHUR COLONY (MALAD-W),19.179231,72.839296,0,NULL
YOGI_HILLS_MULUND-W_BUS,YOGI HILLS (MULUND-W),19.1842333,72.9385833,0,NULL
SANT_GADGE_MAHARAJ_CHOWK_SAATRASTA_BUS,SANT GADGE MAHARAJ CHOWK (SAATRASTA),18.980635,72.82662999999999,0,NULL
MAHAPE_NAKA_BUS,MAHAPE NAKA,19.113777,73.00880100000001,0,NULL
"GOREGAON,_OSHIWARA_DEPOT_BUS","GOREGAON, OSHIWARA DEPOT",19.154503,72.835531,0,NULL
BAHAR_CINEMA_BUS,BAHAR CINEMA,19.108233,72.853756,0,NULL
DANA_BAZAR_BUS,DANA BAZAR,19.083729,73.00853499999999,0,NULL
WAGHBIL_BUS,WAGHBIL,19.252663,72.972268,0,NULL
ACHARYA_ATRE_CHOWK_WORLI_NAKA_BUS,ACHARYA ATRE CHOWK (WORLI NAKA),18.997205,72.816739,0,NULL
SHIVAJIRAJE_COMPLEX_KANDIVALI-W_BUS,SHIVAJIRAJE COMPLEX (KANDIVALI-W),19.201174,72.824988,0,NULL
MARINE_LINES_RAILWAY_STATION_BUS,MARINE LINES RAILWAY STATION,18.945788,72.82404699999999,0,NULL
NAVJEEVAN_NAGAR_GOREGAON-E_BUS,NAVJEEVAN NAGAR (GOREGAON-E),19.1528167,72.8805,0,NULL
REAY_ROAD_STATION_BUS,REAY ROAD STATION,18.97613,72.845398,0,NULL
AGARWAL_MUNICIPAL_HOSPITAL_BUS,AGARWAL MUNICIPAL HOSPITAL,19.17853,72.946382,0,NULL
"VASHI_SECTOR_10,15_BUS","VASHI SECTOR 10,15",19.081067,72.999089,0,NULL
MALAD_STATION_W_BUS,MALAD STATION (W),19.18828,72.847381,0,NULL
CARNAC_BUNDER_BUS,CARNAC BUNDER,18.949919,72.840783,0,NULL
KOKANI_PADA_MALAD-E_BUS,KOKANI PADA (MALAD-E),19.18426,72.86387999999999,0,NULL
BANDRA_W_BUS_STATION_BUS,BANDRA (W) BUS STATION,19.05504,72.839814,0,NULL
MONGINIS_ANDHERI-W_BUS,MONGINIS (ANDHERI-W),19.138718,72.831855,0,NULL
"OM_SHIVDARSHAN_SOCIETY,_HANUMAN_NAGAR_BUS","OM SHIVDARSHAN SOCIETY, HANUMAN NAGAR",19.171843,72.874517,0,NULL
PATKAR_COLLEGE_GOREGAON-W_BUS,PATKAR COLLEGE (GOREGAON-W),19.168024,72.84550299999999,0,NULL
MOUNT_POINSUR_CHURCH_BUS,MOUNT POINSUR CHURCH,19.24461,72.85248900000001,0,NULL
"MALVANI_DEPOT,_GAIKWAD_NAGAR_BUS","MALVANI DEPOT, GAIKWAD NAGAR",19.183427,72.819098,0,NULL
"SHIVAJI_MAIDAN,_MADINA_MASJID_BUS","SHIVAJI MAIDAN, MADINA MASJID",19.104111,72.914523,0,NULL
MORARJI_NAGAR_POWAI_BUS,MORARJI NAGAR (POWAI),19.133629,72.897406,0,NULL
GANDHI_MARKET_KINGS_CIRCLE_BUS,GANDHI MARKET (KINGS CIRCLE),19.033614,72.859427,0,NULL
"MACCHIMAR_NAGAR,_RAHEJA_HOSPITAL_MAHIM_BUS","MACCHIMAR NAGAR, RAHEJA HOSPITAL (MAHIM)",19.045764,72.842775,0,NULL
JOGESHWARI_W_BUS_STATION_BUS,JOGESHWARI (W) BUS STATION,19.134103,72.847599,0,NULL
VASHI_NAKA_CHEMBUR_BUS,VASHI NAKA (CHEMBUR),19.034561,72.895657,0,NULL
HAKOBA_BUS,HAKOBA,18.988241,72.83924500000001,0,NULL
CHEMBUR_COLONY_BUS,CHEMBUR COLONY,19.046467,72.893249,0,NULL
HOLY_CROSS_ROAD_BORIVALI_-W_BUS,HOLY CROSS ROAD (BORIVALI -W),19.248529,72.850061,0,NULL
MAKHAMALI_TALAO_BUS,MAKHAMALI TALAO,19.198378,72.97182599999999,0,NULL
LOWER_PAREL_STATION_BUS,LOWER PAREL STATION,18.9982,72.83093700000001,0,NULL
VEER_HUTATMA_BHAI_KOTWAL_UDYAN_PLAZA_BUS,VEER HUTATMA BHAI KOTWAL UDYAN (PLAZA),19.021118,72.84183299999999,0,NULL
DNYANSAGAR_VIDAYALAYA_BUS,DNYANSAGAR VIDAYALAYA,19.145973,72.833389,0,NULL
TAGORE_NAGAR_POST_OFFICE_VIKHROLI-E_BUS,TAGORE NAGAR POST OFFICE (VIKHROLI-E),19.115154,72.932455,0,NULL
CBIQUARTERS_GHATKOPAR-E_BUS,C.B.I.QUARTERS (GHATKOPAR-E),19.081769,72.910833,0,NULL
DIAMOND_PARK_VAKOLA_BUS,DIAMOND PARK (VAKOLA),19.0834667,72.8519167,0,NULL
THANE_STATION_E_BUS,THANE STATION (E),19.184971,72.976513,0,NULL
BHANDUP_POLICE_STATION_BUS,BHANDUP POLICE STATION,19.150641,72.937753,0,NULL
INDIAN_OIL_NAGAR_ANDHERI-W_BUS,INDIAN OIL NAGAR (ANDHERI-W),19.12747,72.831131,0,NULL
DAHISAR_CHECK_NAKA_BUS,DAHISAR CHECK NAKA,19.258379,72.872399,0,NULL
ORKAY_MILL_BUS,ORKAY MILL,19.120736,72.87071299999999,0,NULL
MAHARAJ_BHAVAN_BUS,MAHARAJ BHAVAN,19.137785,72.856398,0,NULL
KAMANI_OIL_INDUSTRIES_CHANDIVLI_BUS,KAMANI OIL INDUSTRIES (CHANDIVLI),19.113282,72.890552,0,NULL
MMRDACOLONY_BUILDING_NO31_BUS,M.M.R.D.A.COLONY BUILDING NO.31,19.017393,72.889319,0,NULL
"VISHAL_HALL,_PRAKASH_STUDIO_BUS","VISHAL HALL, PRAKASH STUDIO",19.118837,72.851715,0,NULL
AMRUT_NAGAR_VIKHROLI-W_BUS,AMRUT NAGAR (VIKHROLI-W),19.101147,72.911863,0,NULL
CHANDAN_CINEMA_BUS,CHANDAN CINEMA,19.114829,72.827691,0,NULL
M-EAST_WARD_OFFICE_GOVANDI-WEST_BUS,M-EAST WARD OFFICE (GOVANDI-WEST),19.05615,72.921159,0,NULL
SHIVAJI_NAGAR_SEWREE_BUS,SHIVAJI NAGAR (SEWREE),19.001277,72.853919,0,NULL
SAHAR_P_&_T_COLONY_NO2_BUS,SAHAR P & T COLONY NO.2,19.10148,72.863406,0,NULL
"GUJRAT_SOCIETY,_DAYALDAS_ROAD_BUS","GUJRAT SOCIETY, DAYALDAS ROAD",19.096947,72.850836,0,NULL
SAI_SHRADDHA_SHOPPING_COMPLEX_MALVANI_BUS,SAI SHRADDHA SHOPPING COMPLEX (MALVANI),19.178655,72.816478,0,NULL
KURLA_BUS_STATION_E_BUS,KURLA BUS STATION (E),19.064449,72.880216,0,NULL
MIRA_ROAD_SECTOR_8_BUS,MIRA ROAD SECTOR 8,19.277346,72.865082,0,NULL
PRABODHANKAR_THACKERAY_NAGAR_BUS_STATION_CHARKOP_BUS,PRABODHANKAR THACKERAY NAGAR BUS STATION (CHARKOP),19.219841,72.828711,0,NULL
PRABHADEVI_BUS,PRABHADEVI,19.016059,72.828492,0,NULL
AAREY_UNIT_NO8_BUS,AAREY UNIT NO.8,19.169425,72.86203500000001,0,NULL
AMBIKA_NAGAR_BUS,AMBIKA NAGAR,19.197664,72.95572799999999,0,NULL
KALA_NAGAR_BANDRA-E_BUS,KALA NAGAR (BANDRA-E),19.056399,72.84626400000001,0,NULL
PETROLEUM_HOUSE_CHURCHGATE_BUS,PETROLEUM HOUSE (CHURCHGATE),18.929165,72.825076,0,NULL
KHERANI_BAUG_BUS,KHERANI BAUG,19.102526,72.898948,0,NULL
"MUNICIPAL_MARKET,_SAIBABA_MANDIR-BORIVALI_-E_BUS","MUNICIPAL MARKET, SAIBABA MANDIR-(BORIVALI -E)",19.240833,72.86827,0,NULL
KURLA_STATION_W_BUS,KURLA STATION (W),19.067258,72.879169,0,NULL
SHASTRI_NAGAR_THANE_BUS,SHASTRI NAGAR (THANE),19.213862,72.95878,0,NULL
STPETER_S_CHURCH_BANDRA-W_BUS,ST.PETER S CHURCH (BANDRA-W),19.054961,72.82956299999999,0,NULL
BHATI_VILLAGE_BUS,BHATI VILLAGE,19.15898,72.78615000000001,0,NULL
"GOVERDHAN_NAGAR,_BORSAPADA_BUS","GOVERDHAN NAGAR, BORSAPADA",19.212165,72.84681399999999,0,NULL
SEAWOOD_DARAVE_RAILWAY_PHATAK_BUS,SEAWOOD DARAVE RAILWAY PHATAK,19.023425,73.01498599999999,0,NULL
JACKERIA_BUNDER_BUS,JACKERIA BUNDER,18.990596,72.848142,0,NULL
"CBDBELAPUR,_KONKAN_BHAVAN_BUS","C.B.D.BELAPUR, KONKAN BHAVAN",19.023505,73.041612,0,NULL
BHAVISHYA_NIDHI_BHAVAN_CHARKOP_BUS,BHAVISHYA NIDHI BHAVAN (CHARKOP),19.215235,72.830968,0,NULL
KHAMBATA_LANE_BUS,KHAMBATA LANE,18.960396,72.82418699999999,0,NULL
HEMA_INDUSTRIAL_ESTATE_BUS,HEMA INDUSTRIAL ESTATE,19.131997,72.862846,0,NULL
VISHWA_PRAGATI_MANDAL_SPORTS_COMPLEX_BUS,VISHWA PRAGATI MANDAL SPORTS COMPLEX,19.259227,72.853297,0,NULL
AGHADI_NAGAR_BUS,AGHADI NAGAR,19.126449,72.859504,0,NULL
WADALA_STATION_W_BUS,WADALA STATION (W),19.017415,72.859019,0,NULL
LOKHANDWALA_COMPLEX_JUNCTION_JOGESHWARI-W_BUS,LOKHANDWALA COMPLEX JUNCTION (JOGESHWARI-W),19.141283,72.83162400000001,0,NULL
JAIBHIM_NAGAR_GOREGAON-E_BUS,JAIBHIM NAGAR (GOREGAON-E),19.170262,72.874831,0,NULL
MITTAL_ESTATE_MAROL_BUS,MITTAL ESTATE (MAROL),19.107532,72.88064199999999,0,NULL
VINAY_INDUSTRY_SUBKUCH_MARKET_BUS,VINAY INDUSTRY (SUBKUCH MARKET),19.174225,72.83678999999999,0,NULL
KAMANI_BUS,KAMANI,19.08522,72.885081,0,NULL
SAHYADRI_SCHOOL_BUS,SAHYADRI SCHOOL,19.198041,72.99382,0,NULL
PODDAR_&_RUIA_COLLEGE_MATUNGA_BUS,PODDAR & RUIA COLLEGE (MATUNGA),19.024285,72.849867,0,NULL
STXAVIERS_HIGH_SCHOOL_THANE_BUS,ST.XAVIERS HIGH SCHOOL (THANE),19.240729,72.97721300000001,0,NULL
"WESTERN_HOTEL,_LAXMI_BAUG_BUS","WESTERN HOTEL, LAXMI BAUG",19.276129,72.889066,0,NULL
"TATA_OIL_MILL,_HINDUSTAN_LEVER_LIMITED_BUS","TATA OIL MILL, HINDUSTAN LEVER LIMITED",18.980835,72.85735099999999,0,NULL
PRABHADEVI_BUS,PRABHADEVI,19.013322,72.82919699999999,0,NULL
GENERAL_ARUN_KUMAR_VAIDYA_MARG_JUNCTION_GOREGAON-E_BUS,GENERAL ARUN KUMAR VAIDYA MARG JUNCTION (GOREGAON-E),19.174619,72.86072,0,NULL
NERUL_SECTOR_2_BUS,NERUL SECTOR 2,19.044148,73.01772,0,NULL
CHHATRAPATI_SHIVAJI_MAHARAJ_TERMINUS_GPO_BUS,CHHATRAPATI SHIVAJI MAHARAJ TERMINUS (GPO),18.938398,72.836765,0,NULL
SHANTI_SUDHA_PARK_JAIN_MANDIR_BUS,SHANTI SUDHA PARK (JAIN MANDIR),19.075671,72.912555,0,NULL
STANTHONY_SCHOOL_BUS,ST.ANTHONY SCHOOL,19.055062,72.90393400000001,0,NULL
TATA_POWER_CENTRE_MAHUL_BUS,TATA POWER CENTRE (MAHUL),19.004308,72.905157,0,NULL
CHIRAG_NAGAR_BUS,CHIRAG NAGAR,19.086553,72.89734799999999,0,NULL
YASHWANTRAO_CHAVAN_PRATISHTHAN_MANTRALAYA_BUS,YASHWANTRAO CHAVAN PRATISHTHAN (MANTRALAYA),18.924478,72.82682699999999,0,NULL
BORIVALI_E_STATION_BUS,BORIVALI (E) STATION,19.230665,72.858727,0,NULL
KALAKILLA_BUS,KALAKILLA,19.04805,72.859171,0,NULL
DAHANUKAR_WADI_BUS,DAHANUKAR WADI,19.207236,72.83733599999999,0,NULL
VASANTRAO_NAIK_CHOWK_TARDEO_BUS,VASANTRAO NAIK CHOWK (TARDEO),18.968683,72.816109,0,NULL
SUBHASH_NAGAR_CHEMBUR-E_BUS,SUBHASH NAGAR (CHEMBUR-E),19.060311,72.90477799999999,0,NULL
"MAHARASHTRA_COLLEGE,_ALEXANDRA_CINEMA_BUS","MAHARASHTRA COLLEGE, ALEXANDRA CINEMA",18.967418,72.827163,0,NULL
GORAI_BRIDGE_BUS,GORAI BRIDGE,19.226065,72.828002,0,NULL
KHODADAD_CIRCLE_DADAR_TT_BUS,KHODADAD CIRCLE (DADAR TT),19.016965,72.845446,0,NULL
KAPUR_BAWDI_BUS,KAPUR BAWDI,19.220682,72.977667,0,NULL
SEVEN_BUNGALOWS_GARDEN_BUS,SEVEN BUNGALOWS GARDEN,19.12857,72.816588,0,NULL
RAJKUMAR_ANDHERI-W_BUS,RAJKUMAR (ANDHERI-W),19.126517,72.838954,0,NULL
SHASTRI_NAGAR_JUHU_BUS,SHASTRI NAGAR (JUHU),19.089917,72.83462900000001,0,NULL
"BHAGATSINGH_NAGAR,_SEJAL_PARK_BUS","BHAGATSINGH NAGAR, SEJAL PARK",19.155371,72.836585,0,NULL
"GOVANDI_STATION_E,_PATWARDHAN_SCHOOL_BUS","GOVANDI STATION (E), PATWARDHAN SCHOOL",19.053737,72.91380599999999,0,NULL
CHRIST_CHURCH_SCHOOL_BUS,CHRIST CHURCH SCHOOL,18.969615,72.829696,0,NULL
MAFCO_MARKET_SANPADA_BUS,MAFCO MARKET (SANPADA),19.070467,73.009139,0,NULL
AMBEDKAR_NAGAR_BHANDUP-W_BUS,AMBEDKAR NAGAR (BHANDUP-W),19.160053,72.93065,0,NULL
WHITE_HOUSE_BUS,WHITE HOUSE,18.950829,72.80192,0,NULL
GOKUL_GARDEN_KANDIVALI-E_BUS,GOKUL GARDEN (KANDIVALI-E),19.211217,72.863114,0,NULL
GORAI_BRIDGE_BUS,GORAI BRIDGE,19.225984,72.82805,0,NULL
VATSALABAI_DESAI_CHOWK_HAJI_ALI_BUS,VATSALABAI DESAI CHOWK (HAJI ALI),18.979865,72.812832,0,NULL
WESTERN_PARK_BUS,WESTERN PARK,19.2735,72.89068330000001,0,NULL
VIKAS_NAGAR_SOCIETY_ANDHERI-E_BUS,VIKAS NAGAR SOCIETY (ANDHERI-E),19.129078,72.86039599999999,0,NULL
SKPATIL_GARDEN_CHARNI_ROAD_BUS,S.K.PATIL GARDEN (CHARNI ROAD),18.95107,72.819817,0,NULL
WORLI_DEPOT_BUS,Worli Depot,19.013569,72.82022600000001,0,NULL
ANIK_DEPOT_/__PRATIKSHANAGAR_DEPOT_BUS,Anik Depot /  Pratikshanagar Depot,19.045593,72.877743,0,NULL
GHATKOPAR_DEPOT_BUS,Ghatkopar Depot,19.086851,72.91835399999999,0,NULL
KURLA_DEPOT_BUS,Kurla Depot,19.075337,72.87589800000001,0,NULL
DINDOSHI_DEPOT_BUS,Dindoshi Depot,19.176006,72.864901,0,NULL
MULUND_DEPOT_BUS,Mulund Depot,19.17497,72.946816,0,NULL
SANTACRUZ_DEPOT_BUS,Santacruz Depot,19.091332,72.83776899999999,0,NULL
COLABA_DEPOT_BUS,Colaba Depot,18.92168,72.830326,0,NULL
SHIVAJINAGAR_DEPOT_BUS,Shivajinagar Depot,19.06648,72.928567,0,NULL
VIKHROLI_DEPOT_BUS,Vikhroli Depot,19.10253,72.919203,0,NULL
MAGTHANE_DEPOT_BUS,Magthane Depot,19.221059,72.86611499999999,0,NULL
MALAVANI_DEPOT_BUS,Malavani Depot,19.181394,72.819216,0,NULL
POISAR_DEPOT_BUS,Poisar Depot,19.213955,72.85013499999999,0,NULL
GORAI_DEPOT_BUS,Gorai Depot,19.232532,72.83031099999999,0,NULL
CENTRAL_DEPOT_BUS,Central Depot,18.968568,72.82424899999999,0,NULL
DEONAR_DEPOT_BUS,Deonar Depot,19.046454,72.912334,0,NULL
MAROL_DEPOT_BUS,Marol Depot,19.118458,72.86526499999999,0,NULL
BANDRA_DEPOT_BUS,Bandra Depot,19.053785,72.839029,0,NULL
WADALA_DEPOT_BUS,Wadala Depot,19.014319,72.85215700000001,0,NULL
GOREGAON_DEPOT/__OSHIWARA_DEPOT_BUS,Goregaon Depot/  Oshiwara Depot,19.153951,72.83609199999999,0,NULL
"DHARAVI_DEPOT,_KALAKILLA_DEPOT_BUS","Dharavi Depot, Kalakilla Depot",19.050511,72.858538,0,NULL
MALAD_DEPOT_BUS,Malad Depot,19.183781,72.83490399999999,0,NULL
BACKBAY_DEPOT_BUS,Backbay Depot,18.909874,72.81590799999999,0,NULL
MAJAS_DEPOT_BUS,Majas Depot,19.138815,72.86532800000001,0,NULL
